student_name,school_name,exam_name,candidate_number
Benchmark Student 0000,Benchmark High School,GPU CPU Timing Test,1000000000
Benchmark Student 0001,Benchmark High School,GPU CPU Timing Test,1000000001
Benchmark Student 0002,Benchmark High School,GPU CPU Timing Test,1000000002
Benchmark Student 0003,Benchmark High School,GPU CPU Timing Test,1000000003
Benchmark Student 0004,Benchmark High School,GPU CPU Timing Test,1000000004
Benchmark Student 0005,Benchmark High School,GPU CPU Timing Test,1000000005
Benchmark Student 0006,Benchmark High School,GPU CPU Timing Test,1000000006
Benchmark Student 0007,Benchmark High School,GPU CPU Timing Test,1000000007
Benchmark Student 0008,Benchmark High School,GPU CPU Timing Test,1000000008
Benchmark Student 0009,Benchmark High School,GPU CPU Timing Test,1000000009
Benchmark Student 0010,Benchmark High School,GPU CPU Timing Test,1000000010
Benchmark Student 0011,Benchmark High School,GPU CPU Timing Test,1000000011
Benchmark Student 0012,Benchmark High School,GPU CPU Timing Test,1000000012
Benchmark Student 0013,Benchmark High School,GPU CPU Timing Test,1000000013
Benchmark Student 0014,Benchmark High School,GPU CPU Timing Test,1000000014
Benchmark Student 0015,Benchmark High School,GPU CPU Timing Test,1000000015
Benchmark Student 0016,Benchmark High School,GPU CPU Timing Test,1000000016
Benchmark Student 0017,Benchmark High School,GPU CPU Timing Test,1000000017
Benchmark Student 0018,Benchmark High School,GPU CPU Timing Test,1000000018
Benchmark Student 0019,Benchmark High School,GPU CPU Timing Test,1000000019
Benchmark Student 0020,Benchmark High School,GPU CPU Timing Test,1000000020
Benchmark Student 0021,Benchmark High School,GPU CPU Timing Test,1000000021
Benchmark Student 0022,Benchmark High School,GPU CPU Timing Test,1000000022
Benchmark Student 0023,Benchmark High School,GPU CPU Timing Test,1000000023
Benchmark Student 0024,Benchmark High School,GPU CPU Timing Test,1000000024
Benchmark Student 0025,Benchmark High School,GPU CPU Timing Test,1000000025
Benchmark Student 0026,Benchmark High School,GPU CPU Timing Test,1000000026
Benchmark Student 0027,Benchmark High School,GPU CPU Timing Test,1000000027
Benchmark Student 0028,Benchmark High School,GPU CPU Timing Test,1000000028
Benchmark Student 0029,Benchmark High School,GPU CPU Timing Test,1000000029
Benchmark Student 0030,Benchmark High School,GPU CPU Timing Test,1000000030
Benchmark Student 0031,Benchmark High School,GPU CPU Timing Test,1000000031
Benchmark Student 0032,Benchmark High School,GPU CPU Timing Test,1000000032
Benchmark Student 0033,Benchmark High School,GPU CPU Timing Test,1000000033
Benchmark Student 0034,Benchmark High School,GPU CPU Timing Test,1000000034
Benchmark Student 0035,Benchmark High School,GPU CPU Timing Test,1000000035
Benchmark Student 0036,Benchmark High School,GPU CPU Timing Test,1000000036
Benchmark Student 0037,Benchmark High School,GPU CPU Timing Test,1000000037
Benchmark Student 0038,Benchmark High School,GPU CPU Timing Test,1000000038
Benchmark Student 0039,Benchmark High School,GPU CPU Timing Test,1000000039
Benchmark Student 0040,Benchmark High School,GPU CPU Timing Test,1000000040
Benchmark Student 0041,Benchmark High School,GPU CPU Timing Test,1000000041
Benchmark Student 0042,Benchmark High School,GPU CPU Timing Test,1000000042
Benchmark Student 0043,Benchmark High School,GPU CPU Timing Test,1000000043
Benchmark Student 0044,Benchmark High School,GPU CPU Timing Test,1000000044
Benchmark Student 0045,Benchmark High School,GPU CPU Timing Test,1000000045
Benchmark Student 0046,Benchmark High School,GPU CPU Timing Test,1000000046
Benchmark Student 0047,Benchmark High School,GPU CPU Timing Test,1000000047
Benchmark Student 0048,Benchmark High School,GPU CPU Timing Test,1000000048
Benchmark Student 0049,Benchmark High School,GPU CPU Timing Test,1000000049
Benchmark Student 0050,Benchmark High School,GPU CPU Timing Test,1000000050
Benchmark Student 0051,Benchmark High School,GPU CPU Timing Test,1000000051
Benchmark Student 0052,Benchmark High School,GPU CPU Timing Test,1000000052
Benchmark Student 0053,Benchmark High School,GPU CPU Timing Test,1000000053
Benchmark Student 0054,Benchmark High School,GPU CPU Timing Test,1000000054
Benchmark Student 0055,Benchmark High School,GPU CPU Timing Test,1000000055
Benchmark Student 0056,Benchmark High School,GPU CPU Timing Test,1000000056
Benchmark Student 0057,Benchmark High School,GPU CPU Timing Test,1000000057
Benchmark Student 0058,Benchmark High School,GPU CPU Timing Test,1000000058
Benchmark Student 0059,Benchmark High School,GPU CPU Timing Test,1000000059
Benchmark Student 0060,Benchmark High School,GPU CPU Timing Test,1000000060
Benchmark Student 0061,Benchmark High School,GPU CPU Timing Test,1000000061
Benchmark Student 0062,Benchmark High School,GPU CPU Timing Test,1000000062
Benchmark Student 0063,Benchmark High School,GPU CPU Timing Test,1000000063
Benchmark Student 0064,Benchmark High School,GPU CPU Timing Test,1000000064
Benchmark Student 0065,Benchmark High School,GPU CPU Timing Test,1000000065
Benchmark Student 0066,Benchmark High School,GPU CPU Timing Test,1000000066
Benchmark Student 0067,Benchmark High School,GPU CPU Timing Test,1000000067
Benchmark Student 0068,Benchmark High School,GPU CPU Timing Test,1000000068
Benchmark Student 0069,Benchmark High School,GPU CPU Timing Test,1000000069
Benchmark Student 0070,Benchmark High School,GPU CPU Timing Test,1000000070
Benchmark Student 0071,Benchmark High School,GPU CPU Timing Test,1000000071
Benchmark Student 0072,Benchmark High School,GPU CPU Timing Test,1000000072
Benchmark Student 0073,Benchmark High School,GPU CPU Timing Test,1000000073
Benchmark Student 0074,Benchmark High School,GPU CPU Timing Test,1000000074
Benchmark Student 0075,Benchmark High School,GPU CPU Timing Test,1000000075
Benchmark Student 0076,Benchmark High School,GPU CPU Timing Test,1000000076
Benchmark Student 0077,Benchmark High School,GPU CPU Timing Test,1000000077
Benchmark Student 0078,Benchmark High School,GPU CPU Timing Test,1000000078
Benchmark Student 0079,Benchmark High School,GPU CPU Timing Test,1000000079
Benchmark Student 0080,Benchmark High School,GPU CPU Timing Test,1000000080
Benchmark Student 0081,Benchmark High School,GPU CPU Timing Test,1000000081
Benchmark Student 0082,Benchmark High School,GPU CPU Timing Test,1000000082
Benchmark Student 0083,Benchmark High School,GPU CPU Timing Test,1000000083
Benchmark Student 0084,Benchmark High School,GPU CPU Timing Test,1000000084
Benchmark Student 0085,Benchmark High School,GPU CPU Timing Test,1000000085
Benchmark Student 0086,Benchmark High School,GPU CPU Timing Test,1000000086
Benchmark Student 0087,Benchmark High School,GPU CPU Timing Test,1000000087
Benchmark Student 0088,Benchmark High School,GPU CPU Timing Test,1000000088
Benchmark Student 0089,Benchmark High School,GPU CPU Timing Test,1000000089
Benchmark Student 0090,Benchmark High School,GPU CPU Timing Test,1000000090
Benchmark Student 0091,Benchmark High School,GPU CPU Timing Test,1000000091
Benchmark Student 0092,Benchmark High School,GPU CPU Timing Test,1000000092
Benchmark Student 0093,Benchmark High School,GPU CPU Timing Test,1000000093
Benchmark Student 0094,Benchmark High School,GPU CPU Timing Test,1000000094
Benchmark Student 0095,Benchmark High School,GPU CPU Timing Test,1000000095
Benchmark Student 0096,Benchmark High School,GPU CPU Timing Test,1000000096
Benchmark Student 0097,Benchmark High School,GPU CPU Timing Test,1000000097
Benchmark Student 0098,Benchmark High School,GPU CPU Timing Test,1000000098
Benchmark Student 0099,Benchmark High School,GPU CPU Timing Test,1000000099
Benchmark Student 0100,Benchmark High School,GPU CPU Timing Test,1000000100
Benchmark Student 0101,Benchmark High School,GPU CPU Timing Test,1000000101
Benchmark Student 0102,Benchmark High School,GPU CPU Timing Test,1000000102
Benchmark Student 0103,Benchmark High School,GPU CPU Timing Test,1000000103
Benchmark Student 0104,Benchmark High School,GPU CPU Timing Test,1000000104
Benchmark Student 0105,Benchmark High School,GPU CPU Timing Test,1000000105
Benchmark Student 0106,Benchmark High School,GPU CPU Timing Test,1000000106
Benchmark Student 0107,Benchmark High School,GPU CPU Timing Test,1000000107
Benchmark Student 0108,Benchmark High School,GPU CPU Timing Test,1000000108
Benchmark Student 0109,Benchmark High School,GPU CPU Timing Test,1000000109
Benchmark Student 0110,Benchmark High School,GPU CPU Timing Test,1000000110
Benchmark Student 0111,Benchmark High School,GPU CPU Timing Test,1000000111
Benchmark Student 0112,Benchmark High School,GPU CPU Timing Test,1000000112
Benchmark Student 0113,Benchmark High School,GPU CPU Timing Test,1000000113
Benchmark Student 0114,Benchmark High School,GPU CPU Timing Test,1000000114
Benchmark Student 0115,Benchmark High School,GPU CPU Timing Test,1000000115
Benchmark Student 0116,Benchmark High School,GPU CPU Timing Test,1000000116
Benchmark Student 0117,Benchmark High School,GPU CPU Timing Test,1000000117
Benchmark Student 0118,Benchmark High School,GPU CPU Timing Test,1000000118
Benchmark Student 0119,Benchmark High School,GPU CPU Timing Test,1000000119
Benchmark Student 0120,Benchmark High School,GPU CPU Timing Test,1000000120
Benchmark Student 0121,Benchmark High School,GPU CPU Timing Test,1000000121
Benchmark Student 0122,Benchmark High School,GPU CPU Timing Test,1000000122
Benchmark Student 0123,Benchmark High School,GPU CPU Timing Test,1000000123
Benchmark Student 0124,Benchmark High School,GPU CPU Timing Test,1000000124
Benchmark Student 0125,Benchmark High School,GPU CPU Timing Test,1000000125
Benchmark Student 0126,Benchmark High School,GPU CPU Timing Test,1000000126
Benchmark Student 0127,Benchmark High School,GPU CPU Timing Test,1000000127
Benchmark Student 0128,Benchmark High School,GPU CPU Timing Test,1000000128
Benchmark Student 0129,Benchmark High School,GPU CPU Timing Test,1000000129
Benchmark Student 0130,Benchmark High School,GPU CPU Timing Test,1000000130
Benchmark Student 0131,Benchmark High School,GPU CPU Timing Test,1000000131
Benchmark Student 0132,Benchmark High School,GPU CPU Timing Test,1000000132
Benchmark Student 0133,Benchmark High School,GPU CPU Timing Test,1000000133
Benchmark Student 0134,Benchmark High School,GPU CPU Timing Test,1000000134
Benchmark Student 0135,Benchmark High School,GPU CPU Timing Test,1000000135
Benchmark Student 0136,Benchmark High School,GPU CPU Timing Test,1000000136
Benchmark Student 0137,Benchmark High School,GPU CPU Timing Test,1000000137
Benchmark Student 0138,Benchmark High School,GPU CPU Timing Test,1000000138
Benchmark Student 0139,Benchmark High School,GPU CPU Timing Test,1000000139
Benchmark Student 0140,Benchmark High School,GPU CPU Timing Test,1000000140
Benchmark Student 0141,Benchmark High School,GPU CPU Timing Test,1000000141
Benchmark Student 0142,Benchmark High School,GPU CPU Timing Test,1000000142
Benchmark Student 0143,Benchmark High School,GPU CPU Timing Test,1000000143
Benchmark Student 0144,Benchmark High School,GPU CPU Timing Test,1000000144
Benchmark Student 0145,Benchmark High School,GPU CPU Timing Test,1000000145
Benchmark Student 0146,Benchmark High School,GPU CPU Timing Test,1000000146
Benchmark Student 0147,Benchmark High School,GPU CPU Timing Test,1000000147
Benchmark Student 0148,Benchmark High School,GPU CPU Timing Test,1000000148
Benchmark Student 0149,Benchmark High School,GPU CPU Timing Test,1000000149
Benchmark Student 0150,Benchmark High School,GPU CPU Timing Test,1000000150
Benchmark Student 0151,Benchmark High School,GPU CPU Timing Test,1000000151
Benchmark Student 0152,Benchmark High School,GPU CPU Timing Test,1000000152
Benchmark Student 0153,Benchmark High School,GPU CPU Timing Test,1000000153
Benchmark Student 0154,Benchmark High School,GPU CPU Timing Test,1000000154
Benchmark Student 0155,Benchmark High School,GPU CPU Timing Test,1000000155
Benchmark Student 0156,Benchmark High School,GPU CPU Timing Test,1000000156
Benchmark Student 0157,Benchmark High School,GPU CPU Timing Test,1000000157
Benchmark Student 0158,Benchmark High School,GPU CPU Timing Test,1000000158
Benchmark Student 0159,Benchmark High School,GPU CPU Timing Test,1000000159
Benchmark Student 0160,Benchmark High School,GPU CPU Timing Test,1000000160
Benchmark Student 0161,Benchmark High School,GPU CPU Timing Test,1000000161
Benchmark Student 0162,Benchmark High School,GPU CPU Timing Test,1000000162
Benchmark Student 0163,Benchmark High School,GPU CPU Timing Test,1000000163
Benchmark Student 0164,Benchmark High School,GPU CPU Timing Test,1000000164
Benchmark Student 0165,Benchmark High School,GPU CPU Timing Test,1000000165
Benchmark Student 0166,Benchmark High School,GPU CPU Timing Test,1000000166
Benchmark Student 0167,Benchmark High School,GPU CPU Timing Test,1000000167
Benchmark Student 0168,Benchmark High School,GPU CPU Timing Test,1000000168
Benchmark Student 0169,Benchmark High School,GPU CPU Timing Test,1000000169
Benchmark Student 0170,Benchmark High School,GPU CPU Timing Test,1000000170
Benchmark Student 0171,Benchmark High School,GPU CPU Timing Test,1000000171
Benchmark Student 0172,Benchmark High School,GPU CPU Timing Test,1000000172
Benchmark Student 0173,Benchmark High School,GPU CPU Timing Test,1000000173
Benchmark Student 0174,Benchmark High School,GPU CPU Timing Test,1000000174
Benchmark Student 0175,Benchmark High School,GPU CPU Timing Test,1000000175
Benchmark Student 0176,Benchmark High School,GPU CPU Timing Test,1000000176
Benchmark Student 0177,Benchmark High School,GPU CPU Timing Test,1000000177
Benchmark Student 0178,Benchmark High School,GPU CPU Timing Test,1000000178
Benchmark Student 0179,Benchmark High School,GPU CPU Timing Test,1000000179
Benchmark Student 0180,Benchmark High School,GPU CPU Timing Test,1000000180
Benchmark Student 0181,Benchmark High School,GPU CPU Timing Test,1000000181
Benchmark Student 0182,Benchmark High School,GPU CPU Timing Test,1000000182
Benchmark Student 0183,Benchmark High School,GPU CPU Timing Test,1000000183
Benchmark Student 0184,Benchmark High School,GPU CPU Timing Test,1000000184
Benchmark Student 0185,Benchmark High School,GPU CPU Timing Test,1000000185
Benchmark Student 0186,Benchmark High School,GPU CPU Timing Test,1000000186
Benchmark Student 0187,Benchmark High School,GPU CPU Timing Test,1000000187
Benchmark Student 0188,Benchmark High School,GPU CPU Timing Test,1000000188
Benchmark Student 0189,Benchmark High School,GPU CPU Timing Test,1000000189
Benchmark Student 0190,Benchmark High School,GPU CPU Timing Test,1000000190
Benchmark Student 0191,Benchmark High School,GPU CPU Timing Test,1000000191
Benchmark Student 0192,Benchmark High School,GPU CPU Timing Test,1000000192
Benchmark Student 0193,Benchmark High School,GPU CPU Timing Test,1000000193
Benchmark Student 0194,Benchmark High School,GPU CPU Timing Test,1000000194
Benchmark Student 0195,Benchmark High School,GPU CPU Timing Test,1000000195
Benchmark Student 0196,Benchmark High School,GPU CPU Timing Test,1000000196
Benchmark Student 0197,Benchmark High School,GPU CPU Timing Test,1000000197
Benchmark Student 0198,Benchmark High School,GPU CPU Timing Test,1000000198
Benchmark Student 0199,Benchmark High School,GPU CPU Timing Test,1000000199
Benchmark Student 0200,Benchmark High School,GPU CPU Timing Test,1000000200
Benchmark Student 0201,Benchmark High School,GPU CPU Timing Test,1000000201
Benchmark Student 0202,Benchmark High School,GPU CPU Timing Test,1000000202
Benchmark Student 0203,Benchmark High School,GPU CPU Timing Test,1000000203
Benchmark Student 0204,Benchmark High School,GPU CPU Timing Test,1000000204
Benchmark Student 0205,Benchmark High School,GPU CPU Timing Test,1000000205
Benchmark Student 0206,Benchmark High School,GPU CPU Timing Test,1000000206
Benchmark Student 0207,Benchmark High School,GPU CPU Timing Test,1000000207
Benchmark Student 0208,Benchmark High School,GPU CPU Timing Test,1000000208
Benchmark Student 0209,Benchmark High School,GPU CPU Timing Test,1000000209
Benchmark Student 0210,Benchmark High School,GPU CPU Timing Test,1000000210
Benchmark Student 0211,Benchmark High School,GPU CPU Timing Test,1000000211
Benchmark Student 0212,Benchmark High School,GPU CPU Timing Test,1000000212
Benchmark Student 0213,Benchmark High School,GPU CPU Timing Test,1000000213
Benchmark Student 0214,Benchmark High School,GPU CPU Timing Test,1000000214
Benchmark Student 0215,Benchmark High School,GPU CPU Timing Test,1000000215
Benchmark Student 0216,Benchmark High School,GPU CPU Timing Test,1000000216
Benchmark Student 0217,Benchmark High School,GPU CPU Timing Test,1000000217
Benchmark Student 0218,Benchmark High School,GPU CPU Timing Test,1000000218
Benchmark Student 0219,Benchmark High School,GPU CPU Timing Test,1000000219
Benchmark Student 0220,Benchmark High School,GPU CPU Timing Test,1000000220
Benchmark Student 0221,Benchmark High School,GPU CPU Timing Test,1000000221
Benchmark Student 0222,Benchmark High School,GPU CPU Timing Test,1000000222
Benchmark Student 0223,Benchmark High School,GPU CPU Timing Test,1000000223
Benchmark Student 0224,Benchmark High School,GPU CPU Timing Test,1000000224
Benchmark Student 0225,Benchmark High School,GPU CPU Timing Test,1000000225
Benchmark Student 0226,Benchmark High School,GPU CPU Timing Test,1000000226
Benchmark Student 0227,Benchmark High School,GPU CPU Timing Test,1000000227
Benchmark Student 0228,Benchmark High School,GPU CPU Timing Test,1000000228
Benchmark Student 0229,Benchmark High School,GPU CPU Timing Test,1000000229
Benchmark Student 0230,Benchmark High School,GPU CPU Timing Test,1000000230
Benchmark Student 0231,Benchmark High School,GPU CPU Timing Test,1000000231
Benchmark Student 0232,Benchmark High School,GPU CPU Timing Test,1000000232
Benchmark Student 0233,Benchmark High School,GPU CPU Timing Test,1000000233
Benchmark Student 0234,Benchmark High School,GPU CPU Timing Test,1000000234
Benchmark Student 0235,Benchmark High School,GPU CPU Timing Test,1000000235
Benchmark Student 0236,Benchmark High School,GPU CPU Timing Test,1000000236
Benchmark Student 0237,Benchmark High School,GPU CPU Timing Test,1000000237
Benchmark Student 0238,Benchmark High School,GPU CPU Timing Test,1000000238
Benchmark Student 0239,Benchmark High School,GPU CPU Timing Test,1000000239
Benchmark Student 0240,Benchmark High School,GPU CPU Timing Test,1000000240
Benchmark Student 0241,Benchmark High School,GPU CPU Timing Test,1000000241
Benchmark Student 0242,Benchmark High School,GPU CPU Timing Test,1000000242
Benchmark Student 0243,Benchmark High School,GPU CPU Timing Test,1000000243
Benchmark Student 0244,Benchmark High School,GPU CPU Timing Test,1000000244
Benchmark Student 0245,Benchmark High School,GPU CPU Timing Test,1000000245
Benchmark Student 0246,Benchmark High School,GPU CPU Timing Test,1000000246
Benchmark Student 0247,Benchmark High School,GPU CPU Timing Test,1000000247
Benchmark Student 0248,Benchmark High School,GPU CPU Timing Test,1000000248
Benchmark Student 0249,Benchmark High School,GPU CPU Timing Test,1000000249
Benchmark Student 0250,Benchmark High School,GPU CPU Timing Test,1000000250
Benchmark Student 0251,Benchmark High School,GPU CPU Timing Test,1000000251
Benchmark Student 0252,Benchmark High School,GPU CPU Timing Test,1000000252
Benchmark Student 0253,Benchmark High School,GPU CPU Timing Test,1000000253
Benchmark Student 0254,Benchmark High School,GPU CPU Timing Test,1000000254
Benchmark Student 0255,Benchmark High School,GPU CPU Timing Test,1000000255
Benchmark Student 0256,Benchmark High School,GPU CPU Timing Test,1000000256
Benchmark Student 0257,Benchmark High School,GPU CPU Timing Test,1000000257
Benchmark Student 0258,Benchmark High School,GPU CPU Timing Test,1000000258
Benchmark Student 0259,Benchmark High School,GPU CPU Timing Test,1000000259
Benchmark Student 0260,Benchmark High School,GPU CPU Timing Test,1000000260
Benchmark Student 0261,Benchmark High School,GPU CPU Timing Test,1000000261
Benchmark Student 0262,Benchmark High School,GPU CPU Timing Test,1000000262
Benchmark Student 0263,Benchmark High School,GPU CPU Timing Test,1000000263
Benchmark Student 0264,Benchmark High School,GPU CPU Timing Test,1000000264
Benchmark Student 0265,Benchmark High School,GPU CPU Timing Test,1000000265
Benchmark Student 0266,Benchmark High School,GPU CPU Timing Test,1000000266
Benchmark Student 0267,Benchmark High School,GPU CPU Timing Test,1000000267
Benchmark Student 0268,Benchmark High School,GPU CPU Timing Test,1000000268
Benchmark Student 0269,Benchmark High School,GPU CPU Timing Test,1000000269
Benchmark Student 0270,Benchmark High School,GPU CPU Timing Test,1000000270
Benchmark Student 0271,Benchmark High School,GPU CPU Timing Test,1000000271
Benchmark Student 0272,Benchmark High School,GPU CPU Timing Test,1000000272
Benchmark Student 0273,Benchmark High School,GPU CPU Timing Test,1000000273
Benchmark Student 0274,Benchmark High School,GPU CPU Timing Test,1000000274
Benchmark Student 0275,Benchmark High School,GPU CPU Timing Test,1000000275
Benchmark Student 0276,Benchmark High School,GPU CPU Timing Test,1000000276
Benchmark Student 0277,Benchmark High School,GPU CPU Timing Test,1000000277
Benchmark Student 0278,Benchmark High School,GPU CPU Timing Test,1000000278
Benchmark Student 0279,Benchmark High School,GPU CPU Timing Test,1000000279
Benchmark Student 0280,Benchmark High School,GPU CPU Timing Test,1000000280
Benchmark Student 0281,Benchmark High School,GPU CPU Timing Test,1000000281
Benchmark Student 0282,Benchmark High School,GPU CPU Timing Test,1000000282
Benchmark Student 0283,Benchmark High School,GPU CPU Timing Test,1000000283
Benchmark Student 0284,Benchmark High School,GPU CPU Timing Test,1000000284
Benchmark Student 0285,Benchmark High School,GPU CPU Timing Test,1000000285
Benchmark Student 0286,Benchmark High School,GPU CPU Timing Test,1000000286
Benchmark Student 0287,Benchmark High School,GPU CPU Timing Test,1000000287
Benchmark Student 0288,Benchmark High School,GPU CPU Timing Test,1000000288
Benchmark Student 0289,Benchmark High School,GPU CPU Timing Test,1000000289
Benchmark Student 0290,Benchmark High School,GPU CPU Timing Test,1000000290
Benchmark Student 0291,Benchmark High School,GPU CPU Timing Test,1000000291
Benchmark Student 0292,Benchmark High School,GPU CPU Timing Test,1000000292
Benchmark Student 0293,Benchmark High School,GPU CPU Timing Test,1000000293
Benchmark Student 0294,Benchmark High School,GPU CPU Timing Test,1000000294
Benchmark Student 0295,Benchmark High School,GPU CPU Timing Test,1000000295
Benchmark Student 0296,Benchmark High School,GPU CPU Timing Test,1000000296
Benchmark Student 0297,Benchmark High School,GPU CPU Timing Test,1000000297
Benchmark Student 0298,Benchmark High School,GPU CPU Timing Test,1000000298
Benchmark Student 0299,Benchmark High School,GPU CPU Timing Test,1000000299
Benchmark Student 0300,Benchmark High School,GPU CPU Timing Test,1000000300
Benchmark Student 0301,Benchmark High School,GPU CPU Timing Test,1000000301
Benchmark Student 0302,Benchmark High School,GPU CPU Timing Test,1000000302
Benchmark Student 0303,Benchmark High School,GPU CPU Timing Test,1000000303
Benchmark Student 0304,Benchmark High School,GPU CPU Timing Test,1000000304
Benchmark Student 0305,Benchmark High School,GPU CPU Timing Test,1000000305
Benchmark Student 0306,Benchmark High School,GPU CPU Timing Test,1000000306
Benchmark Student 0307,Benchmark High School,GPU CPU Timing Test,1000000307
Benchmark Student 0308,Benchmark High School,GPU CPU Timing Test,1000000308
Benchmark Student 0309,Benchmark High School,GPU CPU Timing Test,1000000309
Benchmark Student 0310,Benchmark High School,GPU CPU Timing Test,1000000310
Benchmark Student 0311,Benchmark High School,GPU CPU Timing Test,1000000311
Benchmark Student 0312,Benchmark High School,GPU CPU Timing Test,1000000312
Benchmark Student 0313,Benchmark High School,GPU CPU Timing Test,1000000313
Benchmark Student 0314,Benchmark High School,GPU CPU Timing Test,1000000314
Benchmark Student 0315,Benchmark High School,GPU CPU Timing Test,1000000315
Benchmark Student 0316,Benchmark High School,GPU CPU Timing Test,1000000316
Benchmark Student 0317,Benchmark High School,GPU CPU Timing Test,1000000317
Benchmark Student 0318,Benchmark High School,GPU CPU Timing Test,1000000318
Benchmark Student 0319,Benchmark High School,GPU CPU Timing Test,1000000319
Benchmark Student 0320,Benchmark High School,GPU CPU Timing Test,1000000320
Benchmark Student 0321,Benchmark High School,GPU CPU Timing Test,1000000321
Benchmark Student 0322,Benchmark High School,GPU CPU Timing Test,1000000322
Benchmark Student 0323,Benchmark High School,GPU CPU Timing Test,1000000323
Benchmark Student 0324,Benchmark High School,GPU CPU Timing Test,1000000324
Benchmark Student 0325,Benchmark High School,GPU CPU Timing Test,1000000325
Benchmark Student 0326,Benchmark High School,GPU CPU Timing Test,1000000326
Benchmark Student 0327,Benchmark High School,GPU CPU Timing Test,1000000327
Benchmark Student 0328,Benchmark High School,GPU CPU Timing Test,1000000328
Benchmark Student 0329,Benchmark High School,GPU CPU Timing Test,1000000329
Benchmark Student 0330,Benchmark High School,GPU CPU Timing Test,1000000330
Benchmark Student 0331,Benchmark High School,GPU CPU Timing Test,1000000331
Benchmark Student 0332,Benchmark High School,GPU CPU Timing Test,1000000332
Benchmark Student 0333,Benchmark High School,GPU CPU Timing Test,1000000333
Benchmark Student 0334,Benchmark High School,GPU CPU Timing Test,1000000334
Benchmark Student 0335,Benchmark High School,GPU CPU Timing Test,1000000335
Benchmark Student 0336,Benchmark High School,GPU CPU Timing Test,1000000336
Benchmark Student 0337,Benchmark High School,GPU CPU Timing Test,1000000337
Benchmark Student 0338,Benchmark High School,GPU CPU Timing Test,1000000338
Benchmark Student 0339,Benchmark High School,GPU CPU Timing Test,1000000339
Benchmark Student 0340,Benchmark High School,GPU CPU Timing Test,1000000340
Benchmark Student 0341,Benchmark High School,GPU CPU Timing Test,1000000341
Benchmark Student 0342,Benchmark High School,GPU CPU Timing Test,1000000342
Benchmark Student 0343,Benchmark High School,GPU CPU Timing Test,1000000343
Benchmark Student 0344,Benchmark High School,GPU CPU Timing Test,1000000344
Benchmark Student 0345,Benchmark High School,GPU CPU Timing Test,1000000345
Benchmark Student 0346,Benchmark High School,GPU CPU Timing Test,1000000346
Benchmark Student 0347,Benchmark High School,GPU CPU Timing Test,1000000347
Benchmark Student 0348,Benchmark High School,GPU CPU Timing Test,1000000348
Benchmark Student 0349,Benchmark High School,GPU CPU Timing Test,1000000349
Benchmark Student 0350,Benchmark High School,GPU CPU Timing Test,1000000350
Benchmark Student 0351,Benchmark High School,GPU CPU Timing Test,1000000351
Benchmark Student 0352,Benchmark High School,GPU CPU Timing Test,1000000352
Benchmark Student 0353,Benchmark High School,GPU CPU Timing Test,1000000353
Benchmark Student 0354,Benchmark High School,GPU CPU Timing Test,1000000354
Benchmark Student 0355,Benchmark High School,GPU CPU Timing Test,1000000355
Benchmark Student 0356,Benchmark High School,GPU CPU Timing Test,1000000356
Benchmark Student 0357,Benchmark High School,GPU CPU Timing Test,1000000357
Benchmark Student 0358,Benchmark High School,GPU CPU Timing Test,1000000358
Benchmark Student 0359,Benchmark High School,GPU CPU Timing Test,1000000359
Benchmark Student 0360,Benchmark High School,GPU CPU Timing Test,1000000360
Benchmark Student 0361,Benchmark High School,GPU CPU Timing Test,1000000361
Benchmark Student 0362,Benchmark High School,GPU CPU Timing Test,1000000362
Benchmark Student 0363,Benchmark High School,GPU CPU Timing Test,1000000363
Benchmark Student 0364,Benchmark High School,GPU CPU Timing Test,1000000364
Benchmark Student 0365,Benchmark High School,GPU CPU Timing Test,1000000365
Benchmark Student 0366,Benchmark High School,GPU CPU Timing Test,1000000366
Benchmark Student 0367,Benchmark High School,GPU CPU Timing Test,1000000367
Benchmark Student 0368,Benchmark High School,GPU CPU Timing Test,1000000368
Benchmark Student 0369,Benchmark High School,GPU CPU Timing Test,1000000369
Benchmark Student 0370,Benchmark High School,GPU CPU Timing Test,1000000370
Benchmark Student 0371,Benchmark High School,GPU CPU Timing Test,1000000371
Benchmark Student 0372,Benchmark High School,GPU CPU Timing Test,1000000372
Benchmark Student 0373,Benchmark High School,GPU CPU Timing Test,1000000373
Benchmark Student 0374,Benchmark High School,GPU CPU Timing Test,1000000374
Benchmark Student 0375,Benchmark High School,GPU CPU Timing Test,1000000375
Benchmark Student 0376,Benchmark High School,GPU CPU Timing Test,1000000376
Benchmark Student 0377,Benchmark High School,GPU CPU Timing Test,1000000377
Benchmark Student 0378,Benchmark High School,GPU CPU Timing Test,1000000378
Benchmark Student 0379,Benchmark High School,GPU CPU Timing Test,1000000379
Benchmark Student 0380,Benchmark High School,GPU CPU Timing Test,1000000380
Benchmark Student 0381,Benchmark High School,GPU CPU Timing Test,1000000381
Benchmark Student 0382,Benchmark High School,GPU CPU Timing Test,1000000382
Benchmark Student 0383,Benchmark High School,GPU CPU Timing Test,1000000383
Benchmark Student 0384,Benchmark High School,GPU CPU Timing Test,1000000384
Benchmark Student 0385,Benchmark High School,GPU CPU Timing Test,1000000385
Benchmark Student 0386,Benchmark High School,GPU CPU Timing Test,1000000386
Benchmark Student 0387,Benchmark High School,GPU CPU Timing Test,1000000387
Benchmark Student 0388,Benchmark High School,GPU CPU Timing Test,1000000388
Benchmark Student 0389,Benchmark High School,GPU CPU Timing Test,1000000389
Benchmark Student 0390,Benchmark High School,GPU CPU Timing Test,1000000390
Benchmark Student 0391,Benchmark High School,GPU CPU Timing Test,1000000391
Benchmark Student 0392,Benchmark High School,GPU CPU Timing Test,1000000392
Benchmark Student 0393,Benchmark High School,GPU CPU Timing Test,1000000393
Benchmark Student 0394,Benchmark High School,GPU CPU Timing Test,1000000394
Benchmark Student 0395,Benchmark High School,GPU CPU Timing Test,1000000395
Benchmark Student 0396,Benchmark High School,GPU CPU Timing Test,1000000396
Benchmark Student 0397,Benchmark High School,GPU CPU Timing Test,1000000397
Benchmark Student 0398,Benchmark High School,GPU CPU Timing Test,1000000398
Benchmark Student 0399,Benchmark High School,GPU CPU Timing Test,1000000399
Benchmark Student 0400,Benchmark High School,GPU CPU Timing Test,1000000400
Benchmark Student 0401,Benchmark High School,GPU CPU Timing Test,1000000401
Benchmark Student 0402,Benchmark High School,GPU CPU Timing Test,1000000402
Benchmark Student 0403,Benchmark High School,GPU CPU Timing Test,1000000403
Benchmark Student 0404,Benchmark High School,GPU CPU Timing Test,1000000404
Benchmark Student 0405,Benchmark High School,GPU CPU Timing Test,1000000405
Benchmark Student 0406,Benchmark High School,GPU CPU Timing Test,1000000406
Benchmark Student 0407,Benchmark High School,GPU CPU Timing Test,1000000407
Benchmark Student 0408,Benchmark High School,GPU CPU Timing Test,1000000408
Benchmark Student 0409,Benchmark High School,GPU CPU Timing Test,1000000409
Benchmark Student 0410,Benchmark High School,GPU CPU Timing Test,1000000410
Benchmark Student 0411,Benchmark High School,GPU CPU Timing Test,1000000411
Benchmark Student 0412,Benchmark High School,GPU CPU Timing Test,1000000412
Benchmark Student 0413,Benchmark High School,GPU CPU Timing Test,1000000413
Benchmark Student 0414,Benchmark High School,GPU CPU Timing Test,1000000414
Benchmark Student 0415,Benchmark High School,GPU CPU Timing Test,1000000415
Benchmark Student 0416,Benchmark High School,GPU CPU Timing Test,1000000416
Benchmark Student 0417,Benchmark High School,GPU CPU Timing Test,1000000417
Benchmark Student 0418,Benchmark High School,GPU CPU Timing Test,1000000418
Benchmark Student 0419,Benchmark High School,GPU CPU Timing Test,1000000419
Benchmark Student 0420,Benchmark High School,GPU CPU Timing Test,1000000420
Benchmark Student 0421,Benchmark High School,GPU CPU Timing Test,1000000421
Benchmark Student 0422,Benchmark High School,GPU CPU Timing Test,1000000422
Benchmark Student 0423,Benchmark High School,GPU CPU Timing Test,1000000423
Benchmark Student 0424,Benchmark High School,GPU CPU Timing Test,1000000424
Benchmark Student 0425,Benchmark High School,GPU CPU Timing Test,1000000425
Benchmark Student 0426,Benchmark High School,GPU CPU Timing Test,1000000426
Benchmark Student 0427,Benchmark High School,GPU CPU Timing Test,1000000427
Benchmark Student 0428,Benchmark High School,GPU CPU Timing Test,1000000428
Benchmark Student 0429,Benchmark High School,GPU CPU Timing Test,1000000429
Benchmark Student 0430,Benchmark High School,GPU CPU Timing Test,1000000430
Benchmark Student 0431,Benchmark High School,GPU CPU Timing Test,1000000431
Benchmark Student 0432,Benchmark High School,GPU CPU Timing Test,1000000432
Benchmark Student 0433,Benchmark High School,GPU CPU Timing Test,1000000433
Benchmark Student 0434,Benchmark High School,GPU CPU Timing Test,1000000434
Benchmark Student 0435,Benchmark High School,GPU CPU Timing Test,1000000435
Benchmark Student 0436,Benchmark High School,GPU CPU Timing Test,1000000436
Benchmark Student 0437,Benchmark High School,GPU CPU Timing Test,1000000437
Benchmark Student 0438,Benchmark High School,GPU CPU Timing Test,1000000438
Benchmark Student 0439,Benchmark High School,GPU CPU Timing Test,1000000439
Benchmark Student 0440,Benchmark High School,GPU CPU Timing Test,1000000440
Benchmark Student 0441,Benchmark High School,GPU CPU Timing Test,1000000441
Benchmark Student 0442,Benchmark High School,GPU CPU Timing Test,1000000442
Benchmark Student 0443,Benchmark High School,GPU CPU Timing Test,1000000443
Benchmark Student 0444,Benchmark High School,GPU CPU Timing Test,1000000444
Benchmark Student 0445,Benchmark High School,GPU CPU Timing Test,1000000445
Benchmark Student 0446,Benchmark High School,GPU CPU Timing Test,1000000446
Benchmark Student 0447,Benchmark High School,GPU CPU Timing Test,1000000447
Benchmark Student 0448,Benchmark High School,GPU CPU Timing Test,1000000448
Benchmark Student 0449,Benchmark High School,GPU CPU Timing Test,1000000449
Benchmark Student 0450,Benchmark High School,GPU CPU Timing Test,1000000450
Benchmark Student 0451,Benchmark High School,GPU CPU Timing Test,1000000451
Benchmark Student 0452,Benchmark High School,GPU CPU Timing Test,1000000452
Benchmark Student 0453,Benchmark High School,GPU CPU Timing Test,1000000453
Benchmark Student 0454,Benchmark High School,GPU CPU Timing Test,1000000454
Benchmark Student 0455,Benchmark High School,GPU CPU Timing Test,1000000455
Benchmark Student 0456,Benchmark High School,GPU CPU Timing Test,1000000456
Benchmark Student 0457,Benchmark High School,GPU CPU Timing Test,1000000457
Benchmark Student 0458,Benchmark High School,GPU CPU Timing Test,1000000458
Benchmark Student 0459,Benchmark High School,GPU CPU Timing Test,1000000459
Benchmark Student 0460,Benchmark High School,GPU CPU Timing Test,1000000460
Benchmark Student 0461,Benchmark High School,GPU CPU Timing Test,1000000461
Benchmark Student 0462,Benchmark High School,GPU CPU Timing Test,1000000462
Benchmark Student 0463,Benchmark High School,GPU CPU Timing Test,1000000463
Benchmark Student 0464,Benchmark High School,GPU CPU Timing Test,1000000464
Benchmark Student 0465,Benchmark High School,GPU CPU Timing Test,1000000465
Benchmark Student 0466,Benchmark High School,GPU CPU Timing Test,1000000466
Benchmark Student 0467,Benchmark High School,GPU CPU Timing Test,1000000467
Benchmark Student 0468,Benchmark High School,GPU CPU Timing Test,1000000468
Benchmark Student 0469,Benchmark High School,GPU CPU Timing Test,1000000469
Benchmark Student 0470,Benchmark High School,GPU CPU Timing Test,1000000470
Benchmark Student 0471,Benchmark High School,GPU CPU Timing Test,1000000471
Benchmark Student 0472,Benchmark High School,GPU CPU Timing Test,1000000472
Benchmark Student 0473,Benchmark High School,GPU CPU Timing Test,1000000473
Benchmark Student 0474,Benchmark High School,GPU CPU Timing Test,1000000474
Benchmark Student 0475,Benchmark High School,GPU CPU Timing Test,1000000475
Benchmark Student 0476,Benchmark High School,GPU CPU Timing Test,1000000476
Benchmark Student 0477,Benchmark High School,GPU CPU Timing Test,1000000477
Benchmark Student 0478,Benchmark High School,GPU CPU Timing Test,1000000478
Benchmark Student 0479,Benchmark High School,GPU CPU Timing Test,1000000479
Benchmark Student 0480,Benchmark High School,GPU CPU Timing Test,1000000480
Benchmark Student 0481,Benchmark High School,GPU CPU Timing Test,1000000481
Benchmark Student 0482,Benchmark High School,GPU CPU Timing Test,1000000482
Benchmark Student 0483,Benchmark High School,GPU CPU Timing Test,1000000483
Benchmark Student 0484,Benchmark High School,GPU CPU Timing Test,1000000484
Benchmark Student 0485,Benchmark High School,GPU CPU Timing Test,1000000485
Benchmark Student 0486,Benchmark High School,GPU CPU Timing Test,1000000486
Benchmark Student 0487,Benchmark High School,GPU CPU Timing Test,1000000487
Benchmark Student 0488,Benchmark High School,GPU CPU Timing Test,1000000488
Benchmark Student 0489,Benchmark High School,GPU CPU Timing Test,1000000489
Benchmark Student 0490,Benchmark High School,GPU CPU Timing Test,1000000490
Benchmark Student 0491,Benchmark High School,GPU CPU Timing Test,1000000491
Benchmark Student 0492,Benchmark High School,GPU CPU Timing Test,1000000492
Benchmark Student 0493,Benchmark High School,GPU CPU Timing Test,1000000493
Benchmark Student 0494,Benchmark High School,GPU CPU Timing Test,1000000494
Benchmark Student 0495,Benchmark High School,GPU CPU Timing Test,1000000495
Benchmark Student 0496,Benchmark High School,GPU CPU Timing Test,1000000496
Benchmark Student 0497,Benchmark High School,GPU CPU Timing Test,1000000497
Benchmark Student 0498,Benchmark High School,GPU CPU Timing Test,1000000498
Benchmark Student 0499,Benchmark High School,GPU CPU Timing Test,1000000499
Benchmark Student 0500,Benchmark High School,GPU CPU Timing Test,1000000500
Benchmark Student 0501,Benchmark High School,GPU CPU Timing Test,1000000501
Benchmark Student 0502,Benchmark High School,GPU CPU Timing Test,1000000502
Benchmark Student 0503,Benchmark High School,GPU CPU Timing Test,1000000503
Benchmark Student 0504,Benchmark High School,GPU CPU Timing Test,1000000504
Benchmark Student 0505,Benchmark High School,GPU CPU Timing Test,1000000505
Benchmark Student 0506,Benchmark High School,GPU CPU Timing Test,1000000506
Benchmark Student 0507,Benchmark High School,GPU CPU Timing Test,1000000507
Benchmark Student 0508,Benchmark High School,GPU CPU Timing Test,1000000508
Benchmark Student 0509,Benchmark High School,GPU CPU Timing Test,1000000509
Benchmark Student 0510,Benchmark High School,GPU CPU Timing Test,1000000510
Benchmark Student 0511,Benchmark High School,GPU CPU Timing Test,1000000511
Benchmark Student 0512,Benchmark High School,GPU CPU Timing Test,1000000512
Benchmark Student 0513,Benchmark High School,GPU CPU Timing Test,1000000513
Benchmark Student 0514,Benchmark High School,GPU CPU Timing Test,1000000514
Benchmark Student 0515,Benchmark High School,GPU CPU Timing Test,1000000515
Benchmark Student 0516,Benchmark High School,GPU CPU Timing Test,1000000516
Benchmark Student 0517,Benchmark High School,GPU CPU Timing Test,1000000517
Benchmark Student 0518,Benchmark High School,GPU CPU Timing Test,1000000518
Benchmark Student 0519,Benchmark High School,GPU CPU Timing Test,1000000519
Benchmark Student 0520,Benchmark High School,GPU CPU Timing Test,1000000520
Benchmark Student 0521,Benchmark High School,GPU CPU Timing Test,1000000521
Benchmark Student 0522,Benchmark High School,GPU CPU Timing Test,1000000522
Benchmark Student 0523,Benchmark High School,GPU CPU Timing Test,1000000523
Benchmark Student 0524,Benchmark High School,GPU CPU Timing Test,1000000524
Benchmark Student 0525,Benchmark High School,GPU CPU Timing Test,1000000525
Benchmark Student 0526,Benchmark High School,GPU CPU Timing Test,1000000526
Benchmark Student 0527,Benchmark High School,GPU CPU Timing Test,1000000527
Benchmark Student 0528,Benchmark High School,GPU CPU Timing Test,1000000528
Benchmark Student 0529,Benchmark High School,GPU CPU Timing Test,1000000529
Benchmark Student 0530,Benchmark High School,GPU CPU Timing Test,1000000530
Benchmark Student 0531,Benchmark High School,GPU CPU Timing Test,1000000531
Benchmark Student 0532,Benchmark High School,GPU CPU Timing Test,1000000532
Benchmark Student 0533,Benchmark High School,GPU CPU Timing Test,1000000533
Benchmark Student 0534,Benchmark High School,GPU CPU Timing Test,1000000534
Benchmark Student 0535,Benchmark High School,GPU CPU Timing Test,1000000535
Benchmark Student 0536,Benchmark High School,GPU CPU Timing Test,1000000536
Benchmark Student 0537,Benchmark High School,GPU CPU Timing Test,1000000537
Benchmark Student 0538,Benchmark High School,GPU CPU Timing Test,1000000538
Benchmark Student 0539,Benchmark High School,GPU CPU Timing Test,1000000539
Benchmark Student 0540,Benchmark High School,GPU CPU Timing Test,1000000540
Benchmark Student 0541,Benchmark High School,GPU CPU Timing Test,1000000541
Benchmark Student 0542,Benchmark High School,GPU CPU Timing Test,1000000542
Benchmark Student 0543,Benchmark High School,GPU CPU Timing Test,1000000543
Benchmark Student 0544,Benchmark High School,GPU CPU Timing Test,1000000544
Benchmark Student 0545,Benchmark High School,GPU CPU Timing Test,1000000545
Benchmark Student 0546,Benchmark High School,GPU CPU Timing Test,1000000546
Benchmark Student 0547,Benchmark High School,GPU CPU Timing Test,1000000547
Benchmark Student 0548,Benchmark High School,GPU CPU Timing Test,1000000548
Benchmark Student 0549,Benchmark High School,GPU CPU Timing Test,1000000549
Benchmark Student 0550,Benchmark High School,GPU CPU Timing Test,1000000550
Benchmark Student 0551,Benchmark High School,GPU CPU Timing Test,1000000551
Benchmark Student 0552,Benchmark High School,GPU CPU Timing Test,1000000552
Benchmark Student 0553,Benchmark High School,GPU CPU Timing Test,1000000553
Benchmark Student 0554,Benchmark High School,GPU CPU Timing Test,1000000554
Benchmark Student 0555,Benchmark High School,GPU CPU Timing Test,1000000555
Benchmark Student 0556,Benchmark High School,GPU CPU Timing Test,1000000556
Benchmark Student 0557,Benchmark High School,GPU CPU Timing Test,1000000557
Benchmark Student 0558,Benchmark High School,GPU CPU Timing Test,1000000558
Benchmark Student 0559,Benchmark High School,GPU CPU Timing Test,1000000559
Benchmark Student 0560,Benchmark High School,GPU CPU Timing Test,1000000560
Benchmark Student 0561,Benchmark High School,GPU CPU Timing Test,1000000561
Benchmark Student 0562,Benchmark High School,GPU CPU Timing Test,1000000562
Benchmark Student 0563,Benchmark High School,GPU CPU Timing Test,1000000563
Benchmark Student 0564,Benchmark High School,GPU CPU Timing Test,1000000564
Benchmark Student 0565,Benchmark High School,GPU CPU Timing Test,1000000565
Benchmark Student 0566,Benchmark High School,GPU CPU Timing Test,1000000566
Benchmark Student 0567,Benchmark High School,GPU CPU Timing Test,1000000567
Benchmark Student 0568,Benchmark High School,GPU CPU Timing Test,1000000568
Benchmark Student 0569,Benchmark High School,GPU CPU Timing Test,1000000569
Benchmark Student 0570,Benchmark High School,GPU CPU Timing Test,1000000570
Benchmark Student 0571,Benchmark High School,GPU CPU Timing Test,1000000571
Benchmark Student 0572,Benchmark High School,GPU CPU Timing Test,1000000572
Benchmark Student 0573,Benchmark High School,GPU CPU Timing Test,1000000573
Benchmark Student 0574,Benchmark High School,GPU CPU Timing Test,1000000574
Benchmark Student 0575,Benchmark High School,GPU CPU Timing Test,1000000575
Benchmark Student 0576,Benchmark High School,GPU CPU Timing Test,1000000576
Benchmark Student 0577,Benchmark High School,GPU CPU Timing Test,1000000577
Benchmark Student 0578,Benchmark High School,GPU CPU Timing Test,1000000578
Benchmark Student 0579,Benchmark High School,GPU CPU Timing Test,1000000579
Benchmark Student 0580,Benchmark High School,GPU CPU Timing Test,1000000580
Benchmark Student 0581,Benchmark High School,GPU CPU Timing Test,1000000581
Benchmark Student 0582,Benchmark High School,GPU CPU Timing Test,1000000582
Benchmark Student 0583,Benchmark High School,GPU CPU Timing Test,1000000583
Benchmark Student 0584,Benchmark High School,GPU CPU Timing Test,1000000584
Benchmark Student 0585,Benchmark High School,GPU CPU Timing Test,1000000585
Benchmark Student 0586,Benchmark High School,GPU CPU Timing Test,1000000586
Benchmark Student 0587,Benchmark High School,GPU CPU Timing Test,1000000587
Benchmark Student 0588,Benchmark High School,GPU CPU Timing Test,1000000588
Benchmark Student 0589,Benchmark High School,GPU CPU Timing Test,1000000589
Benchmark Student 0590,Benchmark High School,GPU CPU Timing Test,1000000590
Benchmark Student 0591,Benchmark High School,GPU CPU Timing Test,1000000591
Benchmark Student 0592,Benchmark High School,GPU CPU Timing Test,1000000592
Benchmark Student 0593,Benchmark High School,GPU CPU Timing Test,1000000593
Benchmark Student 0594,Benchmark High School,GPU CPU Timing Test,1000000594
Benchmark Student 0595,Benchmark High School,GPU CPU Timing Test,1000000595
Benchmark Student 0596,Benchmark High School,GPU CPU Timing Test,1000000596
Benchmark Student 0597,Benchmark High School,GPU CPU Timing Test,1000000597
Benchmark Student 0598,Benchmark High School,GPU CPU Timing Test,1000000598
Benchmark Student 0599,Benchmark High School,GPU CPU Timing Test,1000000599
Benchmark Student 0600,Benchmark High School,GPU CPU Timing Test,1000000600
Benchmark Student 0601,Benchmark High School,GPU CPU Timing Test,1000000601
Benchmark Student 0602,Benchmark High School,GPU CPU Timing Test,1000000602
Benchmark Student 0603,Benchmark High School,GPU CPU Timing Test,1000000603
Benchmark Student 0604,Benchmark High School,GPU CPU Timing Test,1000000604
Benchmark Student 0605,Benchmark High School,GPU CPU Timing Test,1000000605
Benchmark Student 0606,Benchmark High School,GPU CPU Timing Test,1000000606
Benchmark Student 0607,Benchmark High School,GPU CPU Timing Test,1000000607
Benchmark Student 0608,Benchmark High School,GPU CPU Timing Test,1000000608
Benchmark Student 0609,Benchmark High School,GPU CPU Timing Test,1000000609
Benchmark Student 0610,Benchmark High School,GPU CPU Timing Test,1000000610
Benchmark Student 0611,Benchmark High School,GPU CPU Timing Test,1000000611
Benchmark Student 0612,Benchmark High School,GPU CPU Timing Test,1000000612
Benchmark Student 0613,Benchmark High School,GPU CPU Timing Test,1000000613
Benchmark Student 0614,Benchmark High School,GPU CPU Timing Test,1000000614
Benchmark Student 0615,Benchmark High School,GPU CPU Timing Test,1000000615
Benchmark Student 0616,Benchmark High School,GPU CPU Timing Test,1000000616
Benchmark Student 0617,Benchmark High School,GPU CPU Timing Test,1000000617
Benchmark Student 0618,Benchmark High School,GPU CPU Timing Test,1000000618
Benchmark Student 0619,Benchmark High School,GPU CPU Timing Test,1000000619
Benchmark Student 0620,Benchmark High School,GPU CPU Timing Test,1000000620
Benchmark Student 0621,Benchmark High School,GPU CPU Timing Test,1000000621
Benchmark Student 0622,Benchmark High School,GPU CPU Timing Test,1000000622
Benchmark Student 0623,Benchmark High School,GPU CPU Timing Test,1000000623
Benchmark Student 0624,Benchmark High School,GPU CPU Timing Test,1000000624
Benchmark Student 0625,Benchmark High School,GPU CPU Timing Test,1000000625
Benchmark Student 0626,Benchmark High School,GPU CPU Timing Test,1000000626
Benchmark Student 0627,Benchmark High School,GPU CPU Timing Test,1000000627
Benchmark Student 0628,Benchmark High School,GPU CPU Timing Test,1000000628
Benchmark Student 0629,Benchmark High School,GPU CPU Timing Test,1000000629
Benchmark Student 0630,Benchmark High School,GPU CPU Timing Test,1000000630
Benchmark Student 0631,Benchmark High School,GPU CPU Timing Test,1000000631
Benchmark Student 0632,Benchmark High School,GPU CPU Timing Test,1000000632
Benchmark Student 0633,Benchmark High School,GPU CPU Timing Test,1000000633
Benchmark Student 0634,Benchmark High School,GPU CPU Timing Test,1000000634
Benchmark Student 0635,Benchmark High School,GPU CPU Timing Test,1000000635
Benchmark Student 0636,Benchmark High School,GPU CPU Timing Test,1000000636
Benchmark Student 0637,Benchmark High School,GPU CPU Timing Test,1000000637
Benchmark Student 0638,Benchmark High School,GPU CPU Timing Test,1000000638
Benchmark Student 0639,Benchmark High School,GPU CPU Timing Test,1000000639
Benchmark Student 0640,Benchmark High School,GPU CPU Timing Test,1000000640
Benchmark Student 0641,Benchmark High School,GPU CPU Timing Test,1000000641
Benchmark Student 0642,Benchmark High School,GPU CPU Timing Test,1000000642
Benchmark Student 0643,Benchmark High School,GPU CPU Timing Test,1000000643
Benchmark Student 0644,Benchmark High School,GPU CPU Timing Test,1000000644
Benchmark Student 0645,Benchmark High School,GPU CPU Timing Test,1000000645
Benchmark Student 0646,Benchmark High School,GPU CPU Timing Test,1000000646
Benchmark Student 0647,Benchmark High School,GPU CPU Timing Test,1000000647
Benchmark Student 0648,Benchmark High School,GPU CPU Timing Test,1000000648
Benchmark Student 0649,Benchmark High School,GPU CPU Timing Test,1000000649
Benchmark Student 0650,Benchmark High School,GPU CPU Timing Test,1000000650
Benchmark Student 0651,Benchmark High School,GPU CPU Timing Test,1000000651
Benchmark Student 0652,Benchmark High School,GPU CPU Timing Test,1000000652
Benchmark Student 0653,Benchmark High School,GPU CPU Timing Test,1000000653
Benchmark Student 0654,Benchmark High School,GPU CPU Timing Test,1000000654
Benchmark Student 0655,Benchmark High School,GPU CPU Timing Test,1000000655
Benchmark Student 0656,Benchmark High School,GPU CPU Timing Test,1000000656
Benchmark Student 0657,Benchmark High School,GPU CPU Timing Test,1000000657
Benchmark Student 0658,Benchmark High School,GPU CPU Timing Test,1000000658
Benchmark Student 0659,Benchmark High School,GPU CPU Timing Test,1000000659
Benchmark Student 0660,Benchmark High School,GPU CPU Timing Test,1000000660
Benchmark Student 0661,Benchmark High School,GPU CPU Timing Test,1000000661
Benchmark Student 0662,Benchmark High School,GPU CPU Timing Test,1000000662
Benchmark Student 0663,Benchmark High School,GPU CPU Timing Test,1000000663
Benchmark Student 0664,Benchmark High School,GPU CPU Timing Test,1000000664
Benchmark Student 0665,Benchmark High School,GPU CPU Timing Test,1000000665
Benchmark Student 0666,Benchmark High School,GPU CPU Timing Test,1000000666
Benchmark Student 0667,Benchmark High School,GPU CPU Timing Test,1000000667
Benchmark Student 0668,Benchmark High School,GPU CPU Timing Test,1000000668
Benchmark Student 0669,Benchmark High School,GPU CPU Timing Test,1000000669
Benchmark Student 0670,Benchmark High School,GPU CPU Timing Test,1000000670
Benchmark Student 0671,Benchmark High School,GPU CPU Timing Test,1000000671
Benchmark Student 0672,Benchmark High School,GPU CPU Timing Test,1000000672
Benchmark Student 0673,Benchmark High School,GPU CPU Timing Test,1000000673
Benchmark Student 0674,Benchmark High School,GPU CPU Timing Test,1000000674
Benchmark Student 0675,Benchmark High School,GPU CPU Timing Test,1000000675
Benchmark Student 0676,Benchmark High School,GPU CPU Timing Test,1000000676
Benchmark Student 0677,Benchmark High School,GPU CPU Timing Test,1000000677
Benchmark Student 0678,Benchmark High School,GPU CPU Timing Test,1000000678
Benchmark Student 0679,Benchmark High School,GPU CPU Timing Test,1000000679
Benchmark Student 0680,Benchmark High School,GPU CPU Timing Test,1000000680
Benchmark Student 0681,Benchmark High School,GPU CPU Timing Test,1000000681
Benchmark Student 0682,Benchmark High School,GPU CPU Timing Test,1000000682
Benchmark Student 0683,Benchmark High School,GPU CPU Timing Test,1000000683
Benchmark Student 0684,Benchmark High School,GPU CPU Timing Test,1000000684
Benchmark Student 0685,Benchmark High School,GPU CPU Timing Test,1000000685
Benchmark Student 0686,Benchmark High School,GPU CPU Timing Test,1000000686
Benchmark Student 0687,Benchmark High School,GPU CPU Timing Test,1000000687
Benchmark Student 0688,Benchmark High School,GPU CPU Timing Test,1000000688
Benchmark Student 0689,Benchmark High School,GPU CPU Timing Test,1000000689
Benchmark Student 0690,Benchmark High School,GPU CPU Timing Test,1000000690
Benchmark Student 0691,Benchmark High School,GPU CPU Timing Test,1000000691
Benchmark Student 0692,Benchmark High School,GPU CPU Timing Test,1000000692
Benchmark Student 0693,Benchmark High School,GPU CPU Timing Test,1000000693
Benchmark Student 0694,Benchmark High School,GPU CPU Timing Test,1000000694
Benchmark Student 0695,Benchmark High School,GPU CPU Timing Test,1000000695
Benchmark Student 0696,Benchmark High School,GPU CPU Timing Test,1000000696
Benchmark Student 0697,Benchmark High School,GPU CPU Timing Test,1000000697
Benchmark Student 0698,Benchmark High School,GPU CPU Timing Test,1000000698
Benchmark Student 0699,Benchmark High School,GPU CPU Timing Test,1000000699
Benchmark Student 0700,Benchmark High School,GPU CPU Timing Test,1000000700
Benchmark Student 0701,Benchmark High School,GPU CPU Timing Test,1000000701
Benchmark Student 0702,Benchmark High School,GPU CPU Timing Test,1000000702
Benchmark Student 0703,Benchmark High School,GPU CPU Timing Test,1000000703
Benchmark Student 0704,Benchmark High School,GPU CPU Timing Test,1000000704
Benchmark Student 0705,Benchmark High School,GPU CPU Timing Test,1000000705
Benchmark Student 0706,Benchmark High School,GPU CPU Timing Test,1000000706
Benchmark Student 0707,Benchmark High School,GPU CPU Timing Test,1000000707
Benchmark Student 0708,Benchmark High School,GPU CPU Timing Test,1000000708
Benchmark Student 0709,Benchmark High School,GPU CPU Timing Test,1000000709
Benchmark Student 0710,Benchmark High School,GPU CPU Timing Test,1000000710
Benchmark Student 0711,Benchmark High School,GPU CPU Timing Test,1000000711
Benchmark Student 0712,Benchmark High School,GPU CPU Timing Test,1000000712
Benchmark Student 0713,Benchmark High School,GPU CPU Timing Test,1000000713
Benchmark Student 0714,Benchmark High School,GPU CPU Timing Test,1000000714
Benchmark Student 0715,Benchmark High School,GPU CPU Timing Test,1000000715
Benchmark Student 0716,Benchmark High School,GPU CPU Timing Test,1000000716
Benchmark Student 0717,Benchmark High School,GPU CPU Timing Test,1000000717
Benchmark Student 0718,Benchmark High School,GPU CPU Timing Test,1000000718
Benchmark Student 0719,Benchmark High School,GPU CPU Timing Test,1000000719
Benchmark Student 0720,Benchmark High School,GPU CPU Timing Test,1000000720
Benchmark Student 0721,Benchmark High School,GPU CPU Timing Test,1000000721
Benchmark Student 0722,Benchmark High School,GPU CPU Timing Test,1000000722
Benchmark Student 0723,Benchmark High School,GPU CPU Timing Test,1000000723
Benchmark Student 0724,Benchmark High School,GPU CPU Timing Test,1000000724
Benchmark Student 0725,Benchmark High School,GPU CPU Timing Test,1000000725
Benchmark Student 0726,Benchmark High School,GPU CPU Timing Test,1000000726
Benchmark Student 0727,Benchmark High School,GPU CPU Timing Test,1000000727
Benchmark Student 0728,Benchmark High School,GPU CPU Timing Test,1000000728
Benchmark Student 0729,Benchmark High School,GPU CPU Timing Test,1000000729
Benchmark Student 0730,Benchmark High School,GPU CPU Timing Test,1000000730
Benchmark Student 0731,Benchmark High School,GPU CPU Timing Test,1000000731
Benchmark Student 0732,Benchmark High School,GPU CPU Timing Test,1000000732
Benchmark Student 0733,Benchmark High School,GPU CPU Timing Test,1000000733
Benchmark Student 0734,Benchmark High School,GPU CPU Timing Test,1000000734
Benchmark Student 0735,Benchmark High School,GPU CPU Timing Test,1000000735
Benchmark Student 0736,Benchmark High School,GPU CPU Timing Test,1000000736
Benchmark Student 0737,Benchmark High School,GPU CPU Timing Test,1000000737
Benchmark Student 0738,Benchmark High School,GPU CPU Timing Test,1000000738
Benchmark Student 0739,Benchmark High School,GPU CPU Timing Test,1000000739
Benchmark Student 0740,Benchmark High School,GPU CPU Timing Test,1000000740
Benchmark Student 0741,Benchmark High School,GPU CPU Timing Test,1000000741
Benchmark Student 0742,Benchmark High School,GPU CPU Timing Test,1000000742
Benchmark Student 0743,Benchmark High School,GPU CPU Timing Test,1000000743
Benchmark Student 0744,Benchmark High School,GPU CPU Timing Test,1000000744
Benchmark Student 0745,Benchmark High School,GPU CPU Timing Test,1000000745
Benchmark Student 0746,Benchmark High School,GPU CPU Timing Test,1000000746
Benchmark Student 0747,Benchmark High School,GPU CPU Timing Test,1000000747
Benchmark Student 0748,Benchmark High School,GPU CPU Timing Test,1000000748
Benchmark Student 0749,Benchmark High School,GPU CPU Timing Test,1000000749
Benchmark Student 0750,Benchmark High School,GPU CPU Timing Test,1000000750
Benchmark Student 0751,Benchmark High School,GPU CPU Timing Test,1000000751
Benchmark Student 0752,Benchmark High School,GPU CPU Timing Test,1000000752
Benchmark Student 0753,Benchmark High School,GPU CPU Timing Test,1000000753
Benchmark Student 0754,Benchmark High School,GPU CPU Timing Test,1000000754
Benchmark Student 0755,Benchmark High School,GPU CPU Timing Test,1000000755
Benchmark Student 0756,Benchmark High School,GPU CPU Timing Test,1000000756
Benchmark Student 0757,Benchmark High School,GPU CPU Timing Test,1000000757
Benchmark Student 0758,Benchmark High School,GPU CPU Timing Test,1000000758
Benchmark Student 0759,Benchmark High School,GPU CPU Timing Test,1000000759
Benchmark Student 0760,Benchmark High School,GPU CPU Timing Test,1000000760
Benchmark Student 0761,Benchmark High School,GPU CPU Timing Test,1000000761
Benchmark Student 0762,Benchmark High School,GPU CPU Timing Test,1000000762
Benchmark Student 0763,Benchmark High School,GPU CPU Timing Test,1000000763
Benchmark Student 0764,Benchmark High School,GPU CPU Timing Test,1000000764
Benchmark Student 0765,Benchmark High School,GPU CPU Timing Test,1000000765
Benchmark Student 0766,Benchmark High School,GPU CPU Timing Test,1000000766
Benchmark Student 0767,Benchmark High School,GPU CPU Timing Test,1000000767
Benchmark Student 0768,Benchmark High School,GPU CPU Timing Test,1000000768
Benchmark Student 0769,Benchmark High School,GPU CPU Timing Test,1000000769
Benchmark Student 0770,Benchmark High School,GPU CPU Timing Test,1000000770
Benchmark Student 0771,Benchmark High School,GPU CPU Timing Test,1000000771
Benchmark Student 0772,Benchmark High School,GPU CPU Timing Test,1000000772
Benchmark Student 0773,Benchmark High School,GPU CPU Timing Test,1000000773
Benchmark Student 0774,Benchmark High School,GPU CPU Timing Test,1000000774
Benchmark Student 0775,Benchmark High School,GPU CPU Timing Test,1000000775
Benchmark Student 0776,Benchmark High School,GPU CPU Timing Test,1000000776
Benchmark Student 0777,Benchmark High School,GPU CPU Timing Test,1000000777
Benchmark Student 0778,Benchmark High School,GPU CPU Timing Test,1000000778
Benchmark Student 0779,Benchmark High School,GPU CPU Timing Test,1000000779
Benchmark Student 0780,Benchmark High School,GPU CPU Timing Test,1000000780
Benchmark Student 0781,Benchmark High School,GPU CPU Timing Test,1000000781
Benchmark Student 0782,Benchmark High School,GPU CPU Timing Test,1000000782
Benchmark Student 0783,Benchmark High School,GPU CPU Timing Test,1000000783
Benchmark Student 0784,Benchmark High School,GPU CPU Timing Test,1000000784
Benchmark Student 0785,Benchmark High School,GPU CPU Timing Test,1000000785
Benchmark Student 0786,Benchmark High School,GPU CPU Timing Test,1000000786
Benchmark Student 0787,Benchmark High School,GPU CPU Timing Test,1000000787
Benchmark Student 0788,Benchmark High School,GPU CPU Timing Test,1000000788
Benchmark Student 0789,Benchmark High School,GPU CPU Timing Test,1000000789
Benchmark Student 0790,Benchmark High School,GPU CPU Timing Test,1000000790
Benchmark Student 0791,Benchmark High School,GPU CPU Timing Test,1000000791
Benchmark Student 0792,Benchmark High School,GPU CPU Timing Test,1000000792
Benchmark Student 0793,Benchmark High School,GPU CPU Timing Test,1000000793
Benchmark Student 0794,Benchmark High School,GPU CPU Timing Test,1000000794
Benchmark Student 0795,Benchmark High School,GPU CPU Timing Test,1000000795
Benchmark Student 0796,Benchmark High School,GPU CPU Timing Test,1000000796
Benchmark Student 0797,Benchmark High School,GPU CPU Timing Test,1000000797
Benchmark Student 0798,Benchmark High School,GPU CPU Timing Test,1000000798
Benchmark Student 0799,Benchmark High School,GPU CPU Timing Test,1000000799
Benchmark Student 0800,Benchmark High School,GPU CPU Timing Test,1000000800
Benchmark Student 0801,Benchmark High School,GPU CPU Timing Test,1000000801
Benchmark Student 0802,Benchmark High School,GPU CPU Timing Test,1000000802
Benchmark Student 0803,Benchmark High School,GPU CPU Timing Test,1000000803
Benchmark Student 0804,Benchmark High School,GPU CPU Timing Test,1000000804
Benchmark Student 0805,Benchmark High School,GPU CPU Timing Test,1000000805
Benchmark Student 0806,Benchmark High School,GPU CPU Timing Test,1000000806
Benchmark Student 0807,Benchmark High School,GPU CPU Timing Test,1000000807
Benchmark Student 0808,Benchmark High School,GPU CPU Timing Test,1000000808
Benchmark Student 0809,Benchmark High School,GPU CPU Timing Test,1000000809
Benchmark Student 0810,Benchmark High School,GPU CPU Timing Test,1000000810
Benchmark Student 0811,Benchmark High School,GPU CPU Timing Test,1000000811
Benchmark Student 0812,Benchmark High School,GPU CPU Timing Test,1000000812
Benchmark Student 0813,Benchmark High School,GPU CPU Timing Test,1000000813
Benchmark Student 0814,Benchmark High School,GPU CPU Timing Test,1000000814
Benchmark Student 0815,Benchmark High School,GPU CPU Timing Test,1000000815
Benchmark Student 0816,Benchmark High School,GPU CPU Timing Test,1000000816
Benchmark Student 0817,Benchmark High School,GPU CPU Timing Test,1000000817
Benchmark Student 0818,Benchmark High School,GPU CPU Timing Test,1000000818
Benchmark Student 0819,Benchmark High School,GPU CPU Timing Test,1000000819
Benchmark Student 0820,Benchmark High School,GPU CPU Timing Test,1000000820
Benchmark Student 0821,Benchmark High School,GPU CPU Timing Test,1000000821
Benchmark Student 0822,Benchmark High School,GPU CPU Timing Test,1000000822
Benchmark Student 0823,Benchmark High School,GPU CPU Timing Test,1000000823
Benchmark Student 0824,Benchmark High School,GPU CPU Timing Test,1000000824
Benchmark Student 0825,Benchmark High School,GPU CPU Timing Test,1000000825
Benchmark Student 0826,Benchmark High School,GPU CPU Timing Test,1000000826
Benchmark Student 0827,Benchmark High School,GPU CPU Timing Test,1000000827
Benchmark Student 0828,Benchmark High School,GPU CPU Timing Test,1000000828
Benchmark Student 0829,Benchmark High School,GPU CPU Timing Test,1000000829
Benchmark Student 0830,Benchmark High School,GPU CPU Timing Test,1000000830
Benchmark Student 0831,Benchmark High School,GPU CPU Timing Test,1000000831
Benchmark Student 0832,Benchmark High School,GPU CPU Timing Test,1000000832
Benchmark Student 0833,Benchmark High School,GPU CPU Timing Test,1000000833
Benchmark Student 0834,Benchmark High School,GPU CPU Timing Test,1000000834
Benchmark Student 0835,Benchmark High School,GPU CPU Timing Test,1000000835
Benchmark Student 0836,Benchmark High School,GPU CPU Timing Test,1000000836
Benchmark Student 0837,Benchmark High School,GPU CPU Timing Test,1000000837
Benchmark Student 0838,Benchmark High School,GPU CPU Timing Test,1000000838
Benchmark Student 0839,Benchmark High School,GPU CPU Timing Test,1000000839
Benchmark Student 0840,Benchmark High School,GPU CPU Timing Test,1000000840
Benchmark Student 0841,Benchmark High School,GPU CPU Timing Test,1000000841
Benchmark Student 0842,Benchmark High School,GPU CPU Timing Test,1000000842
Benchmark Student 0843,Benchmark High School,GPU CPU Timing Test,1000000843
Benchmark Student 0844,Benchmark High School,GPU CPU Timing Test,1000000844
Benchmark Student 0845,Benchmark High School,GPU CPU Timing Test,1000000845
Benchmark Student 0846,Benchmark High School,GPU CPU Timing Test,1000000846
Benchmark Student 0847,Benchmark High School,GPU CPU Timing Test,1000000847
Benchmark Student 0848,Benchmark High School,GPU CPU Timing Test,1000000848
Benchmark Student 0849,Benchmark High School,GPU CPU Timing Test,1000000849
Benchmark Student 0850,Benchmark High School,GPU CPU Timing Test,1000000850
Benchmark Student 0851,Benchmark High School,GPU CPU Timing Test,1000000851
Benchmark Student 0852,Benchmark High School,GPU CPU Timing Test,1000000852
Benchmark Student 0853,Benchmark High School,GPU CPU Timing Test,1000000853
Benchmark Student 0854,Benchmark High School,GPU CPU Timing Test,1000000854
Benchmark Student 0855,Benchmark High School,GPU CPU Timing Test,1000000855
Benchmark Student 0856,Benchmark High School,GPU CPU Timing Test,1000000856
Benchmark Student 0857,Benchmark High School,GPU CPU Timing Test,1000000857
Benchmark Student 0858,Benchmark High School,GPU CPU Timing Test,1000000858
Benchmark Student 0859,Benchmark High School,GPU CPU Timing Test,1000000859
Benchmark Student 0860,Benchmark High School,GPU CPU Timing Test,1000000860
Benchmark Student 0861,Benchmark High School,GPU CPU Timing Test,1000000861
Benchmark Student 0862,Benchmark High School,GPU CPU Timing Test,1000000862
Benchmark Student 0863,Benchmark High School,GPU CPU Timing Test,1000000863
Benchmark Student 0864,Benchmark High School,GPU CPU Timing Test,1000000864
Benchmark Student 0865,Benchmark High School,GPU CPU Timing Test,1000000865
Benchmark Student 0866,Benchmark High School,GPU CPU Timing Test,1000000866
Benchmark Student 0867,Benchmark High School,GPU CPU Timing Test,1000000867
Benchmark Student 0868,Benchmark High School,GPU CPU Timing Test,1000000868
Benchmark Student 0869,Benchmark High School,GPU CPU Timing Test,1000000869
Benchmark Student 0870,Benchmark High School,GPU CPU Timing Test,1000000870
Benchmark Student 0871,Benchmark High School,GPU CPU Timing Test,1000000871
Benchmark Student 0872,Benchmark High School,GPU CPU Timing Test,1000000872
Benchmark Student 0873,Benchmark High School,GPU CPU Timing Test,1000000873
Benchmark Student 0874,Benchmark High School,GPU CPU Timing Test,1000000874
Benchmark Student 0875,Benchmark High School,GPU CPU Timing Test,1000000875
Benchmark Student 0876,Benchmark High School,GPU CPU Timing Test,1000000876
Benchmark Student 0877,Benchmark High School,GPU CPU Timing Test,1000000877
Benchmark Student 0878,Benchmark High School,GPU CPU Timing Test,1000000878
Benchmark Student 0879,Benchmark High School,GPU CPU Timing Test,1000000879
Benchmark Student 0880,Benchmark High School,GPU CPU Timing Test,1000000880
Benchmark Student 0881,Benchmark High School,GPU CPU Timing Test,1000000881
Benchmark Student 0882,Benchmark High School,GPU CPU Timing Test,1000000882
Benchmark Student 0883,Benchmark High School,GPU CPU Timing Test,1000000883
Benchmark Student 0884,Benchmark High School,GPU CPU Timing Test,1000000884
Benchmark Student 0885,Benchmark High School,GPU CPU Timing Test,1000000885
Benchmark Student 0886,Benchmark High School,GPU CPU Timing Test,1000000886
Benchmark Student 0887,Benchmark High School,GPU CPU Timing Test,1000000887
Benchmark Student 0888,Benchmark High School,GPU CPU Timing Test,1000000888
Benchmark Student 0889,Benchmark High School,GPU CPU Timing Test,1000000889
Benchmark Student 0890,Benchmark High School,GPU CPU Timing Test,1000000890
Benchmark Student 0891,Benchmark High School,GPU CPU Timing Test,1000000891
Benchmark Student 0892,Benchmark High School,GPU CPU Timing Test,1000000892
Benchmark Student 0893,Benchmark High School,GPU CPU Timing Test,1000000893
Benchmark Student 0894,Benchmark High School,GPU CPU Timing Test,1000000894
Benchmark Student 0895,Benchmark High School,GPU CPU Timing Test,1000000895
Benchmark Student 0896,Benchmark High School,GPU CPU Timing Test,1000000896
Benchmark Student 0897,Benchmark High School,GPU CPU Timing Test,1000000897
Benchmark Student 0898,Benchmark High School,GPU CPU Timing Test,1000000898
Benchmark Student 0899,Benchmark High School,GPU CPU Timing Test,1000000899
Benchmark Student 0900,Benchmark High School,GPU CPU Timing Test,1000000900
Benchmark Student 0901,Benchmark High School,GPU CPU Timing Test,1000000901
Benchmark Student 0902,Benchmark High School,GPU CPU Timing Test,1000000902
Benchmark Student 0903,Benchmark High School,GPU CPU Timing Test,1000000903
Benchmark Student 0904,Benchmark High School,GPU CPU Timing Test,1000000904
Benchmark Student 0905,Benchmark High School,GPU CPU Timing Test,1000000905
Benchmark Student 0906,Benchmark High School,GPU CPU Timing Test,1000000906
Benchmark Student 0907,Benchmark High School,GPU CPU Timing Test,1000000907
Benchmark Student 0908,Benchmark High School,GPU CPU Timing Test,1000000908
Benchmark Student 0909,Benchmark High School,GPU CPU Timing Test,1000000909
Benchmark Student 0910,Benchmark High School,GPU CPU Timing Test,1000000910
Benchmark Student 0911,Benchmark High School,GPU CPU Timing Test,1000000911
Benchmark Student 0912,Benchmark High School,GPU CPU Timing Test,1000000912
Benchmark Student 0913,Benchmark High School,GPU CPU Timing Test,1000000913
Benchmark Student 0914,Benchmark High School,GPU CPU Timing Test,1000000914
Benchmark Student 0915,Benchmark High School,GPU CPU Timing Test,1000000915
Benchmark Student 0916,Benchmark High School,GPU CPU Timing Test,1000000916
Benchmark Student 0917,Benchmark High School,GPU CPU Timing Test,1000000917
Benchmark Student 0918,Benchmark High School,GPU CPU Timing Test,1000000918
Benchmark Student 0919,Benchmark High School,GPU CPU Timing Test,1000000919
Benchmark Student 0920,Benchmark High School,GPU CPU Timing Test,1000000920
Benchmark Student 0921,Benchmark High School,GPU CPU Timing Test,1000000921
Benchmark Student 0922,Benchmark High School,GPU CPU Timing Test,1000000922
Benchmark Student 0923,Benchmark High School,GPU CPU Timing Test,1000000923
Benchmark Student 0924,Benchmark High School,GPU CPU Timing Test,1000000924
Benchmark Student 0925,Benchmark High School,GPU CPU Timing Test,1000000925
Benchmark Student 0926,Benchmark High School,GPU CPU Timing Test,1000000926
Benchmark Student 0927,Benchmark High School,GPU CPU Timing Test,1000000927
Benchmark Student 0928,Benchmark High School,GPU CPU Timing Test,1000000928
Benchmark Student 0929,Benchmark High School,GPU CPU Timing Test,1000000929
Benchmark Student 0930,Benchmark High School,GPU CPU Timing Test,1000000930
Benchmark Student 0931,Benchmark High School,GPU CPU Timing Test,1000000931
Benchmark Student 0932,Benchmark High School,GPU CPU Timing Test,1000000932
Benchmark Student 0933,Benchmark High School,GPU CPU Timing Test,1000000933
Benchmark Student 0934,Benchmark High School,GPU CPU Timing Test,1000000934
Benchmark Student 0935,Benchmark High School,GPU CPU Timing Test,1000000935
Benchmark Student 0936,Benchmark High School,GPU CPU Timing Test,1000000936
Benchmark Student 0937,Benchmark High School,GPU CPU Timing Test,1000000937
Benchmark Student 0938,Benchmark High School,GPU CPU Timing Test,1000000938
Benchmark Student 0939,Benchmark High School,GPU CPU Timing Test,1000000939
Benchmark Student 0940,Benchmark High School,GPU CPU Timing Test,1000000940
Benchmark Student 0941,Benchmark High School,GPU CPU Timing Test,1000000941
Benchmark Student 0942,Benchmark High School,GPU CPU Timing Test,1000000942
Benchmark Student 0943,Benchmark High School,GPU CPU Timing Test,1000000943
Benchmark Student 0944,Benchmark High School,GPU CPU Timing Test,1000000944
Benchmark Student 0945,Benchmark High School,GPU CPU Timing Test,1000000945
Benchmark Student 0946,Benchmark High School,GPU CPU Timing Test,1000000946
Benchmark Student 0947,Benchmark High School,GPU CPU Timing Test,1000000947
Benchmark Student 0948,Benchmark High School,GPU CPU Timing Test,1000000948
Benchmark Student 0949,Benchmark High School,GPU CPU Timing Test,1000000949
Benchmark Student 0950,Benchmark High School,GPU CPU Timing Test,1000000950
Benchmark Student 0951,Benchmark High School,GPU CPU Timing Test,1000000951
Benchmark Student 0952,Benchmark High School,GPU CPU Timing Test,1000000952
Benchmark Student 0953,Benchmark High School,GPU CPU Timing Test,1000000953
Benchmark Student 0954,Benchmark High School,GPU CPU Timing Test,1000000954
Benchmark Student 0955,Benchmark High School,GPU CPU Timing Test,1000000955
Benchmark Student 0956,Benchmark High School,GPU CPU Timing Test,1000000956
Benchmark Student 0957,Benchmark High School,GPU CPU Timing Test,1000000957
Benchmark Student 0958,Benchmark High School,GPU CPU Timing Test,1000000958
Benchmark Student 0959,Benchmark High School,GPU CPU Timing Test,1000000959
Benchmark Student 0960,Benchmark High School,GPU CPU Timing Test,1000000960
Benchmark Student 0961,Benchmark High School,GPU CPU Timing Test,1000000961
Benchmark Student 0962,Benchmark High School,GPU CPU Timing Test,1000000962
Benchmark Student 0963,Benchmark High School,GPU CPU Timing Test,1000000963
Benchmark Student 0964,Benchmark High School,GPU CPU Timing Test,1000000964
Benchmark Student 0965,Benchmark High School,GPU CPU Timing Test,1000000965
Benchmark Student 0966,Benchmark High School,GPU CPU Timing Test,1000000966
Benchmark Student 0967,Benchmark High School,GPU CPU Timing Test,1000000967
Benchmark Student 0968,Benchmark High School,GPU CPU Timing Test,1000000968
Benchmark Student 0969,Benchmark High School,GPU CPU Timing Test,1000000969
Benchmark Student 0970,Benchmark High School,GPU CPU Timing Test,1000000970
Benchmark Student 0971,Benchmark High School,GPU CPU Timing Test,1000000971
Benchmark Student 0972,Benchmark High School,GPU CPU Timing Test,1000000972
Benchmark Student 0973,Benchmark High School,GPU CPU Timing Test,1000000973
Benchmark Student 0974,Benchmark High School,GPU CPU Timing Test,1000000974
Benchmark Student 0975,Benchmark High School,GPU CPU Timing Test,1000000975
Benchmark Student 0976,Benchmark High School,GPU CPU Timing Test,1000000976
Benchmark Student 0977,Benchmark High School,GPU CPU Timing Test,1000000977
Benchmark Student 0978,Benchmark High School,GPU CPU Timing Test,1000000978
Benchmark Student 0979,Benchmark High School,GPU CPU Timing Test,1000000979
Benchmark Student 0980,Benchmark High School,GPU CPU Timing Test,1000000980
Benchmark Student 0981,Benchmark High School,GPU CPU Timing Test,1000000981
Benchmark Student 0982,Benchmark High School,GPU CPU Timing Test,1000000982
Benchmark Student 0983,Benchmark High School,GPU CPU Timing Test,1000000983
Benchmark Student 0984,Benchmark High School,GPU CPU Timing Test,1000000984
Benchmark Student 0985,Benchmark High School,GPU CPU Timing Test,1000000985
Benchmark Student 0986,Benchmark High School,GPU CPU Timing Test,1000000986
Benchmark Student 0987,Benchmark High School,GPU CPU Timing Test,1000000987
Benchmark Student 0988,Benchmark High School,GPU CPU Timing Test,1000000988
Benchmark Student 0989,Benchmark High School,GPU CPU Timing Test,1000000989
Benchmark Student 0990,Benchmark High School,GPU CPU Timing Test,1000000990
Benchmark Student 0991,Benchmark High School,GPU CPU Timing Test,1000000991
Benchmark Student 0992,Benchmark High School,GPU CPU Timing Test,1000000992
Benchmark Student 0993,Benchmark High School,GPU CPU Timing Test,1000000993
Benchmark Student 0994,Benchmark High School,GPU CPU Timing Test,1000000994
Benchmark Student 0995,Benchmark High School,GPU CPU Timing Test,1000000995
Benchmark Student 0996,Benchmark High School,GPU CPU Timing Test,1000000996
Benchmark Student 0997,Benchmark High School,GPU CPU Timing Test,1000000997
Benchmark Student 0998,Benchmark High School,GPU CPU Timing Test,1000000998
Benchmark Student 0999,Benchmark High School,GPU CPU Timing Test,1000000999
Benchmark Student 1000,Benchmark High School,GPU CPU Timing Test,1000001000
Benchmark Student 1001,Benchmark High School,GPU CPU Timing Test,1000001001
Benchmark Student 1002,Benchmark High School,GPU CPU Timing Test,1000001002
Benchmark Student 1003,Benchmark High School,GPU CPU Timing Test,1000001003
Benchmark Student 1004,Benchmark High School,GPU CPU Timing Test,1000001004
Benchmark Student 1005,Benchmark High School,GPU CPU Timing Test,1000001005
Benchmark Student 1006,Benchmark High School,GPU CPU Timing Test,1000001006
Benchmark Student 1007,Benchmark High School,GPU CPU Timing Test,1000001007
Benchmark Student 1008,Benchmark High School,GPU CPU Timing Test,1000001008
Benchmark Student 1009,Benchmark High School,GPU CPU Timing Test,1000001009
Benchmark Student 1010,Benchmark High School,GPU CPU Timing Test,1000001010
Benchmark Student 1011,Benchmark High School,GPU CPU Timing Test,1000001011
Benchmark Student 1012,Benchmark High School,GPU CPU Timing Test,1000001012
Benchmark Student 1013,Benchmark High School,GPU CPU Timing Test,1000001013
Benchmark Student 1014,Benchmark High School,GPU CPU Timing Test,1000001014
Benchmark Student 1015,Benchmark High School,GPU CPU Timing Test,1000001015
Benchmark Student 1016,Benchmark High School,GPU CPU Timing Test,1000001016
Benchmark Student 1017,Benchmark High School,GPU CPU Timing Test,1000001017
Benchmark Student 1018,Benchmark High School,GPU CPU Timing Test,1000001018
Benchmark Student 1019,Benchmark High School,GPU CPU Timing Test,1000001019
Benchmark Student 1020,Benchmark High School,GPU CPU Timing Test,1000001020
Benchmark Student 1021,Benchmark High School,GPU CPU Timing Test,1000001021
Benchmark Student 1022,Benchmark High School,GPU CPU Timing Test,1000001022
Benchmark Student 1023,Benchmark High School,GPU CPU Timing Test,1000001023
Benchmark Student 1024,Benchmark High School,GPU CPU Timing Test,1000001024
Benchmark Student 1025,Benchmark High School,GPU CPU Timing Test,1000001025
Benchmark Student 1026,Benchmark High School,GPU CPU Timing Test,1000001026
Benchmark Student 1027,Benchmark High School,GPU CPU Timing Test,1000001027
Benchmark Student 1028,Benchmark High School,GPU CPU Timing Test,1000001028
Benchmark Student 1029,Benchmark High School,GPU CPU Timing Test,1000001029
Benchmark Student 1030,Benchmark High School,GPU CPU Timing Test,1000001030
Benchmark Student 1031,Benchmark High School,GPU CPU Timing Test,1000001031
Benchmark Student 1032,Benchmark High School,GPU CPU Timing Test,1000001032
Benchmark Student 1033,Benchmark High School,GPU CPU Timing Test,1000001033
Benchmark Student 1034,Benchmark High School,GPU CPU Timing Test,1000001034
Benchmark Student 1035,Benchmark High School,GPU CPU Timing Test,1000001035
Benchmark Student 1036,Benchmark High School,GPU CPU Timing Test,1000001036
Benchmark Student 1037,Benchmark High School,GPU CPU Timing Test,1000001037
Benchmark Student 1038,Benchmark High School,GPU CPU Timing Test,1000001038
Benchmark Student 1039,Benchmark High School,GPU CPU Timing Test,1000001039
Benchmark Student 1040,Benchmark High School,GPU CPU Timing Test,1000001040
Benchmark Student 1041,Benchmark High School,GPU CPU Timing Test,1000001041
Benchmark Student 1042,Benchmark High School,GPU CPU Timing Test,1000001042
Benchmark Student 1043,Benchmark High School,GPU CPU Timing Test,1000001043
Benchmark Student 1044,Benchmark High School,GPU CPU Timing Test,1000001044
Benchmark Student 1045,Benchmark High School,GPU CPU Timing Test,1000001045
Benchmark Student 1046,Benchmark High School,GPU CPU Timing Test,1000001046
Benchmark Student 1047,Benchmark High School,GPU CPU Timing Test,1000001047
Benchmark Student 1048,Benchmark High School,GPU CPU Timing Test,1000001048
Benchmark Student 1049,Benchmark High School,GPU CPU Timing Test,1000001049
Benchmark Student 1050,Benchmark High School,GPU CPU Timing Test,1000001050
Benchmark Student 1051,Benchmark High School,GPU CPU Timing Test,1000001051
Benchmark Student 1052,Benchmark High School,GPU CPU Timing Test,1000001052
Benchmark Student 1053,Benchmark High School,GPU CPU Timing Test,1000001053
Benchmark Student 1054,Benchmark High School,GPU CPU Timing Test,1000001054
Benchmark Student 1055,Benchmark High School,GPU CPU Timing Test,1000001055
Benchmark Student 1056,Benchmark High School,GPU CPU Timing Test,1000001056
Benchmark Student 1057,Benchmark High School,GPU CPU Timing Test,1000001057
Benchmark Student 1058,Benchmark High School,GPU CPU Timing Test,1000001058
Benchmark Student 1059,Benchmark High School,GPU CPU Timing Test,1000001059
Benchmark Student 1060,Benchmark High School,GPU CPU Timing Test,1000001060
Benchmark Student 1061,Benchmark High School,GPU CPU Timing Test,1000001061
Benchmark Student 1062,Benchmark High School,GPU CPU Timing Test,1000001062
Benchmark Student 1063,Benchmark High School,GPU CPU Timing Test,1000001063
Benchmark Student 1064,Benchmark High School,GPU CPU Timing Test,1000001064
Benchmark Student 1065,Benchmark High School,GPU CPU Timing Test,1000001065
Benchmark Student 1066,Benchmark High School,GPU CPU Timing Test,1000001066
Benchmark Student 1067,Benchmark High School,GPU CPU Timing Test,1000001067
Benchmark Student 1068,Benchmark High School,GPU CPU Timing Test,1000001068
Benchmark Student 1069,Benchmark High School,GPU CPU Timing Test,1000001069
Benchmark Student 1070,Benchmark High School,GPU CPU Timing Test,1000001070
Benchmark Student 1071,Benchmark High School,GPU CPU Timing Test,1000001071
Benchmark Student 1072,Benchmark High School,GPU CPU Timing Test,1000001072
Benchmark Student 1073,Benchmark High School,GPU CPU Timing Test,1000001073
Benchmark Student 1074,Benchmark High School,GPU CPU Timing Test,1000001074
Benchmark Student 1075,Benchmark High School,GPU CPU Timing Test,1000001075
Benchmark Student 1076,Benchmark High School,GPU CPU Timing Test,1000001076
Benchmark Student 1077,Benchmark High School,GPU CPU Timing Test,1000001077
Benchmark Student 1078,Benchmark High School,GPU CPU Timing Test,1000001078
Benchmark Student 1079,Benchmark High School,GPU CPU Timing Test,1000001079
Benchmark Student 1080,Benchmark High School,GPU CPU Timing Test,1000001080
Benchmark Student 1081,Benchmark High School,GPU CPU Timing Test,1000001081
Benchmark Student 1082,Benchmark High School,GPU CPU Timing Test,1000001082
Benchmark Student 1083,Benchmark High School,GPU CPU Timing Test,1000001083
Benchmark Student 1084,Benchmark High School,GPU CPU Timing Test,1000001084
Benchmark Student 1085,Benchmark High School,GPU CPU Timing Test,1000001085
Benchmark Student 1086,Benchmark High School,GPU CPU Timing Test,1000001086
Benchmark Student 1087,Benchmark High School,GPU CPU Timing Test,1000001087
Benchmark Student 1088,Benchmark High School,GPU CPU Timing Test,1000001088
Benchmark Student 1089,Benchmark High School,GPU CPU Timing Test,1000001089
Benchmark Student 1090,Benchmark High School,GPU CPU Timing Test,1000001090
Benchmark Student 1091,Benchmark High School,GPU CPU Timing Test,1000001091
Benchmark Student 1092,Benchmark High School,GPU CPU Timing Test,1000001092
Benchmark Student 1093,Benchmark High School,GPU CPU Timing Test,1000001093
Benchmark Student 1094,Benchmark High School,GPU CPU Timing Test,1000001094
Benchmark Student 1095,Benchmark High School,GPU CPU Timing Test,1000001095
Benchmark Student 1096,Benchmark High School,GPU CPU Timing Test,1000001096
Benchmark Student 1097,Benchmark High School,GPU CPU Timing Test,1000001097
Benchmark Student 1098,Benchmark High School,GPU CPU Timing Test,1000001098
Benchmark Student 1099,Benchmark High School,GPU CPU Timing Test,1000001099
Benchmark Student 1100,Benchmark High School,GPU CPU Timing Test,1000001100
Benchmark Student 1101,Benchmark High School,GPU CPU Timing Test,1000001101
Benchmark Student 1102,Benchmark High School,GPU CPU Timing Test,1000001102
Benchmark Student 1103,Benchmark High School,GPU CPU Timing Test,1000001103
Benchmark Student 1104,Benchmark High School,GPU CPU Timing Test,1000001104
Benchmark Student 1105,Benchmark High School,GPU CPU Timing Test,1000001105
Benchmark Student 1106,Benchmark High School,GPU CPU Timing Test,1000001106
Benchmark Student 1107,Benchmark High School,GPU CPU Timing Test,1000001107
Benchmark Student 1108,Benchmark High School,GPU CPU Timing Test,1000001108
Benchmark Student 1109,Benchmark High School,GPU CPU Timing Test,1000001109
Benchmark Student 1110,Benchmark High School,GPU CPU Timing Test,1000001110
Benchmark Student 1111,Benchmark High School,GPU CPU Timing Test,1000001111
Benchmark Student 1112,Benchmark High School,GPU CPU Timing Test,1000001112
Benchmark Student 1113,Benchmark High School,GPU CPU Timing Test,1000001113
Benchmark Student 1114,Benchmark High School,GPU CPU Timing Test,1000001114
Benchmark Student 1115,Benchmark High School,GPU CPU Timing Test,1000001115
Benchmark Student 1116,Benchmark High School,GPU CPU Timing Test,1000001116
Benchmark Student 1117,Benchmark High School,GPU CPU Timing Test,1000001117
Benchmark Student 1118,Benchmark High School,GPU CPU Timing Test,1000001118
Benchmark Student 1119,Benchmark High School,GPU CPU Timing Test,1000001119
Benchmark Student 1120,Benchmark High School,GPU CPU Timing Test,1000001120
Benchmark Student 1121,Benchmark High School,GPU CPU Timing Test,1000001121
Benchmark Student 1122,Benchmark High School,GPU CPU Timing Test,1000001122
Benchmark Student 1123,Benchmark High School,GPU CPU Timing Test,1000001123
Benchmark Student 1124,Benchmark High School,GPU CPU Timing Test,1000001124
Benchmark Student 1125,Benchmark High School,GPU CPU Timing Test,1000001125
Benchmark Student 1126,Benchmark High School,GPU CPU Timing Test,1000001126
Benchmark Student 1127,Benchmark High School,GPU CPU Timing Test,1000001127
Benchmark Student 1128,Benchmark High School,GPU CPU Timing Test,1000001128
Benchmark Student 1129,Benchmark High School,GPU CPU Timing Test,1000001129
Benchmark Student 1130,Benchmark High School,GPU CPU Timing Test,1000001130
Benchmark Student 1131,Benchmark High School,GPU CPU Timing Test,1000001131
Benchmark Student 1132,Benchmark High School,GPU CPU Timing Test,1000001132
Benchmark Student 1133,Benchmark High School,GPU CPU Timing Test,1000001133
Benchmark Student 1134,Benchmark High School,GPU CPU Timing Test,1000001134
Benchmark Student 1135,Benchmark High School,GPU CPU Timing Test,1000001135
Benchmark Student 1136,Benchmark High School,GPU CPU Timing Test,1000001136
Benchmark Student 1137,Benchmark High School,GPU CPU Timing Test,1000001137
Benchmark Student 1138,Benchmark High School,GPU CPU Timing Test,1000001138
Benchmark Student 1139,Benchmark High School,GPU CPU Timing Test,1000001139
Benchmark Student 1140,Benchmark High School,GPU CPU Timing Test,1000001140
Benchmark Student 1141,Benchmark High School,GPU CPU Timing Test,1000001141
Benchmark Student 1142,Benchmark High School,GPU CPU Timing Test,1000001142
Benchmark Student 1143,Benchmark High School,GPU CPU Timing Test,1000001143
Benchmark Student 1144,Benchmark High School,GPU CPU Timing Test,1000001144
Benchmark Student 1145,Benchmark High School,GPU CPU Timing Test,1000001145
Benchmark Student 1146,Benchmark High School,GPU CPU Timing Test,1000001146
Benchmark Student 1147,Benchmark High School,GPU CPU Timing Test,1000001147
Benchmark Student 1148,Benchmark High School,GPU CPU Timing Test,1000001148
Benchmark Student 1149,Benchmark High School,GPU CPU Timing Test,1000001149
Benchmark Student 1150,Benchmark High School,GPU CPU Timing Test,1000001150
Benchmark Student 1151,Benchmark High School,GPU CPU Timing Test,1000001151
Benchmark Student 1152,Benchmark High School,GPU CPU Timing Test,1000001152
Benchmark Student 1153,Benchmark High School,GPU CPU Timing Test,1000001153
Benchmark Student 1154,Benchmark High School,GPU CPU Timing Test,1000001154
Benchmark Student 1155,Benchmark High School,GPU CPU Timing Test,1000001155
Benchmark Student 1156,Benchmark High School,GPU CPU Timing Test,1000001156
Benchmark Student 1157,Benchmark High School,GPU CPU Timing Test,1000001157
Benchmark Student 1158,Benchmark High School,GPU CPU Timing Test,1000001158
Benchmark Student 1159,Benchmark High School,GPU CPU Timing Test,1000001159
Benchmark Student 1160,Benchmark High School,GPU CPU Timing Test,1000001160
Benchmark Student 1161,Benchmark High School,GPU CPU Timing Test,1000001161
Benchmark Student 1162,Benchmark High School,GPU CPU Timing Test,1000001162
Benchmark Student 1163,Benchmark High School,GPU CPU Timing Test,1000001163
Benchmark Student 1164,Benchmark High School,GPU CPU Timing Test,1000001164
Benchmark Student 1165,Benchmark High School,GPU CPU Timing Test,1000001165
Benchmark Student 1166,Benchmark High School,GPU CPU Timing Test,1000001166
Benchmark Student 1167,Benchmark High School,GPU CPU Timing Test,1000001167
Benchmark Student 1168,Benchmark High School,GPU CPU Timing Test,1000001168
Benchmark Student 1169,Benchmark High School,GPU CPU Timing Test,1000001169
Benchmark Student 1170,Benchmark High School,GPU CPU Timing Test,1000001170
Benchmark Student 1171,Benchmark High School,GPU CPU Timing Test,1000001171
Benchmark Student 1172,Benchmark High School,GPU CPU Timing Test,1000001172
Benchmark Student 1173,Benchmark High School,GPU CPU Timing Test,1000001173
Benchmark Student 1174,Benchmark High School,GPU CPU Timing Test,1000001174
Benchmark Student 1175,Benchmark High School,GPU CPU Timing Test,1000001175
Benchmark Student 1176,Benchmark High School,GPU CPU Timing Test,1000001176
Benchmark Student 1177,Benchmark High School,GPU CPU Timing Test,1000001177
Benchmark Student 1178,Benchmark High School,GPU CPU Timing Test,1000001178
Benchmark Student 1179,Benchmark High School,GPU CPU Timing Test,1000001179
Benchmark Student 1180,Benchmark High School,GPU CPU Timing Test,1000001180
Benchmark Student 1181,Benchmark High School,GPU CPU Timing Test,1000001181
Benchmark Student 1182,Benchmark High School,GPU CPU Timing Test,1000001182
Benchmark Student 1183,Benchmark High School,GPU CPU Timing Test,1000001183
Benchmark Student 1184,Benchmark High School,GPU CPU Timing Test,1000001184
Benchmark Student 1185,Benchmark High School,GPU CPU Timing Test,1000001185
Benchmark Student 1186,Benchmark High School,GPU CPU Timing Test,1000001186
Benchmark Student 1187,Benchmark High School,GPU CPU Timing Test,1000001187
Benchmark Student 1188,Benchmark High School,GPU CPU Timing Test,1000001188
Benchmark Student 1189,Benchmark High School,GPU CPU Timing Test,1000001189
Benchmark Student 1190,Benchmark High School,GPU CPU Timing Test,1000001190
Benchmark Student 1191,Benchmark High School,GPU CPU Timing Test,1000001191
Benchmark Student 1192,Benchmark High School,GPU CPU Timing Test,1000001192
Benchmark Student 1193,Benchmark High School,GPU CPU Timing Test,1000001193
Benchmark Student 1194,Benchmark High School,GPU CPU Timing Test,1000001194
Benchmark Student 1195,Benchmark High School,GPU CPU Timing Test,1000001195
Benchmark Student 1196,Benchmark High School,GPU CPU Timing Test,1000001196
Benchmark Student 1197,Benchmark High School,GPU CPU Timing Test,1000001197
Benchmark Student 1198,Benchmark High School,GPU CPU Timing Test,1000001198
Benchmark Student 1199,Benchmark High School,GPU CPU Timing Test,1000001199
Benchmark Student 1200,Benchmark High School,GPU CPU Timing Test,1000001200
Benchmark Student 1201,Benchmark High School,GPU CPU Timing Test,1000001201
Benchmark Student 1202,Benchmark High School,GPU CPU Timing Test,1000001202
Benchmark Student 1203,Benchmark High School,GPU CPU Timing Test,1000001203
Benchmark Student 1204,Benchmark High School,GPU CPU Timing Test,1000001204
Benchmark Student 1205,Benchmark High School,GPU CPU Timing Test,1000001205
Benchmark Student 1206,Benchmark High School,GPU CPU Timing Test,1000001206
Benchmark Student 1207,Benchmark High School,GPU CPU Timing Test,1000001207
Benchmark Student 1208,Benchmark High School,GPU CPU Timing Test,1000001208
Benchmark Student 1209,Benchmark High School,GPU CPU Timing Test,1000001209
Benchmark Student 1210,Benchmark High School,GPU CPU Timing Test,1000001210
Benchmark Student 1211,Benchmark High School,GPU CPU Timing Test,1000001211
Benchmark Student 1212,Benchmark High School,GPU CPU Timing Test,1000001212
Benchmark Student 1213,Benchmark High School,GPU CPU Timing Test,1000001213
Benchmark Student 1214,Benchmark High School,GPU CPU Timing Test,1000001214
Benchmark Student 1215,Benchmark High School,GPU CPU Timing Test,1000001215
Benchmark Student 1216,Benchmark High School,GPU CPU Timing Test,1000001216
Benchmark Student 1217,Benchmark High School,GPU CPU Timing Test,1000001217
Benchmark Student 1218,Benchmark High School,GPU CPU Timing Test,1000001218
Benchmark Student 1219,Benchmark High School,GPU CPU Timing Test,1000001219
Benchmark Student 1220,Benchmark High School,GPU CPU Timing Test,1000001220
Benchmark Student 1221,Benchmark High School,GPU CPU Timing Test,1000001221
Benchmark Student 1222,Benchmark High School,GPU CPU Timing Test,1000001222
Benchmark Student 1223,Benchmark High School,GPU CPU Timing Test,1000001223
Benchmark Student 1224,Benchmark High School,GPU CPU Timing Test,1000001224
Benchmark Student 1225,Benchmark High School,GPU CPU Timing Test,1000001225
Benchmark Student 1226,Benchmark High School,GPU CPU Timing Test,1000001226
Benchmark Student 1227,Benchmark High School,GPU CPU Timing Test,1000001227
Benchmark Student 1228,Benchmark High School,GPU CPU Timing Test,1000001228
Benchmark Student 1229,Benchmark High School,GPU CPU Timing Test,1000001229
Benchmark Student 1230,Benchmark High School,GPU CPU Timing Test,1000001230
Benchmark Student 1231,Benchmark High School,GPU CPU Timing Test,1000001231
Benchmark Student 1232,Benchmark High School,GPU CPU Timing Test,1000001232
Benchmark Student 1233,Benchmark High School,GPU CPU Timing Test,1000001233
Benchmark Student 1234,Benchmark High School,GPU CPU Timing Test,1000001234
Benchmark Student 1235,Benchmark High School,GPU CPU Timing Test,1000001235
Benchmark Student 1236,Benchmark High School,GPU CPU Timing Test,1000001236
Benchmark Student 1237,Benchmark High School,GPU CPU Timing Test,1000001237
Benchmark Student 1238,Benchmark High School,GPU CPU Timing Test,1000001238
Benchmark Student 1239,Benchmark High School,GPU CPU Timing Test,1000001239
Benchmark Student 1240,Benchmark High School,GPU CPU Timing Test,1000001240
Benchmark Student 1241,Benchmark High School,GPU CPU Timing Test,1000001241
Benchmark Student 1242,Benchmark High School,GPU CPU Timing Test,1000001242
Benchmark Student 1243,Benchmark High School,GPU CPU Timing Test,1000001243
Benchmark Student 1244,Benchmark High School,GPU CPU Timing Test,1000001244
Benchmark Student 1245,Benchmark High School,GPU CPU Timing Test,1000001245
Benchmark Student 1246,Benchmark High School,GPU CPU Timing Test,1000001246
Benchmark Student 1247,Benchmark High School,GPU CPU Timing Test,1000001247
Benchmark Student 1248,Benchmark High School,GPU CPU Timing Test,1000001248
Benchmark Student 1249,Benchmark High School,GPU CPU Timing Test,1000001249
Benchmark Student 1250,Benchmark High School,GPU CPU Timing Test,1000001250
Benchmark Student 1251,Benchmark High School,GPU CPU Timing Test,1000001251
Benchmark Student 1252,Benchmark High School,GPU CPU Timing Test,1000001252
Benchmark Student 1253,Benchmark High School,GPU CPU Timing Test,1000001253
Benchmark Student 1254,Benchmark High School,GPU CPU Timing Test,1000001254
Benchmark Student 1255,Benchmark High School,GPU CPU Timing Test,1000001255
Benchmark Student 1256,Benchmark High School,GPU CPU Timing Test,1000001256
Benchmark Student 1257,Benchmark High School,GPU CPU Timing Test,1000001257
Benchmark Student 1258,Benchmark High School,GPU CPU Timing Test,1000001258
Benchmark Student 1259,Benchmark High School,GPU CPU Timing Test,1000001259
Benchmark Student 1260,Benchmark High School,GPU CPU Timing Test,1000001260
Benchmark Student 1261,Benchmark High School,GPU CPU Timing Test,1000001261
Benchmark Student 1262,Benchmark High School,GPU CPU Timing Test,1000001262
Benchmark Student 1263,Benchmark High School,GPU CPU Timing Test,1000001263
Benchmark Student 1264,Benchmark High School,GPU CPU Timing Test,1000001264
Benchmark Student 1265,Benchmark High School,GPU CPU Timing Test,1000001265
Benchmark Student 1266,Benchmark High School,GPU CPU Timing Test,1000001266
Benchmark Student 1267,Benchmark High School,GPU CPU Timing Test,1000001267
Benchmark Student 1268,Benchmark High School,GPU CPU Timing Test,1000001268
Benchmark Student 1269,Benchmark High School,GPU CPU Timing Test,1000001269
Benchmark Student 1270,Benchmark High School,GPU CPU Timing Test,1000001270
Benchmark Student 1271,Benchmark High School,GPU CPU Timing Test,1000001271
Benchmark Student 1272,Benchmark High School,GPU CPU Timing Test,1000001272
Benchmark Student 1273,Benchmark High School,GPU CPU Timing Test,1000001273
Benchmark Student 1274,Benchmark High School,GPU CPU Timing Test,1000001274
Benchmark Student 1275,Benchmark High School,GPU CPU Timing Test,1000001275
Benchmark Student 1276,Benchmark High School,GPU CPU Timing Test,1000001276
Benchmark Student 1277,Benchmark High School,GPU CPU Timing Test,1000001277
Benchmark Student 1278,Benchmark High School,GPU CPU Timing Test,1000001278
Benchmark Student 1279,Benchmark High School,GPU CPU Timing Test,1000001279
Benchmark Student 1280,Benchmark High School,GPU CPU Timing Test,1000001280
Benchmark Student 1281,Benchmark High School,GPU CPU Timing Test,1000001281
Benchmark Student 1282,Benchmark High School,GPU CPU Timing Test,1000001282
Benchmark Student 1283,Benchmark High School,GPU CPU Timing Test,1000001283
Benchmark Student 1284,Benchmark High School,GPU CPU Timing Test,1000001284
Benchmark Student 1285,Benchmark High School,GPU CPU Timing Test,1000001285
Benchmark Student 1286,Benchmark High School,GPU CPU Timing Test,1000001286
Benchmark Student 1287,Benchmark High School,GPU CPU Timing Test,1000001287
Benchmark Student 1288,Benchmark High School,GPU CPU Timing Test,1000001288
Benchmark Student 1289,Benchmark High School,GPU CPU Timing Test,1000001289
Benchmark Student 1290,Benchmark High School,GPU CPU Timing Test,1000001290
Benchmark Student 1291,Benchmark High School,GPU CPU Timing Test,1000001291
Benchmark Student 1292,Benchmark High School,GPU CPU Timing Test,1000001292
Benchmark Student 1293,Benchmark High School,GPU CPU Timing Test,1000001293
Benchmark Student 1294,Benchmark High School,GPU CPU Timing Test,1000001294
Benchmark Student 1295,Benchmark High School,GPU CPU Timing Test,1000001295
Benchmark Student 1296,Benchmark High School,GPU CPU Timing Test,1000001296
Benchmark Student 1297,Benchmark High School,GPU CPU Timing Test,1000001297
Benchmark Student 1298,Benchmark High School,GPU CPU Timing Test,1000001298
Benchmark Student 1299,Benchmark High School,GPU CPU Timing Test,1000001299
Benchmark Student 1300,Benchmark High School,GPU CPU Timing Test,1000001300
Benchmark Student 1301,Benchmark High School,GPU CPU Timing Test,1000001301
Benchmark Student 1302,Benchmark High School,GPU CPU Timing Test,1000001302
Benchmark Student 1303,Benchmark High School,GPU CPU Timing Test,1000001303
Benchmark Student 1304,Benchmark High School,GPU CPU Timing Test,1000001304
Benchmark Student 1305,Benchmark High School,GPU CPU Timing Test,1000001305
Benchmark Student 1306,Benchmark High School,GPU CPU Timing Test,1000001306
Benchmark Student 1307,Benchmark High School,GPU CPU Timing Test,1000001307
Benchmark Student 1308,Benchmark High School,GPU CPU Timing Test,1000001308
Benchmark Student 1309,Benchmark High School,GPU CPU Timing Test,1000001309
Benchmark Student 1310,Benchmark High School,GPU CPU Timing Test,1000001310
Benchmark Student 1311,Benchmark High School,GPU CPU Timing Test,1000001311
Benchmark Student 1312,Benchmark High School,GPU CPU Timing Test,1000001312
Benchmark Student 1313,Benchmark High School,GPU CPU Timing Test,1000001313
Benchmark Student 1314,Benchmark High School,GPU CPU Timing Test,1000001314
Benchmark Student 1315,Benchmark High School,GPU CPU Timing Test,1000001315
Benchmark Student 1316,Benchmark High School,GPU CPU Timing Test,1000001316
Benchmark Student 1317,Benchmark High School,GPU CPU Timing Test,1000001317
Benchmark Student 1318,Benchmark High School,GPU CPU Timing Test,1000001318
Benchmark Student 1319,Benchmark High School,GPU CPU Timing Test,1000001319
Benchmark Student 1320,Benchmark High School,GPU CPU Timing Test,1000001320
Benchmark Student 1321,Benchmark High School,GPU CPU Timing Test,1000001321
Benchmark Student 1322,Benchmark High School,GPU CPU Timing Test,1000001322
Benchmark Student 1323,Benchmark High School,GPU CPU Timing Test,1000001323
Benchmark Student 1324,Benchmark High School,GPU CPU Timing Test,1000001324
Benchmark Student 1325,Benchmark High School,GPU CPU Timing Test,1000001325
Benchmark Student 1326,Benchmark High School,GPU CPU Timing Test,1000001326
Benchmark Student 1327,Benchmark High School,GPU CPU Timing Test,1000001327
Benchmark Student 1328,Benchmark High School,GPU CPU Timing Test,1000001328
Benchmark Student 1329,Benchmark High School,GPU CPU Timing Test,1000001329
Benchmark Student 1330,Benchmark High School,GPU CPU Timing Test,1000001330
Benchmark Student 1331,Benchmark High School,GPU CPU Timing Test,1000001331
Benchmark Student 1332,Benchmark High School,GPU CPU Timing Test,1000001332
Benchmark Student 1333,Benchmark High School,GPU CPU Timing Test,1000001333
Benchmark Student 1334,Benchmark High School,GPU CPU Timing Test,1000001334
Benchmark Student 1335,Benchmark High School,GPU CPU Timing Test,1000001335
Benchmark Student 1336,Benchmark High School,GPU CPU Timing Test,1000001336
Benchmark Student 1337,Benchmark High School,GPU CPU Timing Test,1000001337
Benchmark Student 1338,Benchmark High School,GPU CPU Timing Test,1000001338
Benchmark Student 1339,Benchmark High School,GPU CPU Timing Test,1000001339
Benchmark Student 1340,Benchmark High School,GPU CPU Timing Test,1000001340
Benchmark Student 1341,Benchmark High School,GPU CPU Timing Test,1000001341
Benchmark Student 1342,Benchmark High School,GPU CPU Timing Test,1000001342
Benchmark Student 1343,Benchmark High School,GPU CPU Timing Test,1000001343
Benchmark Student 1344,Benchmark High School,GPU CPU Timing Test,1000001344
Benchmark Student 1345,Benchmark High School,GPU CPU Timing Test,1000001345
Benchmark Student 1346,Benchmark High School,GPU CPU Timing Test,1000001346
Benchmark Student 1347,Benchmark High School,GPU CPU Timing Test,1000001347
Benchmark Student 1348,Benchmark High School,GPU CPU Timing Test,1000001348
Benchmark Student 1349,Benchmark High School,GPU CPU Timing Test,1000001349
Benchmark Student 1350,Benchmark High School,GPU CPU Timing Test,1000001350
Benchmark Student 1351,Benchmark High School,GPU CPU Timing Test,1000001351
Benchmark Student 1352,Benchmark High School,GPU CPU Timing Test,1000001352
Benchmark Student 1353,Benchmark High School,GPU CPU Timing Test,1000001353
Benchmark Student 1354,Benchmark High School,GPU CPU Timing Test,1000001354
Benchmark Student 1355,Benchmark High School,GPU CPU Timing Test,1000001355
Benchmark Student 1356,Benchmark High School,GPU CPU Timing Test,1000001356
Benchmark Student 1357,Benchmark High School,GPU CPU Timing Test,1000001357
Benchmark Student 1358,Benchmark High School,GPU CPU Timing Test,1000001358
Benchmark Student 1359,Benchmark High School,GPU CPU Timing Test,1000001359
Benchmark Student 1360,Benchmark High School,GPU CPU Timing Test,1000001360
Benchmark Student 1361,Benchmark High School,GPU CPU Timing Test,1000001361
Benchmark Student 1362,Benchmark High School,GPU CPU Timing Test,1000001362
Benchmark Student 1363,Benchmark High School,GPU CPU Timing Test,1000001363
Benchmark Student 1364,Benchmark High School,GPU CPU Timing Test,1000001364
Benchmark Student 1365,Benchmark High School,GPU CPU Timing Test,1000001365
Benchmark Student 1366,Benchmark High School,GPU CPU Timing Test,1000001366
Benchmark Student 1367,Benchmark High School,GPU CPU Timing Test,1000001367
Benchmark Student 1368,Benchmark High School,GPU CPU Timing Test,1000001368
Benchmark Student 1369,Benchmark High School,GPU CPU Timing Test,1000001369
Benchmark Student 1370,Benchmark High School,GPU CPU Timing Test,1000001370
Benchmark Student 1371,Benchmark High School,GPU CPU Timing Test,1000001371
Benchmark Student 1372,Benchmark High School,GPU CPU Timing Test,1000001372
Benchmark Student 1373,Benchmark High School,GPU CPU Timing Test,1000001373
Benchmark Student 1374,Benchmark High School,GPU CPU Timing Test,1000001374
Benchmark Student 1375,Benchmark High School,GPU CPU Timing Test,1000001375
Benchmark Student 1376,Benchmark High School,GPU CPU Timing Test,1000001376
Benchmark Student 1377,Benchmark High School,GPU CPU Timing Test,1000001377
Benchmark Student 1378,Benchmark High School,GPU CPU Timing Test,1000001378
Benchmark Student 1379,Benchmark High School,GPU CPU Timing Test,1000001379
Benchmark Student 1380,Benchmark High School,GPU CPU Timing Test,1000001380
Benchmark Student 1381,Benchmark High School,GPU CPU Timing Test,1000001381
Benchmark Student 1382,Benchmark High School,GPU CPU Timing Test,1000001382
Benchmark Student 1383,Benchmark High School,GPU CPU Timing Test,1000001383
Benchmark Student 1384,Benchmark High School,GPU CPU Timing Test,1000001384
Benchmark Student 1385,Benchmark High School,GPU CPU Timing Test,1000001385
Benchmark Student 1386,Benchmark High School,GPU CPU Timing Test,1000001386
Benchmark Student 1387,Benchmark High School,GPU CPU Timing Test,1000001387
Benchmark Student 1388,Benchmark High School,GPU CPU Timing Test,1000001388
Benchmark Student 1389,Benchmark High School,GPU CPU Timing Test,1000001389
Benchmark Student 1390,Benchmark High School,GPU CPU Timing Test,1000001390
Benchmark Student 1391,Benchmark High School,GPU CPU Timing Test,1000001391
Benchmark Student 1392,Benchmark High School,GPU CPU Timing Test,1000001392
Benchmark Student 1393,Benchmark High School,GPU CPU Timing Test,1000001393
Benchmark Student 1394,Benchmark High School,GPU CPU Timing Test,1000001394
Benchmark Student 1395,Benchmark High School,GPU CPU Timing Test,1000001395
Benchmark Student 1396,Benchmark High School,GPU CPU Timing Test,1000001396
Benchmark Student 1397,Benchmark High School,GPU CPU Timing Test,1000001397
Benchmark Student 1398,Benchmark High School,GPU CPU Timing Test,1000001398
Benchmark Student 1399,Benchmark High School,GPU CPU Timing Test,1000001399
Benchmark Student 1400,Benchmark High School,GPU CPU Timing Test,1000001400
Benchmark Student 1401,Benchmark High School,GPU CPU Timing Test,1000001401
Benchmark Student 1402,Benchmark High School,GPU CPU Timing Test,1000001402
Benchmark Student 1403,Benchmark High School,GPU CPU Timing Test,1000001403
Benchmark Student 1404,Benchmark High School,GPU CPU Timing Test,1000001404
Benchmark Student 1405,Benchmark High School,GPU CPU Timing Test,1000001405
Benchmark Student 1406,Benchmark High School,GPU CPU Timing Test,1000001406
Benchmark Student 1407,Benchmark High School,GPU CPU Timing Test,1000001407
Benchmark Student 1408,Benchmark High School,GPU CPU Timing Test,1000001408
Benchmark Student 1409,Benchmark High School,GPU CPU Timing Test,1000001409
Benchmark Student 1410,Benchmark High School,GPU CPU Timing Test,1000001410
Benchmark Student 1411,Benchmark High School,GPU CPU Timing Test,1000001411
Benchmark Student 1412,Benchmark High School,GPU CPU Timing Test,1000001412
Benchmark Student 1413,Benchmark High School,GPU CPU Timing Test,1000001413
Benchmark Student 1414,Benchmark High School,GPU CPU Timing Test,1000001414
Benchmark Student 1415,Benchmark High School,GPU CPU Timing Test,1000001415
Benchmark Student 1416,Benchmark High School,GPU CPU Timing Test,1000001416
Benchmark Student 1417,Benchmark High School,GPU CPU Timing Test,1000001417
Benchmark Student 1418,Benchmark High School,GPU CPU Timing Test,1000001418
Benchmark Student 1419,Benchmark High School,GPU CPU Timing Test,1000001419
Benchmark Student 1420,Benchmark High School,GPU CPU Timing Test,1000001420
Benchmark Student 1421,Benchmark High School,GPU CPU Timing Test,1000001421
Benchmark Student 1422,Benchmark High School,GPU CPU Timing Test,1000001422
Benchmark Student 1423,Benchmark High School,GPU CPU Timing Test,1000001423
Benchmark Student 1424,Benchmark High School,GPU CPU Timing Test,1000001424
Benchmark Student 1425,Benchmark High School,GPU CPU Timing Test,1000001425
Benchmark Student 1426,Benchmark High School,GPU CPU Timing Test,1000001426
Benchmark Student 1427,Benchmark High School,GPU CPU Timing Test,1000001427
Benchmark Student 1428,Benchmark High School,GPU CPU Timing Test,1000001428
Benchmark Student 1429,Benchmark High School,GPU CPU Timing Test,1000001429
Benchmark Student 1430,Benchmark High School,GPU CPU Timing Test,1000001430
Benchmark Student 1431,Benchmark High School,GPU CPU Timing Test,1000001431
Benchmark Student 1432,Benchmark High School,GPU CPU Timing Test,1000001432
Benchmark Student 1433,Benchmark High School,GPU CPU Timing Test,1000001433
Benchmark Student 1434,Benchmark High School,GPU CPU Timing Test,1000001434
Benchmark Student 1435,Benchmark High School,GPU CPU Timing Test,1000001435
Benchmark Student 1436,Benchmark High School,GPU CPU Timing Test,1000001436
Benchmark Student 1437,Benchmark High School,GPU CPU Timing Test,1000001437
Benchmark Student 1438,Benchmark High School,GPU CPU Timing Test,1000001438
Benchmark Student 1439,Benchmark High School,GPU CPU Timing Test,1000001439
Benchmark Student 1440,Benchmark High School,GPU CPU Timing Test,1000001440
Benchmark Student 1441,Benchmark High School,GPU CPU Timing Test,1000001441
Benchmark Student 1442,Benchmark High School,GPU CPU Timing Test,1000001442
Benchmark Student 1443,Benchmark High School,GPU CPU Timing Test,1000001443
Benchmark Student 1444,Benchmark High School,GPU CPU Timing Test,1000001444
Benchmark Student 1445,Benchmark High School,GPU CPU Timing Test,1000001445
Benchmark Student 1446,Benchmark High School,GPU CPU Timing Test,1000001446
Benchmark Student 1447,Benchmark High School,GPU CPU Timing Test,1000001447
Benchmark Student 1448,Benchmark High School,GPU CPU Timing Test,1000001448
Benchmark Student 1449,Benchmark High School,GPU CPU Timing Test,1000001449
Benchmark Student 1450,Benchmark High School,GPU CPU Timing Test,1000001450
Benchmark Student 1451,Benchmark High School,GPU CPU Timing Test,1000001451
Benchmark Student 1452,Benchmark High School,GPU CPU Timing Test,1000001452
Benchmark Student 1453,Benchmark High School,GPU CPU Timing Test,1000001453
Benchmark Student 1454,Benchmark High School,GPU CPU Timing Test,1000001454
Benchmark Student 1455,Benchmark High School,GPU CPU Timing Test,1000001455
Benchmark Student 1456,Benchmark High School,GPU CPU Timing Test,1000001456
Benchmark Student 1457,Benchmark High School,GPU CPU Timing Test,1000001457
Benchmark Student 1458,Benchmark High School,GPU CPU Timing Test,1000001458
Benchmark Student 1459,Benchmark High School,GPU CPU Timing Test,1000001459
Benchmark Student 1460,Benchmark High School,GPU CPU Timing Test,1000001460
Benchmark Student 1461,Benchmark High School,GPU CPU Timing Test,1000001461
Benchmark Student 1462,Benchmark High School,GPU CPU Timing Test,1000001462
Benchmark Student 1463,Benchmark High School,GPU CPU Timing Test,1000001463
Benchmark Student 1464,Benchmark High School,GPU CPU Timing Test,1000001464
Benchmark Student 1465,Benchmark High School,GPU CPU Timing Test,1000001465
Benchmark Student 1466,Benchmark High School,GPU CPU Timing Test,1000001466
Benchmark Student 1467,Benchmark High School,GPU CPU Timing Test,1000001467
Benchmark Student 1468,Benchmark High School,GPU CPU Timing Test,1000001468
Benchmark Student 1469,Benchmark High School,GPU CPU Timing Test,1000001469
Benchmark Student 1470,Benchmark High School,GPU CPU Timing Test,1000001470
Benchmark Student 1471,Benchmark High School,GPU CPU Timing Test,1000001471
Benchmark Student 1472,Benchmark High School,GPU CPU Timing Test,1000001472
Benchmark Student 1473,Benchmark High School,GPU CPU Timing Test,1000001473
Benchmark Student 1474,Benchmark High School,GPU CPU Timing Test,1000001474
Benchmark Student 1475,Benchmark High School,GPU CPU Timing Test,1000001475
Benchmark Student 1476,Benchmark High School,GPU CPU Timing Test,1000001476
Benchmark Student 1477,Benchmark High School,GPU CPU Timing Test,1000001477
Benchmark Student 1478,Benchmark High School,GPU CPU Timing Test,1000001478
Benchmark Student 1479,Benchmark High School,GPU CPU Timing Test,1000001479
Benchmark Student 1480,Benchmark High School,GPU CPU Timing Test,1000001480
Benchmark Student 1481,Benchmark High School,GPU CPU Timing Test,1000001481
Benchmark Student 1482,Benchmark High School,GPU CPU Timing Test,1000001482
Benchmark Student 1483,Benchmark High School,GPU CPU Timing Test,1000001483
Benchmark Student 1484,Benchmark High School,GPU CPU Timing Test,1000001484
Benchmark Student 1485,Benchmark High School,GPU CPU Timing Test,1000001485
Benchmark Student 1486,Benchmark High School,GPU CPU Timing Test,1000001486
Benchmark Student 1487,Benchmark High School,GPU CPU Timing Test,1000001487
Benchmark Student 1488,Benchmark High School,GPU CPU Timing Test,1000001488
Benchmark Student 1489,Benchmark High School,GPU CPU Timing Test,1000001489
Benchmark Student 1490,Benchmark High School,GPU CPU Timing Test,1000001490
Benchmark Student 1491,Benchmark High School,GPU CPU Timing Test,1000001491
Benchmark Student 1492,Benchmark High School,GPU CPU Timing Test,1000001492
Benchmark Student 1493,Benchmark High School,GPU CPU Timing Test,1000001493
Benchmark Student 1494,Benchmark High School,GPU CPU Timing Test,1000001494
Benchmark Student 1495,Benchmark High School,GPU CPU Timing Test,1000001495
Benchmark Student 1496,Benchmark High School,GPU CPU Timing Test,1000001496
Benchmark Student 1497,Benchmark High School,GPU CPU Timing Test,1000001497
Benchmark Student 1498,Benchmark High School,GPU CPU Timing Test,1000001498
Benchmark Student 1499,Benchmark High School,GPU CPU Timing Test,1000001499
Benchmark Student 1500,Benchmark High School,GPU CPU Timing Test,1000001500
Benchmark Student 1501,Benchmark High School,GPU CPU Timing Test,1000001501
Benchmark Student 1502,Benchmark High School,GPU CPU Timing Test,1000001502
Benchmark Student 1503,Benchmark High School,GPU CPU Timing Test,1000001503
Benchmark Student 1504,Benchmark High School,GPU CPU Timing Test,1000001504
Benchmark Student 1505,Benchmark High School,GPU CPU Timing Test,1000001505
Benchmark Student 1506,Benchmark High School,GPU CPU Timing Test,1000001506
Benchmark Student 1507,Benchmark High School,GPU CPU Timing Test,1000001507
Benchmark Student 1508,Benchmark High School,GPU CPU Timing Test,1000001508
Benchmark Student 1509,Benchmark High School,GPU CPU Timing Test,1000001509
Benchmark Student 1510,Benchmark High School,GPU CPU Timing Test,1000001510
Benchmark Student 1511,Benchmark High School,GPU CPU Timing Test,1000001511
Benchmark Student 1512,Benchmark High School,GPU CPU Timing Test,1000001512
Benchmark Student 1513,Benchmark High School,GPU CPU Timing Test,1000001513
Benchmark Student 1514,Benchmark High School,GPU CPU Timing Test,1000001514
Benchmark Student 1515,Benchmark High School,GPU CPU Timing Test,1000001515
Benchmark Student 1516,Benchmark High School,GPU CPU Timing Test,1000001516
Benchmark Student 1517,Benchmark High School,GPU CPU Timing Test,1000001517
Benchmark Student 1518,Benchmark High School,GPU CPU Timing Test,1000001518
Benchmark Student 1519,Benchmark High School,GPU CPU Timing Test,1000001519
Benchmark Student 1520,Benchmark High School,GPU CPU Timing Test,1000001520
Benchmark Student 1521,Benchmark High School,GPU CPU Timing Test,1000001521
Benchmark Student 1522,Benchmark High School,GPU CPU Timing Test,1000001522
Benchmark Student 1523,Benchmark High School,GPU CPU Timing Test,1000001523
Benchmark Student 1524,Benchmark High School,GPU CPU Timing Test,1000001524
Benchmark Student 1525,Benchmark High School,GPU CPU Timing Test,1000001525
Benchmark Student 1526,Benchmark High School,GPU CPU Timing Test,1000001526
Benchmark Student 1527,Benchmark High School,GPU CPU Timing Test,1000001527
Benchmark Student 1528,Benchmark High School,GPU CPU Timing Test,1000001528
Benchmark Student 1529,Benchmark High School,GPU CPU Timing Test,1000001529
Benchmark Student 1530,Benchmark High School,GPU CPU Timing Test,1000001530
Benchmark Student 1531,Benchmark High School,GPU CPU Timing Test,1000001531
Benchmark Student 1532,Benchmark High School,GPU CPU Timing Test,1000001532
Benchmark Student 1533,Benchmark High School,GPU CPU Timing Test,1000001533
Benchmark Student 1534,Benchmark High School,GPU CPU Timing Test,1000001534
Benchmark Student 1535,Benchmark High School,GPU CPU Timing Test,1000001535
Benchmark Student 1536,Benchmark High School,GPU CPU Timing Test,1000001536
Benchmark Student 1537,Benchmark High School,GPU CPU Timing Test,1000001537
Benchmark Student 1538,Benchmark High School,GPU CPU Timing Test,1000001538
Benchmark Student 1539,Benchmark High School,GPU CPU Timing Test,1000001539
Benchmark Student 1540,Benchmark High School,GPU CPU Timing Test,1000001540
Benchmark Student 1541,Benchmark High School,GPU CPU Timing Test,1000001541
Benchmark Student 1542,Benchmark High School,GPU CPU Timing Test,1000001542
Benchmark Student 1543,Benchmark High School,GPU CPU Timing Test,1000001543
Benchmark Student 1544,Benchmark High School,GPU CPU Timing Test,1000001544
Benchmark Student 1545,Benchmark High School,GPU CPU Timing Test,1000001545
Benchmark Student 1546,Benchmark High School,GPU CPU Timing Test,1000001546
Benchmark Student 1547,Benchmark High School,GPU CPU Timing Test,1000001547
Benchmark Student 1548,Benchmark High School,GPU CPU Timing Test,1000001548
Benchmark Student 1549,Benchmark High School,GPU CPU Timing Test,1000001549
Benchmark Student 1550,Benchmark High School,GPU CPU Timing Test,1000001550
Benchmark Student 1551,Benchmark High School,GPU CPU Timing Test,1000001551
Benchmark Student 1552,Benchmark High School,GPU CPU Timing Test,1000001552
Benchmark Student 1553,Benchmark High School,GPU CPU Timing Test,1000001553
Benchmark Student 1554,Benchmark High School,GPU CPU Timing Test,1000001554
Benchmark Student 1555,Benchmark High School,GPU CPU Timing Test,1000001555
Benchmark Student 1556,Benchmark High School,GPU CPU Timing Test,1000001556
Benchmark Student 1557,Benchmark High School,GPU CPU Timing Test,1000001557
Benchmark Student 1558,Benchmark High School,GPU CPU Timing Test,1000001558
Benchmark Student 1559,Benchmark High School,GPU CPU Timing Test,1000001559
Benchmark Student 1560,Benchmark High School,GPU CPU Timing Test,1000001560
Benchmark Student 1561,Benchmark High School,GPU CPU Timing Test,1000001561
Benchmark Student 1562,Benchmark High School,GPU CPU Timing Test,1000001562
Benchmark Student 1563,Benchmark High School,GPU CPU Timing Test,1000001563
Benchmark Student 1564,Benchmark High School,GPU CPU Timing Test,1000001564
Benchmark Student 1565,Benchmark High School,GPU CPU Timing Test,1000001565
Benchmark Student 1566,Benchmark High School,GPU CPU Timing Test,1000001566
Benchmark Student 1567,Benchmark High School,GPU CPU Timing Test,1000001567
Benchmark Student 1568,Benchmark High School,GPU CPU Timing Test,1000001568
Benchmark Student 1569,Benchmark High School,GPU CPU Timing Test,1000001569
Benchmark Student 1570,Benchmark High School,GPU CPU Timing Test,1000001570
Benchmark Student 1571,Benchmark High School,GPU CPU Timing Test,1000001571
Benchmark Student 1572,Benchmark High School,GPU CPU Timing Test,1000001572
Benchmark Student 1573,Benchmark High School,GPU CPU Timing Test,1000001573
Benchmark Student 1574,Benchmark High School,GPU CPU Timing Test,1000001574
Benchmark Student 1575,Benchmark High School,GPU CPU Timing Test,1000001575
Benchmark Student 1576,Benchmark High School,GPU CPU Timing Test,1000001576
Benchmark Student 1577,Benchmark High School,GPU CPU Timing Test,1000001577
Benchmark Student 1578,Benchmark High School,GPU CPU Timing Test,1000001578
Benchmark Student 1579,Benchmark High School,GPU CPU Timing Test,1000001579
Benchmark Student 1580,Benchmark High School,GPU CPU Timing Test,1000001580
Benchmark Student 1581,Benchmark High School,GPU CPU Timing Test,1000001581
Benchmark Student 1582,Benchmark High School,GPU CPU Timing Test,1000001582
Benchmark Student 1583,Benchmark High School,GPU CPU Timing Test,1000001583
Benchmark Student 1584,Benchmark High School,GPU CPU Timing Test,1000001584
Benchmark Student 1585,Benchmark High School,GPU CPU Timing Test,1000001585
Benchmark Student 1586,Benchmark High School,GPU CPU Timing Test,1000001586
Benchmark Student 1587,Benchmark High School,GPU CPU Timing Test,1000001587
Benchmark Student 1588,Benchmark High School,GPU CPU Timing Test,1000001588
Benchmark Student 1589,Benchmark High School,GPU CPU Timing Test,1000001589
Benchmark Student 1590,Benchmark High School,GPU CPU Timing Test,1000001590
Benchmark Student 1591,Benchmark High School,GPU CPU Timing Test,1000001591
Benchmark Student 1592,Benchmark High School,GPU CPU Timing Test,1000001592
Benchmark Student 1593,Benchmark High School,GPU CPU Timing Test,1000001593
Benchmark Student 1594,Benchmark High School,GPU CPU Timing Test,1000001594
Benchmark Student 1595,Benchmark High School,GPU CPU Timing Test,1000001595
Benchmark Student 1596,Benchmark High School,GPU CPU Timing Test,1000001596
Benchmark Student 1597,Benchmark High School,GPU CPU Timing Test,1000001597
Benchmark Student 1598,Benchmark High School,GPU CPU Timing Test,1000001598
Benchmark Student 1599,Benchmark High School,GPU CPU Timing Test,1000001599
Benchmark Student 1600,Benchmark High School,GPU CPU Timing Test,1000001600
Benchmark Student 1601,Benchmark High School,GPU CPU Timing Test,1000001601
Benchmark Student 1602,Benchmark High School,GPU CPU Timing Test,1000001602
Benchmark Student 1603,Benchmark High School,GPU CPU Timing Test,1000001603
Benchmark Student 1604,Benchmark High School,GPU CPU Timing Test,1000001604
Benchmark Student 1605,Benchmark High School,GPU CPU Timing Test,1000001605
Benchmark Student 1606,Benchmark High School,GPU CPU Timing Test,1000001606
Benchmark Student 1607,Benchmark High School,GPU CPU Timing Test,1000001607
Benchmark Student 1608,Benchmark High School,GPU CPU Timing Test,1000001608
Benchmark Student 1609,Benchmark High School,GPU CPU Timing Test,1000001609
Benchmark Student 1610,Benchmark High School,GPU CPU Timing Test,1000001610
Benchmark Student 1611,Benchmark High School,GPU CPU Timing Test,1000001611
Benchmark Student 1612,Benchmark High School,GPU CPU Timing Test,1000001612
Benchmark Student 1613,Benchmark High School,GPU CPU Timing Test,1000001613
Benchmark Student 1614,Benchmark High School,GPU CPU Timing Test,1000001614
Benchmark Student 1615,Benchmark High School,GPU CPU Timing Test,1000001615
Benchmark Student 1616,Benchmark High School,GPU CPU Timing Test,1000001616
Benchmark Student 1617,Benchmark High School,GPU CPU Timing Test,1000001617
Benchmark Student 1618,Benchmark High School,GPU CPU Timing Test,1000001618
Benchmark Student 1619,Benchmark High School,GPU CPU Timing Test,1000001619
Benchmark Student 1620,Benchmark High School,GPU CPU Timing Test,1000001620
Benchmark Student 1621,Benchmark High School,GPU CPU Timing Test,1000001621
Benchmark Student 1622,Benchmark High School,GPU CPU Timing Test,1000001622
Benchmark Student 1623,Benchmark High School,GPU CPU Timing Test,1000001623
Benchmark Student 1624,Benchmark High School,GPU CPU Timing Test,1000001624
Benchmark Student 1625,Benchmark High School,GPU CPU Timing Test,1000001625
Benchmark Student 1626,Benchmark High School,GPU CPU Timing Test,1000001626
Benchmark Student 1627,Benchmark High School,GPU CPU Timing Test,1000001627
Benchmark Student 1628,Benchmark High School,GPU CPU Timing Test,1000001628
Benchmark Student 1629,Benchmark High School,GPU CPU Timing Test,1000001629
Benchmark Student 1630,Benchmark High School,GPU CPU Timing Test,1000001630
Benchmark Student 1631,Benchmark High School,GPU CPU Timing Test,1000001631
Benchmark Student 1632,Benchmark High School,GPU CPU Timing Test,1000001632
Benchmark Student 1633,Benchmark High School,GPU CPU Timing Test,1000001633
Benchmark Student 1634,Benchmark High School,GPU CPU Timing Test,1000001634
Benchmark Student 1635,Benchmark High School,GPU CPU Timing Test,1000001635
Benchmark Student 1636,Benchmark High School,GPU CPU Timing Test,1000001636
Benchmark Student 1637,Benchmark High School,GPU CPU Timing Test,1000001637
Benchmark Student 1638,Benchmark High School,GPU CPU Timing Test,1000001638
Benchmark Student 1639,Benchmark High School,GPU CPU Timing Test,1000001639
Benchmark Student 1640,Benchmark High School,GPU CPU Timing Test,1000001640
Benchmark Student 1641,Benchmark High School,GPU CPU Timing Test,1000001641
Benchmark Student 1642,Benchmark High School,GPU CPU Timing Test,1000001642
Benchmark Student 1643,Benchmark High School,GPU CPU Timing Test,1000001643
Benchmark Student 1644,Benchmark High School,GPU CPU Timing Test,1000001644
Benchmark Student 1645,Benchmark High School,GPU CPU Timing Test,1000001645
Benchmark Student 1646,Benchmark High School,GPU CPU Timing Test,1000001646
Benchmark Student 1647,Benchmark High School,GPU CPU Timing Test,1000001647
Benchmark Student 1648,Benchmark High School,GPU CPU Timing Test,1000001648
Benchmark Student 1649,Benchmark High School,GPU CPU Timing Test,1000001649
Benchmark Student 1650,Benchmark High School,GPU CPU Timing Test,1000001650
Benchmark Student 1651,Benchmark High School,GPU CPU Timing Test,1000001651
Benchmark Student 1652,Benchmark High School,GPU CPU Timing Test,1000001652
Benchmark Student 1653,Benchmark High School,GPU CPU Timing Test,1000001653
Benchmark Student 1654,Benchmark High School,GPU CPU Timing Test,1000001654
Benchmark Student 1655,Benchmark High School,GPU CPU Timing Test,1000001655
Benchmark Student 1656,Benchmark High School,GPU CPU Timing Test,1000001656
Benchmark Student 1657,Benchmark High School,GPU CPU Timing Test,1000001657
Benchmark Student 1658,Benchmark High School,GPU CPU Timing Test,1000001658
Benchmark Student 1659,Benchmark High School,GPU CPU Timing Test,1000001659
Benchmark Student 1660,Benchmark High School,GPU CPU Timing Test,1000001660
Benchmark Student 1661,Benchmark High School,GPU CPU Timing Test,1000001661
Benchmark Student 1662,Benchmark High School,GPU CPU Timing Test,1000001662
Benchmark Student 1663,Benchmark High School,GPU CPU Timing Test,1000001663
Benchmark Student 1664,Benchmark High School,GPU CPU Timing Test,1000001664
Benchmark Student 1665,Benchmark High School,GPU CPU Timing Test,1000001665
Benchmark Student 1666,Benchmark High School,GPU CPU Timing Test,1000001666
Benchmark Student 1667,Benchmark High School,GPU CPU Timing Test,1000001667
Benchmark Student 1668,Benchmark High School,GPU CPU Timing Test,1000001668
Benchmark Student 1669,Benchmark High School,GPU CPU Timing Test,1000001669
Benchmark Student 1670,Benchmark High School,GPU CPU Timing Test,1000001670
Benchmark Student 1671,Benchmark High School,GPU CPU Timing Test,1000001671
Benchmark Student 1672,Benchmark High School,GPU CPU Timing Test,1000001672
Benchmark Student 1673,Benchmark High School,GPU CPU Timing Test,1000001673
Benchmark Student 1674,Benchmark High School,GPU CPU Timing Test,1000001674
Benchmark Student 1675,Benchmark High School,GPU CPU Timing Test,1000001675
Benchmark Student 1676,Benchmark High School,GPU CPU Timing Test,1000001676
Benchmark Student 1677,Benchmark High School,GPU CPU Timing Test,1000001677
Benchmark Student 1678,Benchmark High School,GPU CPU Timing Test,1000001678
Benchmark Student 1679,Benchmark High School,GPU CPU Timing Test,1000001679
Benchmark Student 1680,Benchmark High School,GPU CPU Timing Test,1000001680
Benchmark Student 1681,Benchmark High School,GPU CPU Timing Test,1000001681
Benchmark Student 1682,Benchmark High School,GPU CPU Timing Test,1000001682
Benchmark Student 1683,Benchmark High School,GPU CPU Timing Test,1000001683
Benchmark Student 1684,Benchmark High School,GPU CPU Timing Test,1000001684
Benchmark Student 1685,Benchmark High School,GPU CPU Timing Test,1000001685
Benchmark Student 1686,Benchmark High School,GPU CPU Timing Test,1000001686
Benchmark Student 1687,Benchmark High School,GPU CPU Timing Test,1000001687
Benchmark Student 1688,Benchmark High School,GPU CPU Timing Test,1000001688
Benchmark Student 1689,Benchmark High School,GPU CPU Timing Test,1000001689
Benchmark Student 1690,Benchmark High School,GPU CPU Timing Test,1000001690
Benchmark Student 1691,Benchmark High School,GPU CPU Timing Test,1000001691
Benchmark Student 1692,Benchmark High School,GPU CPU Timing Test,1000001692
Benchmark Student 1693,Benchmark High School,GPU CPU Timing Test,1000001693
Benchmark Student 1694,Benchmark High School,GPU CPU Timing Test,1000001694
Benchmark Student 1695,Benchmark High School,GPU CPU Timing Test,1000001695
Benchmark Student 1696,Benchmark High School,GPU CPU Timing Test,1000001696
Benchmark Student 1697,Benchmark High School,GPU CPU Timing Test,1000001697
Benchmark Student 1698,Benchmark High School,GPU CPU Timing Test,1000001698
Benchmark Student 1699,Benchmark High School,GPU CPU Timing Test,1000001699
Benchmark Student 1700,Benchmark High School,GPU CPU Timing Test,1000001700
Benchmark Student 1701,Benchmark High School,GPU CPU Timing Test,1000001701
Benchmark Student 1702,Benchmark High School,GPU CPU Timing Test,1000001702
Benchmark Student 1703,Benchmark High School,GPU CPU Timing Test,1000001703
Benchmark Student 1704,Benchmark High School,GPU CPU Timing Test,1000001704
Benchmark Student 1705,Benchmark High School,GPU CPU Timing Test,1000001705
Benchmark Student 1706,Benchmark High School,GPU CPU Timing Test,1000001706
Benchmark Student 1707,Benchmark High School,GPU CPU Timing Test,1000001707
Benchmark Student 1708,Benchmark High School,GPU CPU Timing Test,1000001708
Benchmark Student 1709,Benchmark High School,GPU CPU Timing Test,1000001709
Benchmark Student 1710,Benchmark High School,GPU CPU Timing Test,1000001710
Benchmark Student 1711,Benchmark High School,GPU CPU Timing Test,1000001711
Benchmark Student 1712,Benchmark High School,GPU CPU Timing Test,1000001712
Benchmark Student 1713,Benchmark High School,GPU CPU Timing Test,1000001713
Benchmark Student 1714,Benchmark High School,GPU CPU Timing Test,1000001714
Benchmark Student 1715,Benchmark High School,GPU CPU Timing Test,1000001715
Benchmark Student 1716,Benchmark High School,GPU CPU Timing Test,1000001716
Benchmark Student 1717,Benchmark High School,GPU CPU Timing Test,1000001717
Benchmark Student 1718,Benchmark High School,GPU CPU Timing Test,1000001718
Benchmark Student 1719,Benchmark High School,GPU CPU Timing Test,1000001719
Benchmark Student 1720,Benchmark High School,GPU CPU Timing Test,1000001720
Benchmark Student 1721,Benchmark High School,GPU CPU Timing Test,1000001721
Benchmark Student 1722,Benchmark High School,GPU CPU Timing Test,1000001722
Benchmark Student 1723,Benchmark High School,GPU CPU Timing Test,1000001723
Benchmark Student 1724,Benchmark High School,GPU CPU Timing Test,1000001724
Benchmark Student 1725,Benchmark High School,GPU CPU Timing Test,1000001725
Benchmark Student 1726,Benchmark High School,GPU CPU Timing Test,1000001726
Benchmark Student 1727,Benchmark High School,GPU CPU Timing Test,1000001727
Benchmark Student 1728,Benchmark High School,GPU CPU Timing Test,1000001728
Benchmark Student 1729,Benchmark High School,GPU CPU Timing Test,1000001729
Benchmark Student 1730,Benchmark High School,GPU CPU Timing Test,1000001730
Benchmark Student 1731,Benchmark High School,GPU CPU Timing Test,1000001731
Benchmark Student 1732,Benchmark High School,GPU CPU Timing Test,1000001732
Benchmark Student 1733,Benchmark High School,GPU CPU Timing Test,1000001733
Benchmark Student 1734,Benchmark High School,GPU CPU Timing Test,1000001734
Benchmark Student 1735,Benchmark High School,GPU CPU Timing Test,1000001735
Benchmark Student 1736,Benchmark High School,GPU CPU Timing Test,1000001736
Benchmark Student 1737,Benchmark High School,GPU CPU Timing Test,1000001737
Benchmark Student 1738,Benchmark High School,GPU CPU Timing Test,1000001738
Benchmark Student 1739,Benchmark High School,GPU CPU Timing Test,1000001739
Benchmark Student 1740,Benchmark High School,GPU CPU Timing Test,1000001740
Benchmark Student 1741,Benchmark High School,GPU CPU Timing Test,1000001741
Benchmark Student 1742,Benchmark High School,GPU CPU Timing Test,1000001742
Benchmark Student 1743,Benchmark High School,GPU CPU Timing Test,1000001743
Benchmark Student 1744,Benchmark High School,GPU CPU Timing Test,1000001744
Benchmark Student 1745,Benchmark High School,GPU CPU Timing Test,1000001745
Benchmark Student 1746,Benchmark High School,GPU CPU Timing Test,1000001746
Benchmark Student 1747,Benchmark High School,GPU CPU Timing Test,1000001747
Benchmark Student 1748,Benchmark High School,GPU CPU Timing Test,1000001748
Benchmark Student 1749,Benchmark High School,GPU CPU Timing Test,1000001749
Benchmark Student 1750,Benchmark High School,GPU CPU Timing Test,1000001750
Benchmark Student 1751,Benchmark High School,GPU CPU Timing Test,1000001751
Benchmark Student 1752,Benchmark High School,GPU CPU Timing Test,1000001752
Benchmark Student 1753,Benchmark High School,GPU CPU Timing Test,1000001753
Benchmark Student 1754,Benchmark High School,GPU CPU Timing Test,1000001754
Benchmark Student 1755,Benchmark High School,GPU CPU Timing Test,1000001755
Benchmark Student 1756,Benchmark High School,GPU CPU Timing Test,1000001756
Benchmark Student 1757,Benchmark High School,GPU CPU Timing Test,1000001757
Benchmark Student 1758,Benchmark High School,GPU CPU Timing Test,1000001758
Benchmark Student 1759,Benchmark High School,GPU CPU Timing Test,1000001759
Benchmark Student 1760,Benchmark High School,GPU CPU Timing Test,1000001760
Benchmark Student 1761,Benchmark High School,GPU CPU Timing Test,1000001761
Benchmark Student 1762,Benchmark High School,GPU CPU Timing Test,1000001762
Benchmark Student 1763,Benchmark High School,GPU CPU Timing Test,1000001763
Benchmark Student 1764,Benchmark High School,GPU CPU Timing Test,1000001764
Benchmark Student 1765,Benchmark High School,GPU CPU Timing Test,1000001765
Benchmark Student 1766,Benchmark High School,GPU CPU Timing Test,1000001766
Benchmark Student 1767,Benchmark High School,GPU CPU Timing Test,1000001767
Benchmark Student 1768,Benchmark High School,GPU CPU Timing Test,1000001768
Benchmark Student 1769,Benchmark High School,GPU CPU Timing Test,1000001769
Benchmark Student 1770,Benchmark High School,GPU CPU Timing Test,1000001770
Benchmark Student 1771,Benchmark High School,GPU CPU Timing Test,1000001771
Benchmark Student 1772,Benchmark High School,GPU CPU Timing Test,1000001772
Benchmark Student 1773,Benchmark High School,GPU CPU Timing Test,1000001773
Benchmark Student 1774,Benchmark High School,GPU CPU Timing Test,1000001774
Benchmark Student 1775,Benchmark High School,GPU CPU Timing Test,1000001775
Benchmark Student 1776,Benchmark High School,GPU CPU Timing Test,1000001776
Benchmark Student 1777,Benchmark High School,GPU CPU Timing Test,1000001777
Benchmark Student 1778,Benchmark High School,GPU CPU Timing Test,1000001778
Benchmark Student 1779,Benchmark High School,GPU CPU Timing Test,1000001779
Benchmark Student 1780,Benchmark High School,GPU CPU Timing Test,1000001780
Benchmark Student 1781,Benchmark High School,GPU CPU Timing Test,1000001781
Benchmark Student 1782,Benchmark High School,GPU CPU Timing Test,1000001782
Benchmark Student 1783,Benchmark High School,GPU CPU Timing Test,1000001783
Benchmark Student 1784,Benchmark High School,GPU CPU Timing Test,1000001784
Benchmark Student 1785,Benchmark High School,GPU CPU Timing Test,1000001785
Benchmark Student 1786,Benchmark High School,GPU CPU Timing Test,1000001786
Benchmark Student 1787,Benchmark High School,GPU CPU Timing Test,1000001787
Benchmark Student 1788,Benchmark High School,GPU CPU Timing Test,1000001788
Benchmark Student 1789,Benchmark High School,GPU CPU Timing Test,1000001789
Benchmark Student 1790,Benchmark High School,GPU CPU Timing Test,1000001790
Benchmark Student 1791,Benchmark High School,GPU CPU Timing Test,1000001791
Benchmark Student 1792,Benchmark High School,GPU CPU Timing Test,1000001792
Benchmark Student 1793,Benchmark High School,GPU CPU Timing Test,1000001793
Benchmark Student 1794,Benchmark High School,GPU CPU Timing Test,1000001794
Benchmark Student 1795,Benchmark High School,GPU CPU Timing Test,1000001795
Benchmark Student 1796,Benchmark High School,GPU CPU Timing Test,1000001796
Benchmark Student 1797,Benchmark High School,GPU CPU Timing Test,1000001797
Benchmark Student 1798,Benchmark High School,GPU CPU Timing Test,1000001798
Benchmark Student 1799,Benchmark High School,GPU CPU Timing Test,1000001799
Benchmark Student 1800,Benchmark High School,GPU CPU Timing Test,1000001800
Benchmark Student 1801,Benchmark High School,GPU CPU Timing Test,1000001801
Benchmark Student 1802,Benchmark High School,GPU CPU Timing Test,1000001802
Benchmark Student 1803,Benchmark High School,GPU CPU Timing Test,1000001803
Benchmark Student 1804,Benchmark High School,GPU CPU Timing Test,1000001804
Benchmark Student 1805,Benchmark High School,GPU CPU Timing Test,1000001805
Benchmark Student 1806,Benchmark High School,GPU CPU Timing Test,1000001806
Benchmark Student 1807,Benchmark High School,GPU CPU Timing Test,1000001807
Benchmark Student 1808,Benchmark High School,GPU CPU Timing Test,1000001808
Benchmark Student 1809,Benchmark High School,GPU CPU Timing Test,1000001809
Benchmark Student 1810,Benchmark High School,GPU CPU Timing Test,1000001810
Benchmark Student 1811,Benchmark High School,GPU CPU Timing Test,1000001811
Benchmark Student 1812,Benchmark High School,GPU CPU Timing Test,1000001812
Benchmark Student 1813,Benchmark High School,GPU CPU Timing Test,1000001813
Benchmark Student 1814,Benchmark High School,GPU CPU Timing Test,1000001814
Benchmark Student 1815,Benchmark High School,GPU CPU Timing Test,1000001815
Benchmark Student 1816,Benchmark High School,GPU CPU Timing Test,1000001816
Benchmark Student 1817,Benchmark High School,GPU CPU Timing Test,1000001817
Benchmark Student 1818,Benchmark High School,GPU CPU Timing Test,1000001818
Benchmark Student 1819,Benchmark High School,GPU CPU Timing Test,1000001819
Benchmark Student 1820,Benchmark High School,GPU CPU Timing Test,1000001820
Benchmark Student 1821,Benchmark High School,GPU CPU Timing Test,1000001821
Benchmark Student 1822,Benchmark High School,GPU CPU Timing Test,1000001822
Benchmark Student 1823,Benchmark High School,GPU CPU Timing Test,1000001823
Benchmark Student 1824,Benchmark High School,GPU CPU Timing Test,1000001824
Benchmark Student 1825,Benchmark High School,GPU CPU Timing Test,1000001825
Benchmark Student 1826,Benchmark High School,GPU CPU Timing Test,1000001826
Benchmark Student 1827,Benchmark High School,GPU CPU Timing Test,1000001827
Benchmark Student 1828,Benchmark High School,GPU CPU Timing Test,1000001828
Benchmark Student 1829,Benchmark High School,GPU CPU Timing Test,1000001829
Benchmark Student 1830,Benchmark High School,GPU CPU Timing Test,1000001830
Benchmark Student 1831,Benchmark High School,GPU CPU Timing Test,1000001831
Benchmark Student 1832,Benchmark High School,GPU CPU Timing Test,1000001832
Benchmark Student 1833,Benchmark High School,GPU CPU Timing Test,1000001833
Benchmark Student 1834,Benchmark High School,GPU CPU Timing Test,1000001834
Benchmark Student 1835,Benchmark High School,GPU CPU Timing Test,1000001835
Benchmark Student 1836,Benchmark High School,GPU CPU Timing Test,1000001836
Benchmark Student 1837,Benchmark High School,GPU CPU Timing Test,1000001837
Benchmark Student 1838,Benchmark High School,GPU CPU Timing Test,1000001838
Benchmark Student 1839,Benchmark High School,GPU CPU Timing Test,1000001839
Benchmark Student 1840,Benchmark High School,GPU CPU Timing Test,1000001840
Benchmark Student 1841,Benchmark High School,GPU CPU Timing Test,1000001841
Benchmark Student 1842,Benchmark High School,GPU CPU Timing Test,1000001842
Benchmark Student 1843,Benchmark High School,GPU CPU Timing Test,1000001843
Benchmark Student 1844,Benchmark High School,GPU CPU Timing Test,1000001844
Benchmark Student 1845,Benchmark High School,GPU CPU Timing Test,1000001845
Benchmark Student 1846,Benchmark High School,GPU CPU Timing Test,1000001846
Benchmark Student 1847,Benchmark High School,GPU CPU Timing Test,1000001847
Benchmark Student 1848,Benchmark High School,GPU CPU Timing Test,1000001848
Benchmark Student 1849,Benchmark High School,GPU CPU Timing Test,1000001849
Benchmark Student 1850,Benchmark High School,GPU CPU Timing Test,1000001850
Benchmark Student 1851,Benchmark High School,GPU CPU Timing Test,1000001851
Benchmark Student 1852,Benchmark High School,GPU CPU Timing Test,1000001852
Benchmark Student 1853,Benchmark High School,GPU CPU Timing Test,1000001853
Benchmark Student 1854,Benchmark High School,GPU CPU Timing Test,1000001854
Benchmark Student 1855,Benchmark High School,GPU CPU Timing Test,1000001855
Benchmark Student 1856,Benchmark High School,GPU CPU Timing Test,1000001856
Benchmark Student 1857,Benchmark High School,GPU CPU Timing Test,1000001857
Benchmark Student 1858,Benchmark High School,GPU CPU Timing Test,1000001858
Benchmark Student 1859,Benchmark High School,GPU CPU Timing Test,1000001859
Benchmark Student 1860,Benchmark High School,GPU CPU Timing Test,1000001860
Benchmark Student 1861,Benchmark High School,GPU CPU Timing Test,1000001861
Benchmark Student 1862,Benchmark High School,GPU CPU Timing Test,1000001862
Benchmark Student 1863,Benchmark High School,GPU CPU Timing Test,1000001863
Benchmark Student 1864,Benchmark High School,GPU CPU Timing Test,1000001864
Benchmark Student 1865,Benchmark High School,GPU CPU Timing Test,1000001865
Benchmark Student 1866,Benchmark High School,GPU CPU Timing Test,1000001866
Benchmark Student 1867,Benchmark High School,GPU CPU Timing Test,1000001867
Benchmark Student 1868,Benchmark High School,GPU CPU Timing Test,1000001868
Benchmark Student 1869,Benchmark High School,GPU CPU Timing Test,1000001869
Benchmark Student 1870,Benchmark High School,GPU CPU Timing Test,1000001870
Benchmark Student 1871,Benchmark High School,GPU CPU Timing Test,1000001871
Benchmark Student 1872,Benchmark High School,GPU CPU Timing Test,1000001872
Benchmark Student 1873,Benchmark High School,GPU CPU Timing Test,1000001873
Benchmark Student 1874,Benchmark High School,GPU CPU Timing Test,1000001874
Benchmark Student 1875,Benchmark High School,GPU CPU Timing Test,1000001875
Benchmark Student 1876,Benchmark High School,GPU CPU Timing Test,1000001876
Benchmark Student 1877,Benchmark High School,GPU CPU Timing Test,1000001877
Benchmark Student 1878,Benchmark High School,GPU CPU Timing Test,1000001878
Benchmark Student 1879,Benchmark High School,GPU CPU Timing Test,1000001879
Benchmark Student 1880,Benchmark High School,GPU CPU Timing Test,1000001880
Benchmark Student 1881,Benchmark High School,GPU CPU Timing Test,1000001881
Benchmark Student 1882,Benchmark High School,GPU CPU Timing Test,1000001882
Benchmark Student 1883,Benchmark High School,GPU CPU Timing Test,1000001883
Benchmark Student 1884,Benchmark High School,GPU CPU Timing Test,1000001884
Benchmark Student 1885,Benchmark High School,GPU CPU Timing Test,1000001885
Benchmark Student 1886,Benchmark High School,GPU CPU Timing Test,1000001886
Benchmark Student 1887,Benchmark High School,GPU CPU Timing Test,1000001887
Benchmark Student 1888,Benchmark High School,GPU CPU Timing Test,1000001888
Benchmark Student 1889,Benchmark High School,GPU CPU Timing Test,1000001889
Benchmark Student 1890,Benchmark High School,GPU CPU Timing Test,1000001890
Benchmark Student 1891,Benchmark High School,GPU CPU Timing Test,1000001891
Benchmark Student 1892,Benchmark High School,GPU CPU Timing Test,1000001892
Benchmark Student 1893,Benchmark High School,GPU CPU Timing Test,1000001893
Benchmark Student 1894,Benchmark High School,GPU CPU Timing Test,1000001894
Benchmark Student 1895,Benchmark High School,GPU CPU Timing Test,1000001895
Benchmark Student 1896,Benchmark High School,GPU CPU Timing Test,1000001896
Benchmark Student 1897,Benchmark High School,GPU CPU Timing Test,1000001897
Benchmark Student 1898,Benchmark High School,GPU CPU Timing Test,1000001898
Benchmark Student 1899,Benchmark High School,GPU CPU Timing Test,1000001899
Benchmark Student 1900,Benchmark High School,GPU CPU Timing Test,1000001900
Benchmark Student 1901,Benchmark High School,GPU CPU Timing Test,1000001901
Benchmark Student 1902,Benchmark High School,GPU CPU Timing Test,1000001902
Benchmark Student 1903,Benchmark High School,GPU CPU Timing Test,1000001903
Benchmark Student 1904,Benchmark High School,GPU CPU Timing Test,1000001904
Benchmark Student 1905,Benchmark High School,GPU CPU Timing Test,1000001905
Benchmark Student 1906,Benchmark High School,GPU CPU Timing Test,1000001906
Benchmark Student 1907,Benchmark High School,GPU CPU Timing Test,1000001907
Benchmark Student 1908,Benchmark High School,GPU CPU Timing Test,1000001908
Benchmark Student 1909,Benchmark High School,GPU CPU Timing Test,1000001909
Benchmark Student 1910,Benchmark High School,GPU CPU Timing Test,1000001910
Benchmark Student 1911,Benchmark High School,GPU CPU Timing Test,1000001911
Benchmark Student 1912,Benchmark High School,GPU CPU Timing Test,1000001912
Benchmark Student 1913,Benchmark High School,GPU CPU Timing Test,1000001913
Benchmark Student 1914,Benchmark High School,GPU CPU Timing Test,1000001914
Benchmark Student 1915,Benchmark High School,GPU CPU Timing Test,1000001915
Benchmark Student 1916,Benchmark High School,GPU CPU Timing Test,1000001916
Benchmark Student 1917,Benchmark High School,GPU CPU Timing Test,1000001917
Benchmark Student 1918,Benchmark High School,GPU CPU Timing Test,1000001918
Benchmark Student 1919,Benchmark High School,GPU CPU Timing Test,1000001919
Benchmark Student 1920,Benchmark High School,GPU CPU Timing Test,1000001920
Benchmark Student 1921,Benchmark High School,GPU CPU Timing Test,1000001921
Benchmark Student 1922,Benchmark High School,GPU CPU Timing Test,1000001922
Benchmark Student 1923,Benchmark High School,GPU CPU Timing Test,1000001923
Benchmark Student 1924,Benchmark High School,GPU CPU Timing Test,1000001924
Benchmark Student 1925,Benchmark High School,GPU CPU Timing Test,1000001925
Benchmark Student 1926,Benchmark High School,GPU CPU Timing Test,1000001926
Benchmark Student 1927,Benchmark High School,GPU CPU Timing Test,1000001927
Benchmark Student 1928,Benchmark High School,GPU CPU Timing Test,1000001928
Benchmark Student 1929,Benchmark High School,GPU CPU Timing Test,1000001929
Benchmark Student 1930,Benchmark High School,GPU CPU Timing Test,1000001930
Benchmark Student 1931,Benchmark High School,GPU CPU Timing Test,1000001931
Benchmark Student 1932,Benchmark High School,GPU CPU Timing Test,1000001932
Benchmark Student 1933,Benchmark High School,GPU CPU Timing Test,1000001933
Benchmark Student 1934,Benchmark High School,GPU CPU Timing Test,1000001934
Benchmark Student 1935,Benchmark High School,GPU CPU Timing Test,1000001935
Benchmark Student 1936,Benchmark High School,GPU CPU Timing Test,1000001936
Benchmark Student 1937,Benchmark High School,GPU CPU Timing Test,1000001937
Benchmark Student 1938,Benchmark High School,GPU CPU Timing Test,1000001938
Benchmark Student 1939,Benchmark High School,GPU CPU Timing Test,1000001939
Benchmark Student 1940,Benchmark High School,GPU CPU Timing Test,1000001940
Benchmark Student 1941,Benchmark High School,GPU CPU Timing Test,1000001941
Benchmark Student 1942,Benchmark High School,GPU CPU Timing Test,1000001942
Benchmark Student 1943,Benchmark High School,GPU CPU Timing Test,1000001943
Benchmark Student 1944,Benchmark High School,GPU CPU Timing Test,1000001944
Benchmark Student 1945,Benchmark High School,GPU CPU Timing Test,1000001945
Benchmark Student 1946,Benchmark High School,GPU CPU Timing Test,1000001946
Benchmark Student 1947,Benchmark High School,GPU CPU Timing Test,1000001947
Benchmark Student 1948,Benchmark High School,GPU CPU Timing Test,1000001948
Benchmark Student 1949,Benchmark High School,GPU CPU Timing Test,1000001949
Benchmark Student 1950,Benchmark High School,GPU CPU Timing Test,1000001950
Benchmark Student 1951,Benchmark High School,GPU CPU Timing Test,1000001951
Benchmark Student 1952,Benchmark High School,GPU CPU Timing Test,1000001952
Benchmark Student 1953,Benchmark High School,GPU CPU Timing Test,1000001953
Benchmark Student 1954,Benchmark High School,GPU CPU Timing Test,1000001954
Benchmark Student 1955,Benchmark High School,GPU CPU Timing Test,1000001955
Benchmark Student 1956,Benchmark High School,GPU CPU Timing Test,1000001956
Benchmark Student 1957,Benchmark High School,GPU CPU Timing Test,1000001957
Benchmark Student 1958,Benchmark High School,GPU CPU Timing Test,1000001958
Benchmark Student 1959,Benchmark High School,GPU CPU Timing Test,1000001959
Benchmark Student 1960,Benchmark High School,GPU CPU Timing Test,1000001960
Benchmark Student 1961,Benchmark High School,GPU CPU Timing Test,1000001961
Benchmark Student 1962,Benchmark High School,GPU CPU Timing Test,1000001962
Benchmark Student 1963,Benchmark High School,GPU CPU Timing Test,1000001963
Benchmark Student 1964,Benchmark High School,GPU CPU Timing Test,1000001964
Benchmark Student 1965,Benchmark High School,GPU CPU Timing Test,1000001965
Benchmark Student 1966,Benchmark High School,GPU CPU Timing Test,1000001966
Benchmark Student 1967,Benchmark High School,GPU CPU Timing Test,1000001967
Benchmark Student 1968,Benchmark High School,GPU CPU Timing Test,1000001968
Benchmark Student 1969,Benchmark High School,GPU CPU Timing Test,1000001969
Benchmark Student 1970,Benchmark High School,GPU CPU Timing Test,1000001970
Benchmark Student 1971,Benchmark High School,GPU CPU Timing Test,1000001971
Benchmark Student 1972,Benchmark High School,GPU CPU Timing Test,1000001972
Benchmark Student 1973,Benchmark High School,GPU CPU Timing Test,1000001973
Benchmark Student 1974,Benchmark High School,GPU CPU Timing Test,1000001974
Benchmark Student 1975,Benchmark High School,GPU CPU Timing Test,1000001975
Benchmark Student 1976,Benchmark High School,GPU CPU Timing Test,1000001976
Benchmark Student 1977,Benchmark High School,GPU CPU Timing Test,1000001977
Benchmark Student 1978,Benchmark High School,GPU CPU Timing Test,1000001978
Benchmark Student 1979,Benchmark High School,GPU CPU Timing Test,1000001979
Benchmark Student 1980,Benchmark High School,GPU CPU Timing Test,1000001980
Benchmark Student 1981,Benchmark High School,GPU CPU Timing Test,1000001981
Benchmark Student 1982,Benchmark High School,GPU CPU Timing Test,1000001982
Benchmark Student 1983,Benchmark High School,GPU CPU Timing Test,1000001983
Benchmark Student 1984,Benchmark High School,GPU CPU Timing Test,1000001984
Benchmark Student 1985,Benchmark High School,GPU CPU Timing Test,1000001985
Benchmark Student 1986,Benchmark High School,GPU CPU Timing Test,1000001986
Benchmark Student 1987,Benchmark High School,GPU CPU Timing Test,1000001987
Benchmark Student 1988,Benchmark High School,GPU CPU Timing Test,1000001988
Benchmark Student 1989,Benchmark High School,GPU CPU Timing Test,1000001989
Benchmark Student 1990,Benchmark High School,GPU CPU Timing Test,1000001990
Benchmark Student 1991,Benchmark High School,GPU CPU Timing Test,1000001991
Benchmark Student 1992,Benchmark High School,GPU CPU Timing Test,1000001992
Benchmark Student 1993,Benchmark High School,GPU CPU Timing Test,1000001993
Benchmark Student 1994,Benchmark High School,GPU CPU Timing Test,1000001994
Benchmark Student 1995,Benchmark High School,GPU CPU Timing Test,1000001995
Benchmark Student 1996,Benchmark High School,GPU CPU Timing Test,1000001996
Benchmark Student 1997,Benchmark High School,GPU CPU Timing Test,1000001997
Benchmark Student 1998,Benchmark High School,GPU CPU Timing Test,1000001998
Benchmark Student 1999,Benchmark High School,GPU CPU Timing Test,1000001999
Benchmark Student 2000,Benchmark High School,GPU CPU Timing Test,1000002000
Benchmark Student 2001,Benchmark High School,GPU CPU Timing Test,1000002001
Benchmark Student 2002,Benchmark High School,GPU CPU Timing Test,1000002002
Benchmark Student 2003,Benchmark High School,GPU CPU Timing Test,1000002003
Benchmark Student 2004,Benchmark High School,GPU CPU Timing Test,1000002004
Benchmark Student 2005,Benchmark High School,GPU CPU Timing Test,1000002005
Benchmark Student 2006,Benchmark High School,GPU CPU Timing Test,1000002006
Benchmark Student 2007,Benchmark High School,GPU CPU Timing Test,1000002007
Benchmark Student 2008,Benchmark High School,GPU CPU Timing Test,1000002008
Benchmark Student 2009,Benchmark High School,GPU CPU Timing Test,1000002009
Benchmark Student 2010,Benchmark High School,GPU CPU Timing Test,1000002010
Benchmark Student 2011,Benchmark High School,GPU CPU Timing Test,1000002011
Benchmark Student 2012,Benchmark High School,GPU CPU Timing Test,1000002012
Benchmark Student 2013,Benchmark High School,GPU CPU Timing Test,1000002013
Benchmark Student 2014,Benchmark High School,GPU CPU Timing Test,1000002014
Benchmark Student 2015,Benchmark High School,GPU CPU Timing Test,1000002015
Benchmark Student 2016,Benchmark High School,GPU CPU Timing Test,1000002016
Benchmark Student 2017,Benchmark High School,GPU CPU Timing Test,1000002017
Benchmark Student 2018,Benchmark High School,GPU CPU Timing Test,1000002018
Benchmark Student 2019,Benchmark High School,GPU CPU Timing Test,1000002019
Benchmark Student 2020,Benchmark High School,GPU CPU Timing Test,1000002020
Benchmark Student 2021,Benchmark High School,GPU CPU Timing Test,1000002021
Benchmark Student 2022,Benchmark High School,GPU CPU Timing Test,1000002022
Benchmark Student 2023,Benchmark High School,GPU CPU Timing Test,1000002023
Benchmark Student 2024,Benchmark High School,GPU CPU Timing Test,1000002024
Benchmark Student 2025,Benchmark High School,GPU CPU Timing Test,1000002025
Benchmark Student 2026,Benchmark High School,GPU CPU Timing Test,1000002026
Benchmark Student 2027,Benchmark High School,GPU CPU Timing Test,1000002027
Benchmark Student 2028,Benchmark High School,GPU CPU Timing Test,1000002028
Benchmark Student 2029,Benchmark High School,GPU CPU Timing Test,1000002029
Benchmark Student 2030,Benchmark High School,GPU CPU Timing Test,1000002030
Benchmark Student 2031,Benchmark High School,GPU CPU Timing Test,1000002031
Benchmark Student 2032,Benchmark High School,GPU CPU Timing Test,1000002032
Benchmark Student 2033,Benchmark High School,GPU CPU Timing Test,1000002033
Benchmark Student 2034,Benchmark High School,GPU CPU Timing Test,1000002034
Benchmark Student 2035,Benchmark High School,GPU CPU Timing Test,1000002035
Benchmark Student 2036,Benchmark High School,GPU CPU Timing Test,1000002036
Benchmark Student 2037,Benchmark High School,GPU CPU Timing Test,1000002037
Benchmark Student 2038,Benchmark High School,GPU CPU Timing Test,1000002038
Benchmark Student 2039,Benchmark High School,GPU CPU Timing Test,1000002039
Benchmark Student 2040,Benchmark High School,GPU CPU Timing Test,1000002040
Benchmark Student 2041,Benchmark High School,GPU CPU Timing Test,1000002041
Benchmark Student 2042,Benchmark High School,GPU CPU Timing Test,1000002042
Benchmark Student 2043,Benchmark High School,GPU CPU Timing Test,1000002043
Benchmark Student 2044,Benchmark High School,GPU CPU Timing Test,1000002044
Benchmark Student 2045,Benchmark High School,GPU CPU Timing Test,1000002045
Benchmark Student 2046,Benchmark High School,GPU CPU Timing Test,1000002046
Benchmark Student 2047,Benchmark High School,GPU CPU Timing Test,1000002047
Benchmark Student 2048,Benchmark High School,GPU CPU Timing Test,1000002048
Benchmark Student 2049,Benchmark High School,GPU CPU Timing Test,1000002049
Benchmark Student 2050,Benchmark High School,GPU CPU Timing Test,1000002050
Benchmark Student 2051,Benchmark High School,GPU CPU Timing Test,1000002051
Benchmark Student 2052,Benchmark High School,GPU CPU Timing Test,1000002052
Benchmark Student 2053,Benchmark High School,GPU CPU Timing Test,1000002053
Benchmark Student 2054,Benchmark High School,GPU CPU Timing Test,1000002054
Benchmark Student 2055,Benchmark High School,GPU CPU Timing Test,1000002055
Benchmark Student 2056,Benchmark High School,GPU CPU Timing Test,1000002056
Benchmark Student 2057,Benchmark High School,GPU CPU Timing Test,1000002057
Benchmark Student 2058,Benchmark High School,GPU CPU Timing Test,1000002058
Benchmark Student 2059,Benchmark High School,GPU CPU Timing Test,1000002059
Benchmark Student 2060,Benchmark High School,GPU CPU Timing Test,1000002060
Benchmark Student 2061,Benchmark High School,GPU CPU Timing Test,1000002061
Benchmark Student 2062,Benchmark High School,GPU CPU Timing Test,1000002062
Benchmark Student 2063,Benchmark High School,GPU CPU Timing Test,1000002063
Benchmark Student 2064,Benchmark High School,GPU CPU Timing Test,1000002064
Benchmark Student 2065,Benchmark High School,GPU CPU Timing Test,1000002065
Benchmark Student 2066,Benchmark High School,GPU CPU Timing Test,1000002066
Benchmark Student 2067,Benchmark High School,GPU CPU Timing Test,1000002067
Benchmark Student 2068,Benchmark High School,GPU CPU Timing Test,1000002068
Benchmark Student 2069,Benchmark High School,GPU CPU Timing Test,1000002069
Benchmark Student 2070,Benchmark High School,GPU CPU Timing Test,1000002070
Benchmark Student 2071,Benchmark High School,GPU CPU Timing Test,1000002071
Benchmark Student 2072,Benchmark High School,GPU CPU Timing Test,1000002072
Benchmark Student 2073,Benchmark High School,GPU CPU Timing Test,1000002073
Benchmark Student 2074,Benchmark High School,GPU CPU Timing Test,1000002074
Benchmark Student 2075,Benchmark High School,GPU CPU Timing Test,1000002075
Benchmark Student 2076,Benchmark High School,GPU CPU Timing Test,1000002076
Benchmark Student 2077,Benchmark High School,GPU CPU Timing Test,1000002077
Benchmark Student 2078,Benchmark High School,GPU CPU Timing Test,1000002078
Benchmark Student 2079,Benchmark High School,GPU CPU Timing Test,1000002079
Benchmark Student 2080,Benchmark High School,GPU CPU Timing Test,1000002080
Benchmark Student 2081,Benchmark High School,GPU CPU Timing Test,1000002081
Benchmark Student 2082,Benchmark High School,GPU CPU Timing Test,1000002082
Benchmark Student 2083,Benchmark High School,GPU CPU Timing Test,1000002083
Benchmark Student 2084,Benchmark High School,GPU CPU Timing Test,1000002084
Benchmark Student 2085,Benchmark High School,GPU CPU Timing Test,1000002085
Benchmark Student 2086,Benchmark High School,GPU CPU Timing Test,1000002086
Benchmark Student 2087,Benchmark High School,GPU CPU Timing Test,1000002087
Benchmark Student 2088,Benchmark High School,GPU CPU Timing Test,1000002088
Benchmark Student 2089,Benchmark High School,GPU CPU Timing Test,1000002089
Benchmark Student 2090,Benchmark High School,GPU CPU Timing Test,1000002090
Benchmark Student 2091,Benchmark High School,GPU CPU Timing Test,1000002091
Benchmark Student 2092,Benchmark High School,GPU CPU Timing Test,1000002092
Benchmark Student 2093,Benchmark High School,GPU CPU Timing Test,1000002093
Benchmark Student 2094,Benchmark High School,GPU CPU Timing Test,1000002094
Benchmark Student 2095,Benchmark High School,GPU CPU Timing Test,1000002095
Benchmark Student 2096,Benchmark High School,GPU CPU Timing Test,1000002096
Benchmark Student 2097,Benchmark High School,GPU CPU Timing Test,1000002097
Benchmark Student 2098,Benchmark High School,GPU CPU Timing Test,1000002098
Benchmark Student 2099,Benchmark High School,GPU CPU Timing Test,1000002099
Benchmark Student 2100,Benchmark High School,GPU CPU Timing Test,1000002100
Benchmark Student 2101,Benchmark High School,GPU CPU Timing Test,1000002101
Benchmark Student 2102,Benchmark High School,GPU CPU Timing Test,1000002102
Benchmark Student 2103,Benchmark High School,GPU CPU Timing Test,1000002103
Benchmark Student 2104,Benchmark High School,GPU CPU Timing Test,1000002104
Benchmark Student 2105,Benchmark High School,GPU CPU Timing Test,1000002105
Benchmark Student 2106,Benchmark High School,GPU CPU Timing Test,1000002106
Benchmark Student 2107,Benchmark High School,GPU CPU Timing Test,1000002107
Benchmark Student 2108,Benchmark High School,GPU CPU Timing Test,1000002108
Benchmark Student 2109,Benchmark High School,GPU CPU Timing Test,1000002109
Benchmark Student 2110,Benchmark High School,GPU CPU Timing Test,1000002110
Benchmark Student 2111,Benchmark High School,GPU CPU Timing Test,1000002111
Benchmark Student 2112,Benchmark High School,GPU CPU Timing Test,1000002112
Benchmark Student 2113,Benchmark High School,GPU CPU Timing Test,1000002113
Benchmark Student 2114,Benchmark High School,GPU CPU Timing Test,1000002114
Benchmark Student 2115,Benchmark High School,GPU CPU Timing Test,1000002115
Benchmark Student 2116,Benchmark High School,GPU CPU Timing Test,1000002116
Benchmark Student 2117,Benchmark High School,GPU CPU Timing Test,1000002117
Benchmark Student 2118,Benchmark High School,GPU CPU Timing Test,1000002118
Benchmark Student 2119,Benchmark High School,GPU CPU Timing Test,1000002119
Benchmark Student 2120,Benchmark High School,GPU CPU Timing Test,1000002120
Benchmark Student 2121,Benchmark High School,GPU CPU Timing Test,1000002121
Benchmark Student 2122,Benchmark High School,GPU CPU Timing Test,1000002122
Benchmark Student 2123,Benchmark High School,GPU CPU Timing Test,1000002123
Benchmark Student 2124,Benchmark High School,GPU CPU Timing Test,1000002124
Benchmark Student 2125,Benchmark High School,GPU CPU Timing Test,1000002125
Benchmark Student 2126,Benchmark High School,GPU CPU Timing Test,1000002126
Benchmark Student 2127,Benchmark High School,GPU CPU Timing Test,1000002127
Benchmark Student 2128,Benchmark High School,GPU CPU Timing Test,1000002128
Benchmark Student 2129,Benchmark High School,GPU CPU Timing Test,1000002129
Benchmark Student 2130,Benchmark High School,GPU CPU Timing Test,1000002130
Benchmark Student 2131,Benchmark High School,GPU CPU Timing Test,1000002131
Benchmark Student 2132,Benchmark High School,GPU CPU Timing Test,1000002132
Benchmark Student 2133,Benchmark High School,GPU CPU Timing Test,1000002133
Benchmark Student 2134,Benchmark High School,GPU CPU Timing Test,1000002134
Benchmark Student 2135,Benchmark High School,GPU CPU Timing Test,1000002135
Benchmark Student 2136,Benchmark High School,GPU CPU Timing Test,1000002136
Benchmark Student 2137,Benchmark High School,GPU CPU Timing Test,1000002137
Benchmark Student 2138,Benchmark High School,GPU CPU Timing Test,1000002138
Benchmark Student 2139,Benchmark High School,GPU CPU Timing Test,1000002139
Benchmark Student 2140,Benchmark High School,GPU CPU Timing Test,1000002140
Benchmark Student 2141,Benchmark High School,GPU CPU Timing Test,1000002141
Benchmark Student 2142,Benchmark High School,GPU CPU Timing Test,1000002142
Benchmark Student 2143,Benchmark High School,GPU CPU Timing Test,1000002143
Benchmark Student 2144,Benchmark High School,GPU CPU Timing Test,1000002144
Benchmark Student 2145,Benchmark High School,GPU CPU Timing Test,1000002145
Benchmark Student 2146,Benchmark High School,GPU CPU Timing Test,1000002146
Benchmark Student 2147,Benchmark High School,GPU CPU Timing Test,1000002147
Benchmark Student 2148,Benchmark High School,GPU CPU Timing Test,1000002148
Benchmark Student 2149,Benchmark High School,GPU CPU Timing Test,1000002149
Benchmark Student 2150,Benchmark High School,GPU CPU Timing Test,1000002150
Benchmark Student 2151,Benchmark High School,GPU CPU Timing Test,1000002151
Benchmark Student 2152,Benchmark High School,GPU CPU Timing Test,1000002152
Benchmark Student 2153,Benchmark High School,GPU CPU Timing Test,1000002153
Benchmark Student 2154,Benchmark High School,GPU CPU Timing Test,1000002154
Benchmark Student 2155,Benchmark High School,GPU CPU Timing Test,1000002155
Benchmark Student 2156,Benchmark High School,GPU CPU Timing Test,1000002156
Benchmark Student 2157,Benchmark High School,GPU CPU Timing Test,1000002157
Benchmark Student 2158,Benchmark High School,GPU CPU Timing Test,1000002158
Benchmark Student 2159,Benchmark High School,GPU CPU Timing Test,1000002159
Benchmark Student 2160,Benchmark High School,GPU CPU Timing Test,1000002160
Benchmark Student 2161,Benchmark High School,GPU CPU Timing Test,1000002161
Benchmark Student 2162,Benchmark High School,GPU CPU Timing Test,1000002162
Benchmark Student 2163,Benchmark High School,GPU CPU Timing Test,1000002163
Benchmark Student 2164,Benchmark High School,GPU CPU Timing Test,1000002164
Benchmark Student 2165,Benchmark High School,GPU CPU Timing Test,1000002165
Benchmark Student 2166,Benchmark High School,GPU CPU Timing Test,1000002166
Benchmark Student 2167,Benchmark High School,GPU CPU Timing Test,1000002167
Benchmark Student 2168,Benchmark High School,GPU CPU Timing Test,1000002168
Benchmark Student 2169,Benchmark High School,GPU CPU Timing Test,1000002169
Benchmark Student 2170,Benchmark High School,GPU CPU Timing Test,1000002170
Benchmark Student 2171,Benchmark High School,GPU CPU Timing Test,1000002171
Benchmark Student 2172,Benchmark High School,GPU CPU Timing Test,1000002172
Benchmark Student 2173,Benchmark High School,GPU CPU Timing Test,1000002173
Benchmark Student 2174,Benchmark High School,GPU CPU Timing Test,1000002174
Benchmark Student 2175,Benchmark High School,GPU CPU Timing Test,1000002175
Benchmark Student 2176,Benchmark High School,GPU CPU Timing Test,1000002176
Benchmark Student 2177,Benchmark High School,GPU CPU Timing Test,1000002177
Benchmark Student 2178,Benchmark High School,GPU CPU Timing Test,1000002178
Benchmark Student 2179,Benchmark High School,GPU CPU Timing Test,1000002179
Benchmark Student 2180,Benchmark High School,GPU CPU Timing Test,1000002180
Benchmark Student 2181,Benchmark High School,GPU CPU Timing Test,1000002181
Benchmark Student 2182,Benchmark High School,GPU CPU Timing Test,1000002182
Benchmark Student 2183,Benchmark High School,GPU CPU Timing Test,1000002183
Benchmark Student 2184,Benchmark High School,GPU CPU Timing Test,1000002184
Benchmark Student 2185,Benchmark High School,GPU CPU Timing Test,1000002185
Benchmark Student 2186,Benchmark High School,GPU CPU Timing Test,1000002186
Benchmark Student 2187,Benchmark High School,GPU CPU Timing Test,1000002187
Benchmark Student 2188,Benchmark High School,GPU CPU Timing Test,1000002188
Benchmark Student 2189,Benchmark High School,GPU CPU Timing Test,1000002189
Benchmark Student 2190,Benchmark High School,GPU CPU Timing Test,1000002190
Benchmark Student 2191,Benchmark High School,GPU CPU Timing Test,1000002191
Benchmark Student 2192,Benchmark High School,GPU CPU Timing Test,1000002192
Benchmark Student 2193,Benchmark High School,GPU CPU Timing Test,1000002193
Benchmark Student 2194,Benchmark High School,GPU CPU Timing Test,1000002194
Benchmark Student 2195,Benchmark High School,GPU CPU Timing Test,1000002195
Benchmark Student 2196,Benchmark High School,GPU CPU Timing Test,1000002196
Benchmark Student 2197,Benchmark High School,GPU CPU Timing Test,1000002197
Benchmark Student 2198,Benchmark High School,GPU CPU Timing Test,1000002198
Benchmark Student 2199,Benchmark High School,GPU CPU Timing Test,1000002199
Benchmark Student 2200,Benchmark High School,GPU CPU Timing Test,1000002200
Benchmark Student 2201,Benchmark High School,GPU CPU Timing Test,1000002201
Benchmark Student 2202,Benchmark High School,GPU CPU Timing Test,1000002202
Benchmark Student 2203,Benchmark High School,GPU CPU Timing Test,1000002203
Benchmark Student 2204,Benchmark High School,GPU CPU Timing Test,1000002204
Benchmark Student 2205,Benchmark High School,GPU CPU Timing Test,1000002205
Benchmark Student 2206,Benchmark High School,GPU CPU Timing Test,1000002206
Benchmark Student 2207,Benchmark High School,GPU CPU Timing Test,1000002207
Benchmark Student 2208,Benchmark High School,GPU CPU Timing Test,1000002208
Benchmark Student 2209,Benchmark High School,GPU CPU Timing Test,1000002209
Benchmark Student 2210,Benchmark High School,GPU CPU Timing Test,1000002210
Benchmark Student 2211,Benchmark High School,GPU CPU Timing Test,1000002211
Benchmark Student 2212,Benchmark High School,GPU CPU Timing Test,1000002212
Benchmark Student 2213,Benchmark High School,GPU CPU Timing Test,1000002213
Benchmark Student 2214,Benchmark High School,GPU CPU Timing Test,1000002214
Benchmark Student 2215,Benchmark High School,GPU CPU Timing Test,1000002215
Benchmark Student 2216,Benchmark High School,GPU CPU Timing Test,1000002216
Benchmark Student 2217,Benchmark High School,GPU CPU Timing Test,1000002217
Benchmark Student 2218,Benchmark High School,GPU CPU Timing Test,1000002218
Benchmark Student 2219,Benchmark High School,GPU CPU Timing Test,1000002219
Benchmark Student 2220,Benchmark High School,GPU CPU Timing Test,1000002220
Benchmark Student 2221,Benchmark High School,GPU CPU Timing Test,1000002221
Benchmark Student 2222,Benchmark High School,GPU CPU Timing Test,1000002222
Benchmark Student 2223,Benchmark High School,GPU CPU Timing Test,1000002223
Benchmark Student 2224,Benchmark High School,GPU CPU Timing Test,1000002224
Benchmark Student 2225,Benchmark High School,GPU CPU Timing Test,1000002225
Benchmark Student 2226,Benchmark High School,GPU CPU Timing Test,1000002226
Benchmark Student 2227,Benchmark High School,GPU CPU Timing Test,1000002227
Benchmark Student 2228,Benchmark High School,GPU CPU Timing Test,1000002228
Benchmark Student 2229,Benchmark High School,GPU CPU Timing Test,1000002229
Benchmark Student 2230,Benchmark High School,GPU CPU Timing Test,1000002230
Benchmark Student 2231,Benchmark High School,GPU CPU Timing Test,1000002231
Benchmark Student 2232,Benchmark High School,GPU CPU Timing Test,1000002232
Benchmark Student 2233,Benchmark High School,GPU CPU Timing Test,1000002233
Benchmark Student 2234,Benchmark High School,GPU CPU Timing Test,1000002234
Benchmark Student 2235,Benchmark High School,GPU CPU Timing Test,1000002235
Benchmark Student 2236,Benchmark High School,GPU CPU Timing Test,1000002236
Benchmark Student 2237,Benchmark High School,GPU CPU Timing Test,1000002237
Benchmark Student 2238,Benchmark High School,GPU CPU Timing Test,1000002238
Benchmark Student 2239,Benchmark High School,GPU CPU Timing Test,1000002239
Benchmark Student 2240,Benchmark High School,GPU CPU Timing Test,1000002240
Benchmark Student 2241,Benchmark High School,GPU CPU Timing Test,1000002241
Benchmark Student 2242,Benchmark High School,GPU CPU Timing Test,1000002242
Benchmark Student 2243,Benchmark High School,GPU CPU Timing Test,1000002243
Benchmark Student 2244,Benchmark High School,GPU CPU Timing Test,1000002244
Benchmark Student 2245,Benchmark High School,GPU CPU Timing Test,1000002245
Benchmark Student 2246,Benchmark High School,GPU CPU Timing Test,1000002246
Benchmark Student 2247,Benchmark High School,GPU CPU Timing Test,1000002247
Benchmark Student 2248,Benchmark High School,GPU CPU Timing Test,1000002248
Benchmark Student 2249,Benchmark High School,GPU CPU Timing Test,1000002249
Benchmark Student 2250,Benchmark High School,GPU CPU Timing Test,1000002250
Benchmark Student 2251,Benchmark High School,GPU CPU Timing Test,1000002251
Benchmark Student 2252,Benchmark High School,GPU CPU Timing Test,1000002252
Benchmark Student 2253,Benchmark High School,GPU CPU Timing Test,1000002253
Benchmark Student 2254,Benchmark High School,GPU CPU Timing Test,1000002254
Benchmark Student 2255,Benchmark High School,GPU CPU Timing Test,1000002255
Benchmark Student 2256,Benchmark High School,GPU CPU Timing Test,1000002256
Benchmark Student 2257,Benchmark High School,GPU CPU Timing Test,1000002257
Benchmark Student 2258,Benchmark High School,GPU CPU Timing Test,1000002258
Benchmark Student 2259,Benchmark High School,GPU CPU Timing Test,1000002259
Benchmark Student 2260,Benchmark High School,GPU CPU Timing Test,1000002260
Benchmark Student 2261,Benchmark High School,GPU CPU Timing Test,1000002261
Benchmark Student 2262,Benchmark High School,GPU CPU Timing Test,1000002262
Benchmark Student 2263,Benchmark High School,GPU CPU Timing Test,1000002263
Benchmark Student 2264,Benchmark High School,GPU CPU Timing Test,1000002264
Benchmark Student 2265,Benchmark High School,GPU CPU Timing Test,1000002265
Benchmark Student 2266,Benchmark High School,GPU CPU Timing Test,1000002266
Benchmark Student 2267,Benchmark High School,GPU CPU Timing Test,1000002267
Benchmark Student 2268,Benchmark High School,GPU CPU Timing Test,1000002268
Benchmark Student 2269,Benchmark High School,GPU CPU Timing Test,1000002269
Benchmark Student 2270,Benchmark High School,GPU CPU Timing Test,1000002270
Benchmark Student 2271,Benchmark High School,GPU CPU Timing Test,1000002271
Benchmark Student 2272,Benchmark High School,GPU CPU Timing Test,1000002272
Benchmark Student 2273,Benchmark High School,GPU CPU Timing Test,1000002273
Benchmark Student 2274,Benchmark High School,GPU CPU Timing Test,1000002274
Benchmark Student 2275,Benchmark High School,GPU CPU Timing Test,1000002275
Benchmark Student 2276,Benchmark High School,GPU CPU Timing Test,1000002276
Benchmark Student 2277,Benchmark High School,GPU CPU Timing Test,1000002277
Benchmark Student 2278,Benchmark High School,GPU CPU Timing Test,1000002278
Benchmark Student 2279,Benchmark High School,GPU CPU Timing Test,1000002279
Benchmark Student 2280,Benchmark High School,GPU CPU Timing Test,1000002280
Benchmark Student 2281,Benchmark High School,GPU CPU Timing Test,1000002281
Benchmark Student 2282,Benchmark High School,GPU CPU Timing Test,1000002282
Benchmark Student 2283,Benchmark High School,GPU CPU Timing Test,1000002283
Benchmark Student 2284,Benchmark High School,GPU CPU Timing Test,1000002284
Benchmark Student 2285,Benchmark High School,GPU CPU Timing Test,1000002285
Benchmark Student 2286,Benchmark High School,GPU CPU Timing Test,1000002286
Benchmark Student 2287,Benchmark High School,GPU CPU Timing Test,1000002287
Benchmark Student 2288,Benchmark High School,GPU CPU Timing Test,1000002288
Benchmark Student 2289,Benchmark High School,GPU CPU Timing Test,1000002289
Benchmark Student 2290,Benchmark High School,GPU CPU Timing Test,1000002290
Benchmark Student 2291,Benchmark High School,GPU CPU Timing Test,1000002291
Benchmark Student 2292,Benchmark High School,GPU CPU Timing Test,1000002292
Benchmark Student 2293,Benchmark High School,GPU CPU Timing Test,1000002293
Benchmark Student 2294,Benchmark High School,GPU CPU Timing Test,1000002294
Benchmark Student 2295,Benchmark High School,GPU CPU Timing Test,1000002295
Benchmark Student 2296,Benchmark High School,GPU CPU Timing Test,1000002296
Benchmark Student 2297,Benchmark High School,GPU CPU Timing Test,1000002297
Benchmark Student 2298,Benchmark High School,GPU CPU Timing Test,1000002298
Benchmark Student 2299,Benchmark High School,GPU CPU Timing Test,1000002299
Benchmark Student 2300,Benchmark High School,GPU CPU Timing Test,1000002300
Benchmark Student 2301,Benchmark High School,GPU CPU Timing Test,1000002301
Benchmark Student 2302,Benchmark High School,GPU CPU Timing Test,1000002302
Benchmark Student 2303,Benchmark High School,GPU CPU Timing Test,1000002303
Benchmark Student 2304,Benchmark High School,GPU CPU Timing Test,1000002304
Benchmark Student 2305,Benchmark High School,GPU CPU Timing Test,1000002305
Benchmark Student 2306,Benchmark High School,GPU CPU Timing Test,1000002306
Benchmark Student 2307,Benchmark High School,GPU CPU Timing Test,1000002307
Benchmark Student 2308,Benchmark High School,GPU CPU Timing Test,1000002308
Benchmark Student 2309,Benchmark High School,GPU CPU Timing Test,1000002309
Benchmark Student 2310,Benchmark High School,GPU CPU Timing Test,1000002310
Benchmark Student 2311,Benchmark High School,GPU CPU Timing Test,1000002311
Benchmark Student 2312,Benchmark High School,GPU CPU Timing Test,1000002312
Benchmark Student 2313,Benchmark High School,GPU CPU Timing Test,1000002313
Benchmark Student 2314,Benchmark High School,GPU CPU Timing Test,1000002314
Benchmark Student 2315,Benchmark High School,GPU CPU Timing Test,1000002315
Benchmark Student 2316,Benchmark High School,GPU CPU Timing Test,1000002316
Benchmark Student 2317,Benchmark High School,GPU CPU Timing Test,1000002317
Benchmark Student 2318,Benchmark High School,GPU CPU Timing Test,1000002318
Benchmark Student 2319,Benchmark High School,GPU CPU Timing Test,1000002319
Benchmark Student 2320,Benchmark High School,GPU CPU Timing Test,1000002320
Benchmark Student 2321,Benchmark High School,GPU CPU Timing Test,1000002321
Benchmark Student 2322,Benchmark High School,GPU CPU Timing Test,1000002322
Benchmark Student 2323,Benchmark High School,GPU CPU Timing Test,1000002323
Benchmark Student 2324,Benchmark High School,GPU CPU Timing Test,1000002324
Benchmark Student 2325,Benchmark High School,GPU CPU Timing Test,1000002325
Benchmark Student 2326,Benchmark High School,GPU CPU Timing Test,1000002326
Benchmark Student 2327,Benchmark High School,GPU CPU Timing Test,1000002327
Benchmark Student 2328,Benchmark High School,GPU CPU Timing Test,1000002328
Benchmark Student 2329,Benchmark High School,GPU CPU Timing Test,1000002329
Benchmark Student 2330,Benchmark High School,GPU CPU Timing Test,1000002330
Benchmark Student 2331,Benchmark High School,GPU CPU Timing Test,1000002331
Benchmark Student 2332,Benchmark High School,GPU CPU Timing Test,1000002332
Benchmark Student 2333,Benchmark High School,GPU CPU Timing Test,1000002333
Benchmark Student 2334,Benchmark High School,GPU CPU Timing Test,1000002334
Benchmark Student 2335,Benchmark High School,GPU CPU Timing Test,1000002335
Benchmark Student 2336,Benchmark High School,GPU CPU Timing Test,1000002336
Benchmark Student 2337,Benchmark High School,GPU CPU Timing Test,1000002337
Benchmark Student 2338,Benchmark High School,GPU CPU Timing Test,1000002338
Benchmark Student 2339,Benchmark High School,GPU CPU Timing Test,1000002339
Benchmark Student 2340,Benchmark High School,GPU CPU Timing Test,1000002340
Benchmark Student 2341,Benchmark High School,GPU CPU Timing Test,1000002341
Benchmark Student 2342,Benchmark High School,GPU CPU Timing Test,1000002342
Benchmark Student 2343,Benchmark High School,GPU CPU Timing Test,1000002343
Benchmark Student 2344,Benchmark High School,GPU CPU Timing Test,1000002344
Benchmark Student 2345,Benchmark High School,GPU CPU Timing Test,1000002345
Benchmark Student 2346,Benchmark High School,GPU CPU Timing Test,1000002346
Benchmark Student 2347,Benchmark High School,GPU CPU Timing Test,1000002347
Benchmark Student 2348,Benchmark High School,GPU CPU Timing Test,1000002348
Benchmark Student 2349,Benchmark High School,GPU CPU Timing Test,1000002349
Benchmark Student 2350,Benchmark High School,GPU CPU Timing Test,1000002350
Benchmark Student 2351,Benchmark High School,GPU CPU Timing Test,1000002351
Benchmark Student 2352,Benchmark High School,GPU CPU Timing Test,1000002352
Benchmark Student 2353,Benchmark High School,GPU CPU Timing Test,1000002353
Benchmark Student 2354,Benchmark High School,GPU CPU Timing Test,1000002354
Benchmark Student 2355,Benchmark High School,GPU CPU Timing Test,1000002355
Benchmark Student 2356,Benchmark High School,GPU CPU Timing Test,1000002356
Benchmark Student 2357,Benchmark High School,GPU CPU Timing Test,1000002357
Benchmark Student 2358,Benchmark High School,GPU CPU Timing Test,1000002358
Benchmark Student 2359,Benchmark High School,GPU CPU Timing Test,1000002359
Benchmark Student 2360,Benchmark High School,GPU CPU Timing Test,1000002360
Benchmark Student 2361,Benchmark High School,GPU CPU Timing Test,1000002361
Benchmark Student 2362,Benchmark High School,GPU CPU Timing Test,1000002362
Benchmark Student 2363,Benchmark High School,GPU CPU Timing Test,1000002363
Benchmark Student 2364,Benchmark High School,GPU CPU Timing Test,1000002364
Benchmark Student 2365,Benchmark High School,GPU CPU Timing Test,1000002365
Benchmark Student 2366,Benchmark High School,GPU CPU Timing Test,1000002366
Benchmark Student 2367,Benchmark High School,GPU CPU Timing Test,1000002367
Benchmark Student 2368,Benchmark High School,GPU CPU Timing Test,1000002368
Benchmark Student 2369,Benchmark High School,GPU CPU Timing Test,1000002369
Benchmark Student 2370,Benchmark High School,GPU CPU Timing Test,1000002370
Benchmark Student 2371,Benchmark High School,GPU CPU Timing Test,1000002371
Benchmark Student 2372,Benchmark High School,GPU CPU Timing Test,1000002372
Benchmark Student 2373,Benchmark High School,GPU CPU Timing Test,1000002373
Benchmark Student 2374,Benchmark High School,GPU CPU Timing Test,1000002374
Benchmark Student 2375,Benchmark High School,GPU CPU Timing Test,1000002375
Benchmark Student 2376,Benchmark High School,GPU CPU Timing Test,1000002376
Benchmark Student 2377,Benchmark High School,GPU CPU Timing Test,1000002377
Benchmark Student 2378,Benchmark High School,GPU CPU Timing Test,1000002378
Benchmark Student 2379,Benchmark High School,GPU CPU Timing Test,1000002379
Benchmark Student 2380,Benchmark High School,GPU CPU Timing Test,1000002380
Benchmark Student 2381,Benchmark High School,GPU CPU Timing Test,1000002381
Benchmark Student 2382,Benchmark High School,GPU CPU Timing Test,1000002382
Benchmark Student 2383,Benchmark High School,GPU CPU Timing Test,1000002383
Benchmark Student 2384,Benchmark High School,GPU CPU Timing Test,1000002384
Benchmark Student 2385,Benchmark High School,GPU CPU Timing Test,1000002385
Benchmark Student 2386,Benchmark High School,GPU CPU Timing Test,1000002386
Benchmark Student 2387,Benchmark High School,GPU CPU Timing Test,1000002387
Benchmark Student 2388,Benchmark High School,GPU CPU Timing Test,1000002388
Benchmark Student 2389,Benchmark High School,GPU CPU Timing Test,1000002389
Benchmark Student 2390,Benchmark High School,GPU CPU Timing Test,1000002390
Benchmark Student 2391,Benchmark High School,GPU CPU Timing Test,1000002391
Benchmark Student 2392,Benchmark High School,GPU CPU Timing Test,1000002392
Benchmark Student 2393,Benchmark High School,GPU CPU Timing Test,1000002393
Benchmark Student 2394,Benchmark High School,GPU CPU Timing Test,1000002394
Benchmark Student 2395,Benchmark High School,GPU CPU Timing Test,1000002395
Benchmark Student 2396,Benchmark High School,GPU CPU Timing Test,1000002396
Benchmark Student 2397,Benchmark High School,GPU CPU Timing Test,1000002397
Benchmark Student 2398,Benchmark High School,GPU CPU Timing Test,1000002398
Benchmark Student 2399,Benchmark High School,GPU CPU Timing Test,1000002399
Benchmark Student 2400,Benchmark High School,GPU CPU Timing Test,1000002400
Benchmark Student 2401,Benchmark High School,GPU CPU Timing Test,1000002401
Benchmark Student 2402,Benchmark High School,GPU CPU Timing Test,1000002402
Benchmark Student 2403,Benchmark High School,GPU CPU Timing Test,1000002403
Benchmark Student 2404,Benchmark High School,GPU CPU Timing Test,1000002404
Benchmark Student 2405,Benchmark High School,GPU CPU Timing Test,1000002405
Benchmark Student 2406,Benchmark High School,GPU CPU Timing Test,1000002406
Benchmark Student 2407,Benchmark High School,GPU CPU Timing Test,1000002407
Benchmark Student 2408,Benchmark High School,GPU CPU Timing Test,1000002408
Benchmark Student 2409,Benchmark High School,GPU CPU Timing Test,1000002409
Benchmark Student 2410,Benchmark High School,GPU CPU Timing Test,1000002410
Benchmark Student 2411,Benchmark High School,GPU CPU Timing Test,1000002411
Benchmark Student 2412,Benchmark High School,GPU CPU Timing Test,1000002412
Benchmark Student 2413,Benchmark High School,GPU CPU Timing Test,1000002413
Benchmark Student 2414,Benchmark High School,GPU CPU Timing Test,1000002414
Benchmark Student 2415,Benchmark High School,GPU CPU Timing Test,1000002415
Benchmark Student 2416,Benchmark High School,GPU CPU Timing Test,1000002416
Benchmark Student 2417,Benchmark High School,GPU CPU Timing Test,1000002417
Benchmark Student 2418,Benchmark High School,GPU CPU Timing Test,1000002418
Benchmark Student 2419,Benchmark High School,GPU CPU Timing Test,1000002419
Benchmark Student 2420,Benchmark High School,GPU CPU Timing Test,1000002420
Benchmark Student 2421,Benchmark High School,GPU CPU Timing Test,1000002421
Benchmark Student 2422,Benchmark High School,GPU CPU Timing Test,1000002422
Benchmark Student 2423,Benchmark High School,GPU CPU Timing Test,1000002423
Benchmark Student 2424,Benchmark High School,GPU CPU Timing Test,1000002424
Benchmark Student 2425,Benchmark High School,GPU CPU Timing Test,1000002425
Benchmark Student 2426,Benchmark High School,GPU CPU Timing Test,1000002426
Benchmark Student 2427,Benchmark High School,GPU CPU Timing Test,1000002427
Benchmark Student 2428,Benchmark High School,GPU CPU Timing Test,1000002428
Benchmark Student 2429,Benchmark High School,GPU CPU Timing Test,1000002429
Benchmark Student 2430,Benchmark High School,GPU CPU Timing Test,1000002430
Benchmark Student 2431,Benchmark High School,GPU CPU Timing Test,1000002431
Benchmark Student 2432,Benchmark High School,GPU CPU Timing Test,1000002432
Benchmark Student 2433,Benchmark High School,GPU CPU Timing Test,1000002433
Benchmark Student 2434,Benchmark High School,GPU CPU Timing Test,1000002434
Benchmark Student 2435,Benchmark High School,GPU CPU Timing Test,1000002435
Benchmark Student 2436,Benchmark High School,GPU CPU Timing Test,1000002436
Benchmark Student 2437,Benchmark High School,GPU CPU Timing Test,1000002437
Benchmark Student 2438,Benchmark High School,GPU CPU Timing Test,1000002438
Benchmark Student 2439,Benchmark High School,GPU CPU Timing Test,1000002439
Benchmark Student 2440,Benchmark High School,GPU CPU Timing Test,1000002440
Benchmark Student 2441,Benchmark High School,GPU CPU Timing Test,1000002441
Benchmark Student 2442,Benchmark High School,GPU CPU Timing Test,1000002442
Benchmark Student 2443,Benchmark High School,GPU CPU Timing Test,1000002443
Benchmark Student 2444,Benchmark High School,GPU CPU Timing Test,1000002444
Benchmark Student 2445,Benchmark High School,GPU CPU Timing Test,1000002445
Benchmark Student 2446,Benchmark High School,GPU CPU Timing Test,1000002446
Benchmark Student 2447,Benchmark High School,GPU CPU Timing Test,1000002447
Benchmark Student 2448,Benchmark High School,GPU CPU Timing Test,1000002448
Benchmark Student 2449,Benchmark High School,GPU CPU Timing Test,1000002449
Benchmark Student 2450,Benchmark High School,GPU CPU Timing Test,1000002450
Benchmark Student 2451,Benchmark High School,GPU CPU Timing Test,1000002451
Benchmark Student 2452,Benchmark High School,GPU CPU Timing Test,1000002452
Benchmark Student 2453,Benchmark High School,GPU CPU Timing Test,1000002453
Benchmark Student 2454,Benchmark High School,GPU CPU Timing Test,1000002454
Benchmark Student 2455,Benchmark High School,GPU CPU Timing Test,1000002455
Benchmark Student 2456,Benchmark High School,GPU CPU Timing Test,1000002456
Benchmark Student 2457,Benchmark High School,GPU CPU Timing Test,1000002457
Benchmark Student 2458,Benchmark High School,GPU CPU Timing Test,1000002458
Benchmark Student 2459,Benchmark High School,GPU CPU Timing Test,1000002459
Benchmark Student 2460,Benchmark High School,GPU CPU Timing Test,1000002460
Benchmark Student 2461,Benchmark High School,GPU CPU Timing Test,1000002461
Benchmark Student 2462,Benchmark High School,GPU CPU Timing Test,1000002462
Benchmark Student 2463,Benchmark High School,GPU CPU Timing Test,1000002463
Benchmark Student 2464,Benchmark High School,GPU CPU Timing Test,1000002464
Benchmark Student 2465,Benchmark High School,GPU CPU Timing Test,1000002465
Benchmark Student 2466,Benchmark High School,GPU CPU Timing Test,1000002466
Benchmark Student 2467,Benchmark High School,GPU CPU Timing Test,1000002467
Benchmark Student 2468,Benchmark High School,GPU CPU Timing Test,1000002468
Benchmark Student 2469,Benchmark High School,GPU CPU Timing Test,1000002469
Benchmark Student 2470,Benchmark High School,GPU CPU Timing Test,1000002470
Benchmark Student 2471,Benchmark High School,GPU CPU Timing Test,1000002471
Benchmark Student 2472,Benchmark High School,GPU CPU Timing Test,1000002472
Benchmark Student 2473,Benchmark High School,GPU CPU Timing Test,1000002473
Benchmark Student 2474,Benchmark High School,GPU CPU Timing Test,1000002474
Benchmark Student 2475,Benchmark High School,GPU CPU Timing Test,1000002475
Benchmark Student 2476,Benchmark High School,GPU CPU Timing Test,1000002476
Benchmark Student 2477,Benchmark High School,GPU CPU Timing Test,1000002477
Benchmark Student 2478,Benchmark High School,GPU CPU Timing Test,1000002478
Benchmark Student 2479,Benchmark High School,GPU CPU Timing Test,1000002479
Benchmark Student 2480,Benchmark High School,GPU CPU Timing Test,1000002480
Benchmark Student 2481,Benchmark High School,GPU CPU Timing Test,1000002481
Benchmark Student 2482,Benchmark High School,GPU CPU Timing Test,1000002482
Benchmark Student 2483,Benchmark High School,GPU CPU Timing Test,1000002483
Benchmark Student 2484,Benchmark High School,GPU CPU Timing Test,1000002484
Benchmark Student 2485,Benchmark High School,GPU CPU Timing Test,1000002485
Benchmark Student 2486,Benchmark High School,GPU CPU Timing Test,1000002486
Benchmark Student 2487,Benchmark High School,GPU CPU Timing Test,1000002487
Benchmark Student 2488,Benchmark High School,GPU CPU Timing Test,1000002488
Benchmark Student 2489,Benchmark High School,GPU CPU Timing Test,1000002489
Benchmark Student 2490,Benchmark High School,GPU CPU Timing Test,1000002490
Benchmark Student 2491,Benchmark High School,GPU CPU Timing Test,1000002491
Benchmark Student 2492,Benchmark High School,GPU CPU Timing Test,1000002492
Benchmark Student 2493,Benchmark High School,GPU CPU Timing Test,1000002493
Benchmark Student 2494,Benchmark High School,GPU CPU Timing Test,1000002494
Benchmark Student 2495,Benchmark High School,GPU CPU Timing Test,1000002495
Benchmark Student 2496,Benchmark High School,GPU CPU Timing Test,1000002496
Benchmark Student 2497,Benchmark High School,GPU CPU Timing Test,1000002497
Benchmark Student 2498,Benchmark High School,GPU CPU Timing Test,1000002498
Benchmark Student 2499,Benchmark High School,GPU CPU Timing Test,1000002499
Benchmark Student 2500,Benchmark High School,GPU CPU Timing Test,1000002500
Benchmark Student 2501,Benchmark High School,GPU CPU Timing Test,1000002501
Benchmark Student 2502,Benchmark High School,GPU CPU Timing Test,1000002502
Benchmark Student 2503,Benchmark High School,GPU CPU Timing Test,1000002503
Benchmark Student 2504,Benchmark High School,GPU CPU Timing Test,1000002504
Benchmark Student 2505,Benchmark High School,GPU CPU Timing Test,1000002505
Benchmark Student 2506,Benchmark High School,GPU CPU Timing Test,1000002506
Benchmark Student 2507,Benchmark High School,GPU CPU Timing Test,1000002507
Benchmark Student 2508,Benchmark High School,GPU CPU Timing Test,1000002508
Benchmark Student 2509,Benchmark High School,GPU CPU Timing Test,1000002509
Benchmark Student 2510,Benchmark High School,GPU CPU Timing Test,1000002510
Benchmark Student 2511,Benchmark High School,GPU CPU Timing Test,1000002511
Benchmark Student 2512,Benchmark High School,GPU CPU Timing Test,1000002512
Benchmark Student 2513,Benchmark High School,GPU CPU Timing Test,1000002513
Benchmark Student 2514,Benchmark High School,GPU CPU Timing Test,1000002514
Benchmark Student 2515,Benchmark High School,GPU CPU Timing Test,1000002515
Benchmark Student 2516,Benchmark High School,GPU CPU Timing Test,1000002516
Benchmark Student 2517,Benchmark High School,GPU CPU Timing Test,1000002517
Benchmark Student 2518,Benchmark High School,GPU CPU Timing Test,1000002518
Benchmark Student 2519,Benchmark High School,GPU CPU Timing Test,1000002519
Benchmark Student 2520,Benchmark High School,GPU CPU Timing Test,1000002520
Benchmark Student 2521,Benchmark High School,GPU CPU Timing Test,1000002521
Benchmark Student 2522,Benchmark High School,GPU CPU Timing Test,1000002522
Benchmark Student 2523,Benchmark High School,GPU CPU Timing Test,1000002523
Benchmark Student 2524,Benchmark High School,GPU CPU Timing Test,1000002524
Benchmark Student 2525,Benchmark High School,GPU CPU Timing Test,1000002525
Benchmark Student 2526,Benchmark High School,GPU CPU Timing Test,1000002526
Benchmark Student 2527,Benchmark High School,GPU CPU Timing Test,1000002527
Benchmark Student 2528,Benchmark High School,GPU CPU Timing Test,1000002528
Benchmark Student 2529,Benchmark High School,GPU CPU Timing Test,1000002529
Benchmark Student 2530,Benchmark High School,GPU CPU Timing Test,1000002530
Benchmark Student 2531,Benchmark High School,GPU CPU Timing Test,1000002531
Benchmark Student 2532,Benchmark High School,GPU CPU Timing Test,1000002532
Benchmark Student 2533,Benchmark High School,GPU CPU Timing Test,1000002533
Benchmark Student 2534,Benchmark High School,GPU CPU Timing Test,1000002534
Benchmark Student 2535,Benchmark High School,GPU CPU Timing Test,1000002535
Benchmark Student 2536,Benchmark High School,GPU CPU Timing Test,1000002536
Benchmark Student 2537,Benchmark High School,GPU CPU Timing Test,1000002537
Benchmark Student 2538,Benchmark High School,GPU CPU Timing Test,1000002538
Benchmark Student 2539,Benchmark High School,GPU CPU Timing Test,1000002539
Benchmark Student 2540,Benchmark High School,GPU CPU Timing Test,1000002540
Benchmark Student 2541,Benchmark High School,GPU CPU Timing Test,1000002541
Benchmark Student 2542,Benchmark High School,GPU CPU Timing Test,1000002542
Benchmark Student 2543,Benchmark High School,GPU CPU Timing Test,1000002543
Benchmark Student 2544,Benchmark High School,GPU CPU Timing Test,1000002544
Benchmark Student 2545,Benchmark High School,GPU CPU Timing Test,1000002545
Benchmark Student 2546,Benchmark High School,GPU CPU Timing Test,1000002546
Benchmark Student 2547,Benchmark High School,GPU CPU Timing Test,1000002547
Benchmark Student 2548,Benchmark High School,GPU CPU Timing Test,1000002548
Benchmark Student 2549,Benchmark High School,GPU CPU Timing Test,1000002549
Benchmark Student 2550,Benchmark High School,GPU CPU Timing Test,1000002550
Benchmark Student 2551,Benchmark High School,GPU CPU Timing Test,1000002551
Benchmark Student 2552,Benchmark High School,GPU CPU Timing Test,1000002552
Benchmark Student 2553,Benchmark High School,GPU CPU Timing Test,1000002553
Benchmark Student 2554,Benchmark High School,GPU CPU Timing Test,1000002554
Benchmark Student 2555,Benchmark High School,GPU CPU Timing Test,1000002555
Benchmark Student 2556,Benchmark High School,GPU CPU Timing Test,1000002556
Benchmark Student 2557,Benchmark High School,GPU CPU Timing Test,1000002557
Benchmark Student 2558,Benchmark High School,GPU CPU Timing Test,1000002558
Benchmark Student 2559,Benchmark High School,GPU CPU Timing Test,1000002559
Benchmark Student 2560,Benchmark High School,GPU CPU Timing Test,1000002560
Benchmark Student 2561,Benchmark High School,GPU CPU Timing Test,1000002561
Benchmark Student 2562,Benchmark High School,GPU CPU Timing Test,1000002562
Benchmark Student 2563,Benchmark High School,GPU CPU Timing Test,1000002563
Benchmark Student 2564,Benchmark High School,GPU CPU Timing Test,1000002564
Benchmark Student 2565,Benchmark High School,GPU CPU Timing Test,1000002565
Benchmark Student 2566,Benchmark High School,GPU CPU Timing Test,1000002566
Benchmark Student 2567,Benchmark High School,GPU CPU Timing Test,1000002567
Benchmark Student 2568,Benchmark High School,GPU CPU Timing Test,1000002568
Benchmark Student 2569,Benchmark High School,GPU CPU Timing Test,1000002569
Benchmark Student 2570,Benchmark High School,GPU CPU Timing Test,1000002570
Benchmark Student 2571,Benchmark High School,GPU CPU Timing Test,1000002571
Benchmark Student 2572,Benchmark High School,GPU CPU Timing Test,1000002572
Benchmark Student 2573,Benchmark High School,GPU CPU Timing Test,1000002573
Benchmark Student 2574,Benchmark High School,GPU CPU Timing Test,1000002574
Benchmark Student 2575,Benchmark High School,GPU CPU Timing Test,1000002575
Benchmark Student 2576,Benchmark High School,GPU CPU Timing Test,1000002576
Benchmark Student 2577,Benchmark High School,GPU CPU Timing Test,1000002577
Benchmark Student 2578,Benchmark High School,GPU CPU Timing Test,1000002578
Benchmark Student 2579,Benchmark High School,GPU CPU Timing Test,1000002579
Benchmark Student 2580,Benchmark High School,GPU CPU Timing Test,1000002580
Benchmark Student 2581,Benchmark High School,GPU CPU Timing Test,1000002581
Benchmark Student 2582,Benchmark High School,GPU CPU Timing Test,1000002582
Benchmark Student 2583,Benchmark High School,GPU CPU Timing Test,1000002583
Benchmark Student 2584,Benchmark High School,GPU CPU Timing Test,1000002584
Benchmark Student 2585,Benchmark High School,GPU CPU Timing Test,1000002585
Benchmark Student 2586,Benchmark High School,GPU CPU Timing Test,1000002586
Benchmark Student 2587,Benchmark High School,GPU CPU Timing Test,1000002587
Benchmark Student 2588,Benchmark High School,GPU CPU Timing Test,1000002588
Benchmark Student 2589,Benchmark High School,GPU CPU Timing Test,1000002589
Benchmark Student 2590,Benchmark High School,GPU CPU Timing Test,1000002590
Benchmark Student 2591,Benchmark High School,GPU CPU Timing Test,1000002591
Benchmark Student 2592,Benchmark High School,GPU CPU Timing Test,1000002592
Benchmark Student 2593,Benchmark High School,GPU CPU Timing Test,1000002593
Benchmark Student 2594,Benchmark High School,GPU CPU Timing Test,1000002594
Benchmark Student 2595,Benchmark High School,GPU CPU Timing Test,1000002595
Benchmark Student 2596,Benchmark High School,GPU CPU Timing Test,1000002596
Benchmark Student 2597,Benchmark High School,GPU CPU Timing Test,1000002597
Benchmark Student 2598,Benchmark High School,GPU CPU Timing Test,1000002598
Benchmark Student 2599,Benchmark High School,GPU CPU Timing Test,1000002599
Benchmark Student 2600,Benchmark High School,GPU CPU Timing Test,1000002600
Benchmark Student 2601,Benchmark High School,GPU CPU Timing Test,1000002601
Benchmark Student 2602,Benchmark High School,GPU CPU Timing Test,1000002602
Benchmark Student 2603,Benchmark High School,GPU CPU Timing Test,1000002603
Benchmark Student 2604,Benchmark High School,GPU CPU Timing Test,1000002604
Benchmark Student 2605,Benchmark High School,GPU CPU Timing Test,1000002605
Benchmark Student 2606,Benchmark High School,GPU CPU Timing Test,1000002606
Benchmark Student 2607,Benchmark High School,GPU CPU Timing Test,1000002607
Benchmark Student 2608,Benchmark High School,GPU CPU Timing Test,1000002608
Benchmark Student 2609,Benchmark High School,GPU CPU Timing Test,1000002609
Benchmark Student 2610,Benchmark High School,GPU CPU Timing Test,1000002610
Benchmark Student 2611,Benchmark High School,GPU CPU Timing Test,1000002611
Benchmark Student 2612,Benchmark High School,GPU CPU Timing Test,1000002612
Benchmark Student 2613,Benchmark High School,GPU CPU Timing Test,1000002613
Benchmark Student 2614,Benchmark High School,GPU CPU Timing Test,1000002614
Benchmark Student 2615,Benchmark High School,GPU CPU Timing Test,1000002615
Benchmark Student 2616,Benchmark High School,GPU CPU Timing Test,1000002616
Benchmark Student 2617,Benchmark High School,GPU CPU Timing Test,1000002617
Benchmark Student 2618,Benchmark High School,GPU CPU Timing Test,1000002618
Benchmark Student 2619,Benchmark High School,GPU CPU Timing Test,1000002619
Benchmark Student 2620,Benchmark High School,GPU CPU Timing Test,1000002620
Benchmark Student 2621,Benchmark High School,GPU CPU Timing Test,1000002621
Benchmark Student 2622,Benchmark High School,GPU CPU Timing Test,1000002622
Benchmark Student 2623,Benchmark High School,GPU CPU Timing Test,1000002623
Benchmark Student 2624,Benchmark High School,GPU CPU Timing Test,1000002624
Benchmark Student 2625,Benchmark High School,GPU CPU Timing Test,1000002625
Benchmark Student 2626,Benchmark High School,GPU CPU Timing Test,1000002626
Benchmark Student 2627,Benchmark High School,GPU CPU Timing Test,1000002627
Benchmark Student 2628,Benchmark High School,GPU CPU Timing Test,1000002628
Benchmark Student 2629,Benchmark High School,GPU CPU Timing Test,1000002629
Benchmark Student 2630,Benchmark High School,GPU CPU Timing Test,1000002630
Benchmark Student 2631,Benchmark High School,GPU CPU Timing Test,1000002631
Benchmark Student 2632,Benchmark High School,GPU CPU Timing Test,1000002632
Benchmark Student 2633,Benchmark High School,GPU CPU Timing Test,1000002633
Benchmark Student 2634,Benchmark High School,GPU CPU Timing Test,1000002634
Benchmark Student 2635,Benchmark High School,GPU CPU Timing Test,1000002635
Benchmark Student 2636,Benchmark High School,GPU CPU Timing Test,1000002636
Benchmark Student 2637,Benchmark High School,GPU CPU Timing Test,1000002637
Benchmark Student 2638,Benchmark High School,GPU CPU Timing Test,1000002638
Benchmark Student 2639,Benchmark High School,GPU CPU Timing Test,1000002639
Benchmark Student 2640,Benchmark High School,GPU CPU Timing Test,1000002640
Benchmark Student 2641,Benchmark High School,GPU CPU Timing Test,1000002641
Benchmark Student 2642,Benchmark High School,GPU CPU Timing Test,1000002642
Benchmark Student 2643,Benchmark High School,GPU CPU Timing Test,1000002643
Benchmark Student 2644,Benchmark High School,GPU CPU Timing Test,1000002644
Benchmark Student 2645,Benchmark High School,GPU CPU Timing Test,1000002645
Benchmark Student 2646,Benchmark High School,GPU CPU Timing Test,1000002646
Benchmark Student 2647,Benchmark High School,GPU CPU Timing Test,1000002647
Benchmark Student 2648,Benchmark High School,GPU CPU Timing Test,1000002648
Benchmark Student 2649,Benchmark High School,GPU CPU Timing Test,1000002649
Benchmark Student 2650,Benchmark High School,GPU CPU Timing Test,1000002650
Benchmark Student 2651,Benchmark High School,GPU CPU Timing Test,1000002651
Benchmark Student 2652,Benchmark High School,GPU CPU Timing Test,1000002652
Benchmark Student 2653,Benchmark High School,GPU CPU Timing Test,1000002653
Benchmark Student 2654,Benchmark High School,GPU CPU Timing Test,1000002654
Benchmark Student 2655,Benchmark High School,GPU CPU Timing Test,1000002655
Benchmark Student 2656,Benchmark High School,GPU CPU Timing Test,1000002656
Benchmark Student 2657,Benchmark High School,GPU CPU Timing Test,1000002657
Benchmark Student 2658,Benchmark High School,GPU CPU Timing Test,1000002658
Benchmark Student 2659,Benchmark High School,GPU CPU Timing Test,1000002659
Benchmark Student 2660,Benchmark High School,GPU CPU Timing Test,1000002660
Benchmark Student 2661,Benchmark High School,GPU CPU Timing Test,1000002661
Benchmark Student 2662,Benchmark High School,GPU CPU Timing Test,1000002662
Benchmark Student 2663,Benchmark High School,GPU CPU Timing Test,1000002663
Benchmark Student 2664,Benchmark High School,GPU CPU Timing Test,1000002664
Benchmark Student 2665,Benchmark High School,GPU CPU Timing Test,1000002665
Benchmark Student 2666,Benchmark High School,GPU CPU Timing Test,1000002666
Benchmark Student 2667,Benchmark High School,GPU CPU Timing Test,1000002667
Benchmark Student 2668,Benchmark High School,GPU CPU Timing Test,1000002668
Benchmark Student 2669,Benchmark High School,GPU CPU Timing Test,1000002669
Benchmark Student 2670,Benchmark High School,GPU CPU Timing Test,1000002670
Benchmark Student 2671,Benchmark High School,GPU CPU Timing Test,1000002671
Benchmark Student 2672,Benchmark High School,GPU CPU Timing Test,1000002672
Benchmark Student 2673,Benchmark High School,GPU CPU Timing Test,1000002673
Benchmark Student 2674,Benchmark High School,GPU CPU Timing Test,1000002674
Benchmark Student 2675,Benchmark High School,GPU CPU Timing Test,1000002675
Benchmark Student 2676,Benchmark High School,GPU CPU Timing Test,1000002676
Benchmark Student 2677,Benchmark High School,GPU CPU Timing Test,1000002677
Benchmark Student 2678,Benchmark High School,GPU CPU Timing Test,1000002678
Benchmark Student 2679,Benchmark High School,GPU CPU Timing Test,1000002679
Benchmark Student 2680,Benchmark High School,GPU CPU Timing Test,1000002680
Benchmark Student 2681,Benchmark High School,GPU CPU Timing Test,1000002681
Benchmark Student 2682,Benchmark High School,GPU CPU Timing Test,1000002682
Benchmark Student 2683,Benchmark High School,GPU CPU Timing Test,1000002683
Benchmark Student 2684,Benchmark High School,GPU CPU Timing Test,1000002684
Benchmark Student 2685,Benchmark High School,GPU CPU Timing Test,1000002685
Benchmark Student 2686,Benchmark High School,GPU CPU Timing Test,1000002686
Benchmark Student 2687,Benchmark High School,GPU CPU Timing Test,1000002687
Benchmark Student 2688,Benchmark High School,GPU CPU Timing Test,1000002688
Benchmark Student 2689,Benchmark High School,GPU CPU Timing Test,1000002689
Benchmark Student 2690,Benchmark High School,GPU CPU Timing Test,1000002690
Benchmark Student 2691,Benchmark High School,GPU CPU Timing Test,1000002691
Benchmark Student 2692,Benchmark High School,GPU CPU Timing Test,1000002692
Benchmark Student 2693,Benchmark High School,GPU CPU Timing Test,1000002693
Benchmark Student 2694,Benchmark High School,GPU CPU Timing Test,1000002694
Benchmark Student 2695,Benchmark High School,GPU CPU Timing Test,1000002695
Benchmark Student 2696,Benchmark High School,GPU CPU Timing Test,1000002696
Benchmark Student 2697,Benchmark High School,GPU CPU Timing Test,1000002697
Benchmark Student 2698,Benchmark High School,GPU CPU Timing Test,1000002698
Benchmark Student 2699,Benchmark High School,GPU CPU Timing Test,1000002699
Benchmark Student 2700,Benchmark High School,GPU CPU Timing Test,1000002700
Benchmark Student 2701,Benchmark High School,GPU CPU Timing Test,1000002701
Benchmark Student 2702,Benchmark High School,GPU CPU Timing Test,1000002702
Benchmark Student 2703,Benchmark High School,GPU CPU Timing Test,1000002703
Benchmark Student 2704,Benchmark High School,GPU CPU Timing Test,1000002704
Benchmark Student 2705,Benchmark High School,GPU CPU Timing Test,1000002705
Benchmark Student 2706,Benchmark High School,GPU CPU Timing Test,1000002706
Benchmark Student 2707,Benchmark High School,GPU CPU Timing Test,1000002707
Benchmark Student 2708,Benchmark High School,GPU CPU Timing Test,1000002708
Benchmark Student 2709,Benchmark High School,GPU CPU Timing Test,1000002709
Benchmark Student 2710,Benchmark High School,GPU CPU Timing Test,1000002710
Benchmark Student 2711,Benchmark High School,GPU CPU Timing Test,1000002711
Benchmark Student 2712,Benchmark High School,GPU CPU Timing Test,1000002712
Benchmark Student 2713,Benchmark High School,GPU CPU Timing Test,1000002713
Benchmark Student 2714,Benchmark High School,GPU CPU Timing Test,1000002714
Benchmark Student 2715,Benchmark High School,GPU CPU Timing Test,1000002715
Benchmark Student 2716,Benchmark High School,GPU CPU Timing Test,1000002716
Benchmark Student 2717,Benchmark High School,GPU CPU Timing Test,1000002717
Benchmark Student 2718,Benchmark High School,GPU CPU Timing Test,1000002718
Benchmark Student 2719,Benchmark High School,GPU CPU Timing Test,1000002719
Benchmark Student 2720,Benchmark High School,GPU CPU Timing Test,1000002720
Benchmark Student 2721,Benchmark High School,GPU CPU Timing Test,1000002721
Benchmark Student 2722,Benchmark High School,GPU CPU Timing Test,1000002722
Benchmark Student 2723,Benchmark High School,GPU CPU Timing Test,1000002723
Benchmark Student 2724,Benchmark High School,GPU CPU Timing Test,1000002724
Benchmark Student 2725,Benchmark High School,GPU CPU Timing Test,1000002725
Benchmark Student 2726,Benchmark High School,GPU CPU Timing Test,1000002726
Benchmark Student 2727,Benchmark High School,GPU CPU Timing Test,1000002727
Benchmark Student 2728,Benchmark High School,GPU CPU Timing Test,1000002728
Benchmark Student 2729,Benchmark High School,GPU CPU Timing Test,1000002729
Benchmark Student 2730,Benchmark High School,GPU CPU Timing Test,1000002730
Benchmark Student 2731,Benchmark High School,GPU CPU Timing Test,1000002731
Benchmark Student 2732,Benchmark High School,GPU CPU Timing Test,1000002732
Benchmark Student 2733,Benchmark High School,GPU CPU Timing Test,1000002733
Benchmark Student 2734,Benchmark High School,GPU CPU Timing Test,1000002734
Benchmark Student 2735,Benchmark High School,GPU CPU Timing Test,1000002735
Benchmark Student 2736,Benchmark High School,GPU CPU Timing Test,1000002736
Benchmark Student 2737,Benchmark High School,GPU CPU Timing Test,1000002737
Benchmark Student 2738,Benchmark High School,GPU CPU Timing Test,1000002738
Benchmark Student 2739,Benchmark High School,GPU CPU Timing Test,1000002739
Benchmark Student 2740,Benchmark High School,GPU CPU Timing Test,1000002740
Benchmark Student 2741,Benchmark High School,GPU CPU Timing Test,1000002741
Benchmark Student 2742,Benchmark High School,GPU CPU Timing Test,1000002742
Benchmark Student 2743,Benchmark High School,GPU CPU Timing Test,1000002743
Benchmark Student 2744,Benchmark High School,GPU CPU Timing Test,1000002744
Benchmark Student 2745,Benchmark High School,GPU CPU Timing Test,1000002745
Benchmark Student 2746,Benchmark High School,GPU CPU Timing Test,1000002746
Benchmark Student 2747,Benchmark High School,GPU CPU Timing Test,1000002747
Benchmark Student 2748,Benchmark High School,GPU CPU Timing Test,1000002748
Benchmark Student 2749,Benchmark High School,GPU CPU Timing Test,1000002749
Benchmark Student 2750,Benchmark High School,GPU CPU Timing Test,1000002750
Benchmark Student 2751,Benchmark High School,GPU CPU Timing Test,1000002751
Benchmark Student 2752,Benchmark High School,GPU CPU Timing Test,1000002752
Benchmark Student 2753,Benchmark High School,GPU CPU Timing Test,1000002753
Benchmark Student 2754,Benchmark High School,GPU CPU Timing Test,1000002754
Benchmark Student 2755,Benchmark High School,GPU CPU Timing Test,1000002755
Benchmark Student 2756,Benchmark High School,GPU CPU Timing Test,1000002756
Benchmark Student 2757,Benchmark High School,GPU CPU Timing Test,1000002757
Benchmark Student 2758,Benchmark High School,GPU CPU Timing Test,1000002758
Benchmark Student 2759,Benchmark High School,GPU CPU Timing Test,1000002759
Benchmark Student 2760,Benchmark High School,GPU CPU Timing Test,1000002760
Benchmark Student 2761,Benchmark High School,GPU CPU Timing Test,1000002761
Benchmark Student 2762,Benchmark High School,GPU CPU Timing Test,1000002762
Benchmark Student 2763,Benchmark High School,GPU CPU Timing Test,1000002763
Benchmark Student 2764,Benchmark High School,GPU CPU Timing Test,1000002764
Benchmark Student 2765,Benchmark High School,GPU CPU Timing Test,1000002765
Benchmark Student 2766,Benchmark High School,GPU CPU Timing Test,1000002766
Benchmark Student 2767,Benchmark High School,GPU CPU Timing Test,1000002767
Benchmark Student 2768,Benchmark High School,GPU CPU Timing Test,1000002768
Benchmark Student 2769,Benchmark High School,GPU CPU Timing Test,1000002769
Benchmark Student 2770,Benchmark High School,GPU CPU Timing Test,1000002770
Benchmark Student 2771,Benchmark High School,GPU CPU Timing Test,1000002771
Benchmark Student 2772,Benchmark High School,GPU CPU Timing Test,1000002772
Benchmark Student 2773,Benchmark High School,GPU CPU Timing Test,1000002773
Benchmark Student 2774,Benchmark High School,GPU CPU Timing Test,1000002774
Benchmark Student 2775,Benchmark High School,GPU CPU Timing Test,1000002775
Benchmark Student 2776,Benchmark High School,GPU CPU Timing Test,1000002776
Benchmark Student 2777,Benchmark High School,GPU CPU Timing Test,1000002777
Benchmark Student 2778,Benchmark High School,GPU CPU Timing Test,1000002778
Benchmark Student 2779,Benchmark High School,GPU CPU Timing Test,1000002779
Benchmark Student 2780,Benchmark High School,GPU CPU Timing Test,1000002780
Benchmark Student 2781,Benchmark High School,GPU CPU Timing Test,1000002781
Benchmark Student 2782,Benchmark High School,GPU CPU Timing Test,1000002782
Benchmark Student 2783,Benchmark High School,GPU CPU Timing Test,1000002783
Benchmark Student 2784,Benchmark High School,GPU CPU Timing Test,1000002784
Benchmark Student 2785,Benchmark High School,GPU CPU Timing Test,1000002785
Benchmark Student 2786,Benchmark High School,GPU CPU Timing Test,1000002786
Benchmark Student 2787,Benchmark High School,GPU CPU Timing Test,1000002787
Benchmark Student 2788,Benchmark High School,GPU CPU Timing Test,1000002788
Benchmark Student 2789,Benchmark High School,GPU CPU Timing Test,1000002789
Benchmark Student 2790,Benchmark High School,GPU CPU Timing Test,1000002790
Benchmark Student 2791,Benchmark High School,GPU CPU Timing Test,1000002791
Benchmark Student 2792,Benchmark High School,GPU CPU Timing Test,1000002792
Benchmark Student 2793,Benchmark High School,GPU CPU Timing Test,1000002793
Benchmark Student 2794,Benchmark High School,GPU CPU Timing Test,1000002794
Benchmark Student 2795,Benchmark High School,GPU CPU Timing Test,1000002795
Benchmark Student 2796,Benchmark High School,GPU CPU Timing Test,1000002796
Benchmark Student 2797,Benchmark High School,GPU CPU Timing Test,1000002797
Benchmark Student 2798,Benchmark High School,GPU CPU Timing Test,1000002798
Benchmark Student 2799,Benchmark High School,GPU CPU Timing Test,1000002799
Benchmark Student 2800,Benchmark High School,GPU CPU Timing Test,1000002800
Benchmark Student 2801,Benchmark High School,GPU CPU Timing Test,1000002801
Benchmark Student 2802,Benchmark High School,GPU CPU Timing Test,1000002802
Benchmark Student 2803,Benchmark High School,GPU CPU Timing Test,1000002803
Benchmark Student 2804,Benchmark High School,GPU CPU Timing Test,1000002804
Benchmark Student 2805,Benchmark High School,GPU CPU Timing Test,1000002805
Benchmark Student 2806,Benchmark High School,GPU CPU Timing Test,1000002806
Benchmark Student 2807,Benchmark High School,GPU CPU Timing Test,1000002807
Benchmark Student 2808,Benchmark High School,GPU CPU Timing Test,1000002808
Benchmark Student 2809,Benchmark High School,GPU CPU Timing Test,1000002809
Benchmark Student 2810,Benchmark High School,GPU CPU Timing Test,1000002810
Benchmark Student 2811,Benchmark High School,GPU CPU Timing Test,1000002811
Benchmark Student 2812,Benchmark High School,GPU CPU Timing Test,1000002812
Benchmark Student 2813,Benchmark High School,GPU CPU Timing Test,1000002813
Benchmark Student 2814,Benchmark High School,GPU CPU Timing Test,1000002814
Benchmark Student 2815,Benchmark High School,GPU CPU Timing Test,1000002815
Benchmark Student 2816,Benchmark High School,GPU CPU Timing Test,1000002816
Benchmark Student 2817,Benchmark High School,GPU CPU Timing Test,1000002817
Benchmark Student 2818,Benchmark High School,GPU CPU Timing Test,1000002818
Benchmark Student 2819,Benchmark High School,GPU CPU Timing Test,1000002819
Benchmark Student 2820,Benchmark High School,GPU CPU Timing Test,1000002820
Benchmark Student 2821,Benchmark High School,GPU CPU Timing Test,1000002821
Benchmark Student 2822,Benchmark High School,GPU CPU Timing Test,1000002822
Benchmark Student 2823,Benchmark High School,GPU CPU Timing Test,1000002823
Benchmark Student 2824,Benchmark High School,GPU CPU Timing Test,1000002824
Benchmark Student 2825,Benchmark High School,GPU CPU Timing Test,1000002825
Benchmark Student 2826,Benchmark High School,GPU CPU Timing Test,1000002826
Benchmark Student 2827,Benchmark High School,GPU CPU Timing Test,1000002827
Benchmark Student 2828,Benchmark High School,GPU CPU Timing Test,1000002828
Benchmark Student 2829,Benchmark High School,GPU CPU Timing Test,1000002829
Benchmark Student 2830,Benchmark High School,GPU CPU Timing Test,1000002830
Benchmark Student 2831,Benchmark High School,GPU CPU Timing Test,1000002831
Benchmark Student 2832,Benchmark High School,GPU CPU Timing Test,1000002832
Benchmark Student 2833,Benchmark High School,GPU CPU Timing Test,1000002833
Benchmark Student 2834,Benchmark High School,GPU CPU Timing Test,1000002834
Benchmark Student 2835,Benchmark High School,GPU CPU Timing Test,1000002835
Benchmark Student 2836,Benchmark High School,GPU CPU Timing Test,1000002836
Benchmark Student 2837,Benchmark High School,GPU CPU Timing Test,1000002837
Benchmark Student 2838,Benchmark High School,GPU CPU Timing Test,1000002838
Benchmark Student 2839,Benchmark High School,GPU CPU Timing Test,1000002839
Benchmark Student 2840,Benchmark High School,GPU CPU Timing Test,1000002840
Benchmark Student 2841,Benchmark High School,GPU CPU Timing Test,1000002841
Benchmark Student 2842,Benchmark High School,GPU CPU Timing Test,1000002842
Benchmark Student 2843,Benchmark High School,GPU CPU Timing Test,1000002843
Benchmark Student 2844,Benchmark High School,GPU CPU Timing Test,1000002844
Benchmark Student 2845,Benchmark High School,GPU CPU Timing Test,1000002845
Benchmark Student 2846,Benchmark High School,GPU CPU Timing Test,1000002846
Benchmark Student 2847,Benchmark High School,GPU CPU Timing Test,1000002847
Benchmark Student 2848,Benchmark High School,GPU CPU Timing Test,1000002848
Benchmark Student 2849,Benchmark High School,GPU CPU Timing Test,1000002849
Benchmark Student 2850,Benchmark High School,GPU CPU Timing Test,1000002850
Benchmark Student 2851,Benchmark High School,GPU CPU Timing Test,1000002851
Benchmark Student 2852,Benchmark High School,GPU CPU Timing Test,1000002852
Benchmark Student 2853,Benchmark High School,GPU CPU Timing Test,1000002853
Benchmark Student 2854,Benchmark High School,GPU CPU Timing Test,1000002854
Benchmark Student 2855,Benchmark High School,GPU CPU Timing Test,1000002855
Benchmark Student 2856,Benchmark High School,GPU CPU Timing Test,1000002856
Benchmark Student 2857,Benchmark High School,GPU CPU Timing Test,1000002857
Benchmark Student 2858,Benchmark High School,GPU CPU Timing Test,1000002858
Benchmark Student 2859,Benchmark High School,GPU CPU Timing Test,1000002859
Benchmark Student 2860,Benchmark High School,GPU CPU Timing Test,1000002860
Benchmark Student 2861,Benchmark High School,GPU CPU Timing Test,1000002861
Benchmark Student 2862,Benchmark High School,GPU CPU Timing Test,1000002862
Benchmark Student 2863,Benchmark High School,GPU CPU Timing Test,1000002863
Benchmark Student 2864,Benchmark High School,GPU CPU Timing Test,1000002864
Benchmark Student 2865,Benchmark High School,GPU CPU Timing Test,1000002865
Benchmark Student 2866,Benchmark High School,GPU CPU Timing Test,1000002866
Benchmark Student 2867,Benchmark High School,GPU CPU Timing Test,1000002867
Benchmark Student 2868,Benchmark High School,GPU CPU Timing Test,1000002868
Benchmark Student 2869,Benchmark High School,GPU CPU Timing Test,1000002869
Benchmark Student 2870,Benchmark High School,GPU CPU Timing Test,1000002870
Benchmark Student 2871,Benchmark High School,GPU CPU Timing Test,1000002871
Benchmark Student 2872,Benchmark High School,GPU CPU Timing Test,1000002872
Benchmark Student 2873,Benchmark High School,GPU CPU Timing Test,1000002873
Benchmark Student 2874,Benchmark High School,GPU CPU Timing Test,1000002874
Benchmark Student 2875,Benchmark High School,GPU CPU Timing Test,1000002875
Benchmark Student 2876,Benchmark High School,GPU CPU Timing Test,1000002876
Benchmark Student 2877,Benchmark High School,GPU CPU Timing Test,1000002877
Benchmark Student 2878,Benchmark High School,GPU CPU Timing Test,1000002878
Benchmark Student 2879,Benchmark High School,GPU CPU Timing Test,1000002879
Benchmark Student 2880,Benchmark High School,GPU CPU Timing Test,1000002880
Benchmark Student 2881,Benchmark High School,GPU CPU Timing Test,1000002881
Benchmark Student 2882,Benchmark High School,GPU CPU Timing Test,1000002882
Benchmark Student 2883,Benchmark High School,GPU CPU Timing Test,1000002883
Benchmark Student 2884,Benchmark High School,GPU CPU Timing Test,1000002884
Benchmark Student 2885,Benchmark High School,GPU CPU Timing Test,1000002885
Benchmark Student 2886,Benchmark High School,GPU CPU Timing Test,1000002886
Benchmark Student 2887,Benchmark High School,GPU CPU Timing Test,1000002887
Benchmark Student 2888,Benchmark High School,GPU CPU Timing Test,1000002888
Benchmark Student 2889,Benchmark High School,GPU CPU Timing Test,1000002889
Benchmark Student 2890,Benchmark High School,GPU CPU Timing Test,1000002890
Benchmark Student 2891,Benchmark High School,GPU CPU Timing Test,1000002891
Benchmark Student 2892,Benchmark High School,GPU CPU Timing Test,1000002892
Benchmark Student 2893,Benchmark High School,GPU CPU Timing Test,1000002893
Benchmark Student 2894,Benchmark High School,GPU CPU Timing Test,1000002894
Benchmark Student 2895,Benchmark High School,GPU CPU Timing Test,1000002895
Benchmark Student 2896,Benchmark High School,GPU CPU Timing Test,1000002896
Benchmark Student 2897,Benchmark High School,GPU CPU Timing Test,1000002897
Benchmark Student 2898,Benchmark High School,GPU CPU Timing Test,1000002898
Benchmark Student 2899,Benchmark High School,GPU CPU Timing Test,1000002899
Benchmark Student 2900,Benchmark High School,GPU CPU Timing Test,1000002900
Benchmark Student 2901,Benchmark High School,GPU CPU Timing Test,1000002901
Benchmark Student 2902,Benchmark High School,GPU CPU Timing Test,1000002902
Benchmark Student 2903,Benchmark High School,GPU CPU Timing Test,1000002903
Benchmark Student 2904,Benchmark High School,GPU CPU Timing Test,1000002904
Benchmark Student 2905,Benchmark High School,GPU CPU Timing Test,1000002905
Benchmark Student 2906,Benchmark High School,GPU CPU Timing Test,1000002906
Benchmark Student 2907,Benchmark High School,GPU CPU Timing Test,1000002907
Benchmark Student 2908,Benchmark High School,GPU CPU Timing Test,1000002908
Benchmark Student 2909,Benchmark High School,GPU CPU Timing Test,1000002909
Benchmark Student 2910,Benchmark High School,GPU CPU Timing Test,1000002910
Benchmark Student 2911,Benchmark High School,GPU CPU Timing Test,1000002911
Benchmark Student 2912,Benchmark High School,GPU CPU Timing Test,1000002912
Benchmark Student 2913,Benchmark High School,GPU CPU Timing Test,1000002913
Benchmark Student 2914,Benchmark High School,GPU CPU Timing Test,1000002914
Benchmark Student 2915,Benchmark High School,GPU CPU Timing Test,1000002915
Benchmark Student 2916,Benchmark High School,GPU CPU Timing Test,1000002916
Benchmark Student 2917,Benchmark High School,GPU CPU Timing Test,1000002917
Benchmark Student 2918,Benchmark High School,GPU CPU Timing Test,1000002918
Benchmark Student 2919,Benchmark High School,GPU CPU Timing Test,1000002919
Benchmark Student 2920,Benchmark High School,GPU CPU Timing Test,1000002920
Benchmark Student 2921,Benchmark High School,GPU CPU Timing Test,1000002921
Benchmark Student 2922,Benchmark High School,GPU CPU Timing Test,1000002922
Benchmark Student 2923,Benchmark High School,GPU CPU Timing Test,1000002923
Benchmark Student 2924,Benchmark High School,GPU CPU Timing Test,1000002924
Benchmark Student 2925,Benchmark High School,GPU CPU Timing Test,1000002925
Benchmark Student 2926,Benchmark High School,GPU CPU Timing Test,1000002926
Benchmark Student 2927,Benchmark High School,GPU CPU Timing Test,1000002927
Benchmark Student 2928,Benchmark High School,GPU CPU Timing Test,1000002928
Benchmark Student 2929,Benchmark High School,GPU CPU Timing Test,1000002929
Benchmark Student 2930,Benchmark High School,GPU CPU Timing Test,1000002930
Benchmark Student 2931,Benchmark High School,GPU CPU Timing Test,1000002931
Benchmark Student 2932,Benchmark High School,GPU CPU Timing Test,1000002932
Benchmark Student 2933,Benchmark High School,GPU CPU Timing Test,1000002933
Benchmark Student 2934,Benchmark High School,GPU CPU Timing Test,1000002934
Benchmark Student 2935,Benchmark High School,GPU CPU Timing Test,1000002935
Benchmark Student 2936,Benchmark High School,GPU CPU Timing Test,1000002936
Benchmark Student 2937,Benchmark High School,GPU CPU Timing Test,1000002937
Benchmark Student 2938,Benchmark High School,GPU CPU Timing Test,1000002938
Benchmark Student 2939,Benchmark High School,GPU CPU Timing Test,1000002939
Benchmark Student 2940,Benchmark High School,GPU CPU Timing Test,1000002940
Benchmark Student 2941,Benchmark High School,GPU CPU Timing Test,1000002941
Benchmark Student 2942,Benchmark High School,GPU CPU Timing Test,1000002942
Benchmark Student 2943,Benchmark High School,GPU CPU Timing Test,1000002943
Benchmark Student 2944,Benchmark High School,GPU CPU Timing Test,1000002944
Benchmark Student 2945,Benchmark High School,GPU CPU Timing Test,1000002945
Benchmark Student 2946,Benchmark High School,GPU CPU Timing Test,1000002946
Benchmark Student 2947,Benchmark High School,GPU CPU Timing Test,1000002947
Benchmark Student 2948,Benchmark High School,GPU CPU Timing Test,1000002948
Benchmark Student 2949,Benchmark High School,GPU CPU Timing Test,1000002949
Benchmark Student 2950,Benchmark High School,GPU CPU Timing Test,1000002950
Benchmark Student 2951,Benchmark High School,GPU CPU Timing Test,1000002951
Benchmark Student 2952,Benchmark High School,GPU CPU Timing Test,1000002952
Benchmark Student 2953,Benchmark High School,GPU CPU Timing Test,1000002953
Benchmark Student 2954,Benchmark High School,GPU CPU Timing Test,1000002954
Benchmark Student 2955,Benchmark High School,GPU CPU Timing Test,1000002955
Benchmark Student 2956,Benchmark High School,GPU CPU Timing Test,1000002956
Benchmark Student 2957,Benchmark High School,GPU CPU Timing Test,1000002957
Benchmark Student 2958,Benchmark High School,GPU CPU Timing Test,1000002958
Benchmark Student 2959,Benchmark High School,GPU CPU Timing Test,1000002959
Benchmark Student 2960,Benchmark High School,GPU CPU Timing Test,1000002960
Benchmark Student 2961,Benchmark High School,GPU CPU Timing Test,1000002961
Benchmark Student 2962,Benchmark High School,GPU CPU Timing Test,1000002962
Benchmark Student 2963,Benchmark High School,GPU CPU Timing Test,1000002963
Benchmark Student 2964,Benchmark High School,GPU CPU Timing Test,1000002964
Benchmark Student 2965,Benchmark High School,GPU CPU Timing Test,1000002965
Benchmark Student 2966,Benchmark High School,GPU CPU Timing Test,1000002966
Benchmark Student 2967,Benchmark High School,GPU CPU Timing Test,1000002967
Benchmark Student 2968,Benchmark High School,GPU CPU Timing Test,1000002968
Benchmark Student 2969,Benchmark High School,GPU CPU Timing Test,1000002969
Benchmark Student 2970,Benchmark High School,GPU CPU Timing Test,1000002970
Benchmark Student 2971,Benchmark High School,GPU CPU Timing Test,1000002971
Benchmark Student 2972,Benchmark High School,GPU CPU Timing Test,1000002972
Benchmark Student 2973,Benchmark High School,GPU CPU Timing Test,1000002973
Benchmark Student 2974,Benchmark High School,GPU CPU Timing Test,1000002974
Benchmark Student 2975,Benchmark High School,GPU CPU Timing Test,1000002975
Benchmark Student 2976,Benchmark High School,GPU CPU Timing Test,1000002976
Benchmark Student 2977,Benchmark High School,GPU CPU Timing Test,1000002977
Benchmark Student 2978,Benchmark High School,GPU CPU Timing Test,1000002978
Benchmark Student 2979,Benchmark High School,GPU CPU Timing Test,1000002979
Benchmark Student 2980,Benchmark High School,GPU CPU Timing Test,1000002980
Benchmark Student 2981,Benchmark High School,GPU CPU Timing Test,1000002981
Benchmark Student 2982,Benchmark High School,GPU CPU Timing Test,1000002982
Benchmark Student 2983,Benchmark High School,GPU CPU Timing Test,1000002983
Benchmark Student 2984,Benchmark High School,GPU CPU Timing Test,1000002984
Benchmark Student 2985,Benchmark High School,GPU CPU Timing Test,1000002985
Benchmark Student 2986,Benchmark High School,GPU CPU Timing Test,1000002986
Benchmark Student 2987,Benchmark High School,GPU CPU Timing Test,1000002987
Benchmark Student 2988,Benchmark High School,GPU CPU Timing Test,1000002988
Benchmark Student 2989,Benchmark High School,GPU CPU Timing Test,1000002989
Benchmark Student 2990,Benchmark High School,GPU CPU Timing Test,1000002990
Benchmark Student 2991,Benchmark High School,GPU CPU Timing Test,1000002991
Benchmark Student 2992,Benchmark High School,GPU CPU Timing Test,1000002992
Benchmark Student 2993,Benchmark High School,GPU CPU Timing Test,1000002993
Benchmark Student 2994,Benchmark High School,GPU CPU Timing Test,1000002994
Benchmark Student 2995,Benchmark High School,GPU CPU Timing Test,1000002995
Benchmark Student 2996,Benchmark High School,GPU CPU Timing Test,1000002996
Benchmark Student 2997,Benchmark High School,GPU CPU Timing Test,1000002997
Benchmark Student 2998,Benchmark High School,GPU CPU Timing Test,1000002998
Benchmark Student 2999,Benchmark High School,GPU CPU Timing Test,1000002999
Benchmark Student 3000,Benchmark High School,GPU CPU Timing Test,1000003000
Benchmark Student 3001,Benchmark High School,GPU CPU Timing Test,1000003001
Benchmark Student 3002,Benchmark High School,GPU CPU Timing Test,1000003002
Benchmark Student 3003,Benchmark High School,GPU CPU Timing Test,1000003003
Benchmark Student 3004,Benchmark High School,GPU CPU Timing Test,1000003004
Benchmark Student 3005,Benchmark High School,GPU CPU Timing Test,1000003005
Benchmark Student 3006,Benchmark High School,GPU CPU Timing Test,1000003006
Benchmark Student 3007,Benchmark High School,GPU CPU Timing Test,1000003007
Benchmark Student 3008,Benchmark High School,GPU CPU Timing Test,1000003008
Benchmark Student 3009,Benchmark High School,GPU CPU Timing Test,1000003009
Benchmark Student 3010,Benchmark High School,GPU CPU Timing Test,1000003010
Benchmark Student 3011,Benchmark High School,GPU CPU Timing Test,1000003011
Benchmark Student 3012,Benchmark High School,GPU CPU Timing Test,1000003012
Benchmark Student 3013,Benchmark High School,GPU CPU Timing Test,1000003013
Benchmark Student 3014,Benchmark High School,GPU CPU Timing Test,1000003014
Benchmark Student 3015,Benchmark High School,GPU CPU Timing Test,1000003015
Benchmark Student 3016,Benchmark High School,GPU CPU Timing Test,1000003016
Benchmark Student 3017,Benchmark High School,GPU CPU Timing Test,1000003017
Benchmark Student 3018,Benchmark High School,GPU CPU Timing Test,1000003018
Benchmark Student 3019,Benchmark High School,GPU CPU Timing Test,1000003019
Benchmark Student 3020,Benchmark High School,GPU CPU Timing Test,1000003020
Benchmark Student 3021,Benchmark High School,GPU CPU Timing Test,1000003021
Benchmark Student 3022,Benchmark High School,GPU CPU Timing Test,1000003022
Benchmark Student 3023,Benchmark High School,GPU CPU Timing Test,1000003023
Benchmark Student 3024,Benchmark High School,GPU CPU Timing Test,1000003024
Benchmark Student 3025,Benchmark High School,GPU CPU Timing Test,1000003025
Benchmark Student 3026,Benchmark High School,GPU CPU Timing Test,1000003026
Benchmark Student 3027,Benchmark High School,GPU CPU Timing Test,1000003027
Benchmark Student 3028,Benchmark High School,GPU CPU Timing Test,1000003028
Benchmark Student 3029,Benchmark High School,GPU CPU Timing Test,1000003029
Benchmark Student 3030,Benchmark High School,GPU CPU Timing Test,1000003030
Benchmark Student 3031,Benchmark High School,GPU CPU Timing Test,1000003031
Benchmark Student 3032,Benchmark High School,GPU CPU Timing Test,1000003032
Benchmark Student 3033,Benchmark High School,GPU CPU Timing Test,1000003033
Benchmark Student 3034,Benchmark High School,GPU CPU Timing Test,1000003034
Benchmark Student 3035,Benchmark High School,GPU CPU Timing Test,1000003035
Benchmark Student 3036,Benchmark High School,GPU CPU Timing Test,1000003036
Benchmark Student 3037,Benchmark High School,GPU CPU Timing Test,1000003037
Benchmark Student 3038,Benchmark High School,GPU CPU Timing Test,1000003038
Benchmark Student 3039,Benchmark High School,GPU CPU Timing Test,1000003039
Benchmark Student 3040,Benchmark High School,GPU CPU Timing Test,1000003040
Benchmark Student 3041,Benchmark High School,GPU CPU Timing Test,1000003041
Benchmark Student 3042,Benchmark High School,GPU CPU Timing Test,1000003042
Benchmark Student 3043,Benchmark High School,GPU CPU Timing Test,1000003043
Benchmark Student 3044,Benchmark High School,GPU CPU Timing Test,1000003044
Benchmark Student 3045,Benchmark High School,GPU CPU Timing Test,1000003045
Benchmark Student 3046,Benchmark High School,GPU CPU Timing Test,1000003046
Benchmark Student 3047,Benchmark High School,GPU CPU Timing Test,1000003047
Benchmark Student 3048,Benchmark High School,GPU CPU Timing Test,1000003048
Benchmark Student 3049,Benchmark High School,GPU CPU Timing Test,1000003049
Benchmark Student 3050,Benchmark High School,GPU CPU Timing Test,1000003050
Benchmark Student 3051,Benchmark High School,GPU CPU Timing Test,1000003051
Benchmark Student 3052,Benchmark High School,GPU CPU Timing Test,1000003052
Benchmark Student 3053,Benchmark High School,GPU CPU Timing Test,1000003053
Benchmark Student 3054,Benchmark High School,GPU CPU Timing Test,1000003054
Benchmark Student 3055,Benchmark High School,GPU CPU Timing Test,1000003055
Benchmark Student 3056,Benchmark High School,GPU CPU Timing Test,1000003056
Benchmark Student 3057,Benchmark High School,GPU CPU Timing Test,1000003057
Benchmark Student 3058,Benchmark High School,GPU CPU Timing Test,1000003058
Benchmark Student 3059,Benchmark High School,GPU CPU Timing Test,1000003059
Benchmark Student 3060,Benchmark High School,GPU CPU Timing Test,1000003060
Benchmark Student 3061,Benchmark High School,GPU CPU Timing Test,1000003061
Benchmark Student 3062,Benchmark High School,GPU CPU Timing Test,1000003062
Benchmark Student 3063,Benchmark High School,GPU CPU Timing Test,1000003063
Benchmark Student 3064,Benchmark High School,GPU CPU Timing Test,1000003064
Benchmark Student 3065,Benchmark High School,GPU CPU Timing Test,1000003065
Benchmark Student 3066,Benchmark High School,GPU CPU Timing Test,1000003066
Benchmark Student 3067,Benchmark High School,GPU CPU Timing Test,1000003067
Benchmark Student 3068,Benchmark High School,GPU CPU Timing Test,1000003068
Benchmark Student 3069,Benchmark High School,GPU CPU Timing Test,1000003069
Benchmark Student 3070,Benchmark High School,GPU CPU Timing Test,1000003070
Benchmark Student 3071,Benchmark High School,GPU CPU Timing Test,1000003071
Benchmark Student 3072,Benchmark High School,GPU CPU Timing Test,1000003072
Benchmark Student 3073,Benchmark High School,GPU CPU Timing Test,1000003073
Benchmark Student 3074,Benchmark High School,GPU CPU Timing Test,1000003074
Benchmark Student 3075,Benchmark High School,GPU CPU Timing Test,1000003075
Benchmark Student 3076,Benchmark High School,GPU CPU Timing Test,1000003076
Benchmark Student 3077,Benchmark High School,GPU CPU Timing Test,1000003077
Benchmark Student 3078,Benchmark High School,GPU CPU Timing Test,1000003078
Benchmark Student 3079,Benchmark High School,GPU CPU Timing Test,1000003079
Benchmark Student 3080,Benchmark High School,GPU CPU Timing Test,1000003080
Benchmark Student 3081,Benchmark High School,GPU CPU Timing Test,1000003081
Benchmark Student 3082,Benchmark High School,GPU CPU Timing Test,1000003082
Benchmark Student 3083,Benchmark High School,GPU CPU Timing Test,1000003083
Benchmark Student 3084,Benchmark High School,GPU CPU Timing Test,1000003084
Benchmark Student 3085,Benchmark High School,GPU CPU Timing Test,1000003085
Benchmark Student 3086,Benchmark High School,GPU CPU Timing Test,1000003086
Benchmark Student 3087,Benchmark High School,GPU CPU Timing Test,1000003087
Benchmark Student 3088,Benchmark High School,GPU CPU Timing Test,1000003088
Benchmark Student 3089,Benchmark High School,GPU CPU Timing Test,1000003089
Benchmark Student 3090,Benchmark High School,GPU CPU Timing Test,1000003090
Benchmark Student 3091,Benchmark High School,GPU CPU Timing Test,1000003091
Benchmark Student 3092,Benchmark High School,GPU CPU Timing Test,1000003092
Benchmark Student 3093,Benchmark High School,GPU CPU Timing Test,1000003093
Benchmark Student 3094,Benchmark High School,GPU CPU Timing Test,1000003094
Benchmark Student 3095,Benchmark High School,GPU CPU Timing Test,1000003095
Benchmark Student 3096,Benchmark High School,GPU CPU Timing Test,1000003096
Benchmark Student 3097,Benchmark High School,GPU CPU Timing Test,1000003097
Benchmark Student 3098,Benchmark High School,GPU CPU Timing Test,1000003098
Benchmark Student 3099,Benchmark High School,GPU CPU Timing Test,1000003099
Benchmark Student 3100,Benchmark High School,GPU CPU Timing Test,1000003100
Benchmark Student 3101,Benchmark High School,GPU CPU Timing Test,1000003101
Benchmark Student 3102,Benchmark High School,GPU CPU Timing Test,1000003102
Benchmark Student 3103,Benchmark High School,GPU CPU Timing Test,1000003103
Benchmark Student 3104,Benchmark High School,GPU CPU Timing Test,1000003104
Benchmark Student 3105,Benchmark High School,GPU CPU Timing Test,1000003105
Benchmark Student 3106,Benchmark High School,GPU CPU Timing Test,1000003106
Benchmark Student 3107,Benchmark High School,GPU CPU Timing Test,1000003107
Benchmark Student 3108,Benchmark High School,GPU CPU Timing Test,1000003108
Benchmark Student 3109,Benchmark High School,GPU CPU Timing Test,1000003109
Benchmark Student 3110,Benchmark High School,GPU CPU Timing Test,1000003110
Benchmark Student 3111,Benchmark High School,GPU CPU Timing Test,1000003111
Benchmark Student 3112,Benchmark High School,GPU CPU Timing Test,1000003112
Benchmark Student 3113,Benchmark High School,GPU CPU Timing Test,1000003113
Benchmark Student 3114,Benchmark High School,GPU CPU Timing Test,1000003114
Benchmark Student 3115,Benchmark High School,GPU CPU Timing Test,1000003115
Benchmark Student 3116,Benchmark High School,GPU CPU Timing Test,1000003116
Benchmark Student 3117,Benchmark High School,GPU CPU Timing Test,1000003117
Benchmark Student 3118,Benchmark High School,GPU CPU Timing Test,1000003118
Benchmark Student 3119,Benchmark High School,GPU CPU Timing Test,1000003119
Benchmark Student 3120,Benchmark High School,GPU CPU Timing Test,1000003120
Benchmark Student 3121,Benchmark High School,GPU CPU Timing Test,1000003121
Benchmark Student 3122,Benchmark High School,GPU CPU Timing Test,1000003122
Benchmark Student 3123,Benchmark High School,GPU CPU Timing Test,1000003123
Benchmark Student 3124,Benchmark High School,GPU CPU Timing Test,1000003124
Benchmark Student 3125,Benchmark High School,GPU CPU Timing Test,1000003125
Benchmark Student 3126,Benchmark High School,GPU CPU Timing Test,1000003126
Benchmark Student 3127,Benchmark High School,GPU CPU Timing Test,1000003127
Benchmark Student 3128,Benchmark High School,GPU CPU Timing Test,1000003128
Benchmark Student 3129,Benchmark High School,GPU CPU Timing Test,1000003129
Benchmark Student 3130,Benchmark High School,GPU CPU Timing Test,1000003130
Benchmark Student 3131,Benchmark High School,GPU CPU Timing Test,1000003131
Benchmark Student 3132,Benchmark High School,GPU CPU Timing Test,1000003132
Benchmark Student 3133,Benchmark High School,GPU CPU Timing Test,1000003133
Benchmark Student 3134,Benchmark High School,GPU CPU Timing Test,1000003134
Benchmark Student 3135,Benchmark High School,GPU CPU Timing Test,1000003135
Benchmark Student 3136,Benchmark High School,GPU CPU Timing Test,1000003136
Benchmark Student 3137,Benchmark High School,GPU CPU Timing Test,1000003137
Benchmark Student 3138,Benchmark High School,GPU CPU Timing Test,1000003138
Benchmark Student 3139,Benchmark High School,GPU CPU Timing Test,1000003139
Benchmark Student 3140,Benchmark High School,GPU CPU Timing Test,1000003140
Benchmark Student 3141,Benchmark High School,GPU CPU Timing Test,1000003141
Benchmark Student 3142,Benchmark High School,GPU CPU Timing Test,1000003142
Benchmark Student 3143,Benchmark High School,GPU CPU Timing Test,1000003143
Benchmark Student 3144,Benchmark High School,GPU CPU Timing Test,1000003144
Benchmark Student 3145,Benchmark High School,GPU CPU Timing Test,1000003145
Benchmark Student 3146,Benchmark High School,GPU CPU Timing Test,1000003146
Benchmark Student 3147,Benchmark High School,GPU CPU Timing Test,1000003147
Benchmark Student 3148,Benchmark High School,GPU CPU Timing Test,1000003148
Benchmark Student 3149,Benchmark High School,GPU CPU Timing Test,1000003149
Benchmark Student 3150,Benchmark High School,GPU CPU Timing Test,1000003150
Benchmark Student 3151,Benchmark High School,GPU CPU Timing Test,1000003151
Benchmark Student 3152,Benchmark High School,GPU CPU Timing Test,1000003152
Benchmark Student 3153,Benchmark High School,GPU CPU Timing Test,1000003153
Benchmark Student 3154,Benchmark High School,GPU CPU Timing Test,1000003154
Benchmark Student 3155,Benchmark High School,GPU CPU Timing Test,1000003155
Benchmark Student 3156,Benchmark High School,GPU CPU Timing Test,1000003156
Benchmark Student 3157,Benchmark High School,GPU CPU Timing Test,1000003157
Benchmark Student 3158,Benchmark High School,GPU CPU Timing Test,1000003158
Benchmark Student 3159,Benchmark High School,GPU CPU Timing Test,1000003159
Benchmark Student 3160,Benchmark High School,GPU CPU Timing Test,1000003160
Benchmark Student 3161,Benchmark High School,GPU CPU Timing Test,1000003161
Benchmark Student 3162,Benchmark High School,GPU CPU Timing Test,1000003162
Benchmark Student 3163,Benchmark High School,GPU CPU Timing Test,1000003163
Benchmark Student 3164,Benchmark High School,GPU CPU Timing Test,1000003164
Benchmark Student 3165,Benchmark High School,GPU CPU Timing Test,1000003165
Benchmark Student 3166,Benchmark High School,GPU CPU Timing Test,1000003166
Benchmark Student 3167,Benchmark High School,GPU CPU Timing Test,1000003167
Benchmark Student 3168,Benchmark High School,GPU CPU Timing Test,1000003168
Benchmark Student 3169,Benchmark High School,GPU CPU Timing Test,1000003169
Benchmark Student 3170,Benchmark High School,GPU CPU Timing Test,1000003170
Benchmark Student 3171,Benchmark High School,GPU CPU Timing Test,1000003171
Benchmark Student 3172,Benchmark High School,GPU CPU Timing Test,1000003172
Benchmark Student 3173,Benchmark High School,GPU CPU Timing Test,1000003173
Benchmark Student 3174,Benchmark High School,GPU CPU Timing Test,1000003174
Benchmark Student 3175,Benchmark High School,GPU CPU Timing Test,1000003175
Benchmark Student 3176,Benchmark High School,GPU CPU Timing Test,1000003176
Benchmark Student 3177,Benchmark High School,GPU CPU Timing Test,1000003177
Benchmark Student 3178,Benchmark High School,GPU CPU Timing Test,1000003178
Benchmark Student 3179,Benchmark High School,GPU CPU Timing Test,1000003179
Benchmark Student 3180,Benchmark High School,GPU CPU Timing Test,1000003180
Benchmark Student 3181,Benchmark High School,GPU CPU Timing Test,1000003181
Benchmark Student 3182,Benchmark High School,GPU CPU Timing Test,1000003182
Benchmark Student 3183,Benchmark High School,GPU CPU Timing Test,1000003183
Benchmark Student 3184,Benchmark High School,GPU CPU Timing Test,1000003184
Benchmark Student 3185,Benchmark High School,GPU CPU Timing Test,1000003185
Benchmark Student 3186,Benchmark High School,GPU CPU Timing Test,1000003186
Benchmark Student 3187,Benchmark High School,GPU CPU Timing Test,1000003187
Benchmark Student 3188,Benchmark High School,GPU CPU Timing Test,1000003188
Benchmark Student 3189,Benchmark High School,GPU CPU Timing Test,1000003189
Benchmark Student 3190,Benchmark High School,GPU CPU Timing Test,1000003190
Benchmark Student 3191,Benchmark High School,GPU CPU Timing Test,1000003191
Benchmark Student 3192,Benchmark High School,GPU CPU Timing Test,1000003192
Benchmark Student 3193,Benchmark High School,GPU CPU Timing Test,1000003193
Benchmark Student 3194,Benchmark High School,GPU CPU Timing Test,1000003194
Benchmark Student 3195,Benchmark High School,GPU CPU Timing Test,1000003195
Benchmark Student 3196,Benchmark High School,GPU CPU Timing Test,1000003196
Benchmark Student 3197,Benchmark High School,GPU CPU Timing Test,1000003197
Benchmark Student 3198,Benchmark High School,GPU CPU Timing Test,1000003198
Benchmark Student 3199,Benchmark High School,GPU CPU Timing Test,1000003199
Benchmark Student 3200,Benchmark High School,GPU CPU Timing Test,1000003200
Benchmark Student 3201,Benchmark High School,GPU CPU Timing Test,1000003201
Benchmark Student 3202,Benchmark High School,GPU CPU Timing Test,1000003202
Benchmark Student 3203,Benchmark High School,GPU CPU Timing Test,1000003203
Benchmark Student 3204,Benchmark High School,GPU CPU Timing Test,1000003204
Benchmark Student 3205,Benchmark High School,GPU CPU Timing Test,1000003205
Benchmark Student 3206,Benchmark High School,GPU CPU Timing Test,1000003206
Benchmark Student 3207,Benchmark High School,GPU CPU Timing Test,1000003207
Benchmark Student 3208,Benchmark High School,GPU CPU Timing Test,1000003208
Benchmark Student 3209,Benchmark High School,GPU CPU Timing Test,1000003209
Benchmark Student 3210,Benchmark High School,GPU CPU Timing Test,1000003210
Benchmark Student 3211,Benchmark High School,GPU CPU Timing Test,1000003211
Benchmark Student 3212,Benchmark High School,GPU CPU Timing Test,1000003212
Benchmark Student 3213,Benchmark High School,GPU CPU Timing Test,1000003213
Benchmark Student 3214,Benchmark High School,GPU CPU Timing Test,1000003214
Benchmark Student 3215,Benchmark High School,GPU CPU Timing Test,1000003215
Benchmark Student 3216,Benchmark High School,GPU CPU Timing Test,1000003216
Benchmark Student 3217,Benchmark High School,GPU CPU Timing Test,1000003217
Benchmark Student 3218,Benchmark High School,GPU CPU Timing Test,1000003218
Benchmark Student 3219,Benchmark High School,GPU CPU Timing Test,1000003219
Benchmark Student 3220,Benchmark High School,GPU CPU Timing Test,1000003220
Benchmark Student 3221,Benchmark High School,GPU CPU Timing Test,1000003221
Benchmark Student 3222,Benchmark High School,GPU CPU Timing Test,1000003222
Benchmark Student 3223,Benchmark High School,GPU CPU Timing Test,1000003223
Benchmark Student 3224,Benchmark High School,GPU CPU Timing Test,1000003224
Benchmark Student 3225,Benchmark High School,GPU CPU Timing Test,1000003225
Benchmark Student 3226,Benchmark High School,GPU CPU Timing Test,1000003226
Benchmark Student 3227,Benchmark High School,GPU CPU Timing Test,1000003227
Benchmark Student 3228,Benchmark High School,GPU CPU Timing Test,1000003228
Benchmark Student 3229,Benchmark High School,GPU CPU Timing Test,1000003229
Benchmark Student 3230,Benchmark High School,GPU CPU Timing Test,1000003230
Benchmark Student 3231,Benchmark High School,GPU CPU Timing Test,1000003231
Benchmark Student 3232,Benchmark High School,GPU CPU Timing Test,1000003232
Benchmark Student 3233,Benchmark High School,GPU CPU Timing Test,1000003233
Benchmark Student 3234,Benchmark High School,GPU CPU Timing Test,1000003234
Benchmark Student 3235,Benchmark High School,GPU CPU Timing Test,1000003235
Benchmark Student 3236,Benchmark High School,GPU CPU Timing Test,1000003236
Benchmark Student 3237,Benchmark High School,GPU CPU Timing Test,1000003237
Benchmark Student 3238,Benchmark High School,GPU CPU Timing Test,1000003238
Benchmark Student 3239,Benchmark High School,GPU CPU Timing Test,1000003239
Benchmark Student 3240,Benchmark High School,GPU CPU Timing Test,1000003240
Benchmark Student 3241,Benchmark High School,GPU CPU Timing Test,1000003241
Benchmark Student 3242,Benchmark High School,GPU CPU Timing Test,1000003242
Benchmark Student 3243,Benchmark High School,GPU CPU Timing Test,1000003243
Benchmark Student 3244,Benchmark High School,GPU CPU Timing Test,1000003244
Benchmark Student 3245,Benchmark High School,GPU CPU Timing Test,1000003245
Benchmark Student 3246,Benchmark High School,GPU CPU Timing Test,1000003246
Benchmark Student 3247,Benchmark High School,GPU CPU Timing Test,1000003247
Benchmark Student 3248,Benchmark High School,GPU CPU Timing Test,1000003248
Benchmark Student 3249,Benchmark High School,GPU CPU Timing Test,1000003249
Benchmark Student 3250,Benchmark High School,GPU CPU Timing Test,1000003250
Benchmark Student 3251,Benchmark High School,GPU CPU Timing Test,1000003251
Benchmark Student 3252,Benchmark High School,GPU CPU Timing Test,1000003252
Benchmark Student 3253,Benchmark High School,GPU CPU Timing Test,1000003253
Benchmark Student 3254,Benchmark High School,GPU CPU Timing Test,1000003254
Benchmark Student 3255,Benchmark High School,GPU CPU Timing Test,1000003255
Benchmark Student 3256,Benchmark High School,GPU CPU Timing Test,1000003256
Benchmark Student 3257,Benchmark High School,GPU CPU Timing Test,1000003257
Benchmark Student 3258,Benchmark High School,GPU CPU Timing Test,1000003258
Benchmark Student 3259,Benchmark High School,GPU CPU Timing Test,1000003259
Benchmark Student 3260,Benchmark High School,GPU CPU Timing Test,1000003260
Benchmark Student 3261,Benchmark High School,GPU CPU Timing Test,1000003261
Benchmark Student 3262,Benchmark High School,GPU CPU Timing Test,1000003262
Benchmark Student 3263,Benchmark High School,GPU CPU Timing Test,1000003263
Benchmark Student 3264,Benchmark High School,GPU CPU Timing Test,1000003264
Benchmark Student 3265,Benchmark High School,GPU CPU Timing Test,1000003265
Benchmark Student 3266,Benchmark High School,GPU CPU Timing Test,1000003266
Benchmark Student 3267,Benchmark High School,GPU CPU Timing Test,1000003267
Benchmark Student 3268,Benchmark High School,GPU CPU Timing Test,1000003268
Benchmark Student 3269,Benchmark High School,GPU CPU Timing Test,1000003269
Benchmark Student 3270,Benchmark High School,GPU CPU Timing Test,1000003270
Benchmark Student 3271,Benchmark High School,GPU CPU Timing Test,1000003271
Benchmark Student 3272,Benchmark High School,GPU CPU Timing Test,1000003272
Benchmark Student 3273,Benchmark High School,GPU CPU Timing Test,1000003273
Benchmark Student 3274,Benchmark High School,GPU CPU Timing Test,1000003274
Benchmark Student 3275,Benchmark High School,GPU CPU Timing Test,1000003275
Benchmark Student 3276,Benchmark High School,GPU CPU Timing Test,1000003276
Benchmark Student 3277,Benchmark High School,GPU CPU Timing Test,1000003277
Benchmark Student 3278,Benchmark High School,GPU CPU Timing Test,1000003278
Benchmark Student 3279,Benchmark High School,GPU CPU Timing Test,1000003279
Benchmark Student 3280,Benchmark High School,GPU CPU Timing Test,1000003280
Benchmark Student 3281,Benchmark High School,GPU CPU Timing Test,1000003281
Benchmark Student 3282,Benchmark High School,GPU CPU Timing Test,1000003282
Benchmark Student 3283,Benchmark High School,GPU CPU Timing Test,1000003283
Benchmark Student 3284,Benchmark High School,GPU CPU Timing Test,1000003284
Benchmark Student 3285,Benchmark High School,GPU CPU Timing Test,1000003285
Benchmark Student 3286,Benchmark High School,GPU CPU Timing Test,1000003286
Benchmark Student 3287,Benchmark High School,GPU CPU Timing Test,1000003287
Benchmark Student 3288,Benchmark High School,GPU CPU Timing Test,1000003288
Benchmark Student 3289,Benchmark High School,GPU CPU Timing Test,1000003289
Benchmark Student 3290,Benchmark High School,GPU CPU Timing Test,1000003290
Benchmark Student 3291,Benchmark High School,GPU CPU Timing Test,1000003291
Benchmark Student 3292,Benchmark High School,GPU CPU Timing Test,1000003292
Benchmark Student 3293,Benchmark High School,GPU CPU Timing Test,1000003293
Benchmark Student 3294,Benchmark High School,GPU CPU Timing Test,1000003294
Benchmark Student 3295,Benchmark High School,GPU CPU Timing Test,1000003295
Benchmark Student 3296,Benchmark High School,GPU CPU Timing Test,1000003296
Benchmark Student 3297,Benchmark High School,GPU CPU Timing Test,1000003297
Benchmark Student 3298,Benchmark High School,GPU CPU Timing Test,1000003298
Benchmark Student 3299,Benchmark High School,GPU CPU Timing Test,1000003299
Benchmark Student 3300,Benchmark High School,GPU CPU Timing Test,1000003300
Benchmark Student 3301,Benchmark High School,GPU CPU Timing Test,1000003301
Benchmark Student 3302,Benchmark High School,GPU CPU Timing Test,1000003302
Benchmark Student 3303,Benchmark High School,GPU CPU Timing Test,1000003303
Benchmark Student 3304,Benchmark High School,GPU CPU Timing Test,1000003304
Benchmark Student 3305,Benchmark High School,GPU CPU Timing Test,1000003305
Benchmark Student 3306,Benchmark High School,GPU CPU Timing Test,1000003306
Benchmark Student 3307,Benchmark High School,GPU CPU Timing Test,1000003307
Benchmark Student 3308,Benchmark High School,GPU CPU Timing Test,1000003308
Benchmark Student 3309,Benchmark High School,GPU CPU Timing Test,1000003309
Benchmark Student 3310,Benchmark High School,GPU CPU Timing Test,1000003310
Benchmark Student 3311,Benchmark High School,GPU CPU Timing Test,1000003311
Benchmark Student 3312,Benchmark High School,GPU CPU Timing Test,1000003312
Benchmark Student 3313,Benchmark High School,GPU CPU Timing Test,1000003313
Benchmark Student 3314,Benchmark High School,GPU CPU Timing Test,1000003314
Benchmark Student 3315,Benchmark High School,GPU CPU Timing Test,1000003315
Benchmark Student 3316,Benchmark High School,GPU CPU Timing Test,1000003316
Benchmark Student 3317,Benchmark High School,GPU CPU Timing Test,1000003317
Benchmark Student 3318,Benchmark High School,GPU CPU Timing Test,1000003318
Benchmark Student 3319,Benchmark High School,GPU CPU Timing Test,1000003319
Benchmark Student 3320,Benchmark High School,GPU CPU Timing Test,1000003320
Benchmark Student 3321,Benchmark High School,GPU CPU Timing Test,1000003321
Benchmark Student 3322,Benchmark High School,GPU CPU Timing Test,1000003322
Benchmark Student 3323,Benchmark High School,GPU CPU Timing Test,1000003323
Benchmark Student 3324,Benchmark High School,GPU CPU Timing Test,1000003324
Benchmark Student 3325,Benchmark High School,GPU CPU Timing Test,1000003325
Benchmark Student 3326,Benchmark High School,GPU CPU Timing Test,1000003326
Benchmark Student 3327,Benchmark High School,GPU CPU Timing Test,1000003327
Benchmark Student 3328,Benchmark High School,GPU CPU Timing Test,1000003328
Benchmark Student 3329,Benchmark High School,GPU CPU Timing Test,1000003329
Benchmark Student 3330,Benchmark High School,GPU CPU Timing Test,1000003330
Benchmark Student 3331,Benchmark High School,GPU CPU Timing Test,1000003331
Benchmark Student 3332,Benchmark High School,GPU CPU Timing Test,1000003332
Benchmark Student 3333,Benchmark High School,GPU CPU Timing Test,1000003333
Benchmark Student 3334,Benchmark High School,GPU CPU Timing Test,1000003334
Benchmark Student 3335,Benchmark High School,GPU CPU Timing Test,1000003335
Benchmark Student 3336,Benchmark High School,GPU CPU Timing Test,1000003336
Benchmark Student 3337,Benchmark High School,GPU CPU Timing Test,1000003337
Benchmark Student 3338,Benchmark High School,GPU CPU Timing Test,1000003338
Benchmark Student 3339,Benchmark High School,GPU CPU Timing Test,1000003339
Benchmark Student 3340,Benchmark High School,GPU CPU Timing Test,1000003340
Benchmark Student 3341,Benchmark High School,GPU CPU Timing Test,1000003341
Benchmark Student 3342,Benchmark High School,GPU CPU Timing Test,1000003342
Benchmark Student 3343,Benchmark High School,GPU CPU Timing Test,1000003343
Benchmark Student 3344,Benchmark High School,GPU CPU Timing Test,1000003344
Benchmark Student 3345,Benchmark High School,GPU CPU Timing Test,1000003345
Benchmark Student 3346,Benchmark High School,GPU CPU Timing Test,1000003346
Benchmark Student 3347,Benchmark High School,GPU CPU Timing Test,1000003347
Benchmark Student 3348,Benchmark High School,GPU CPU Timing Test,1000003348
Benchmark Student 3349,Benchmark High School,GPU CPU Timing Test,1000003349
Benchmark Student 3350,Benchmark High School,GPU CPU Timing Test,1000003350
Benchmark Student 3351,Benchmark High School,GPU CPU Timing Test,1000003351
Benchmark Student 3352,Benchmark High School,GPU CPU Timing Test,1000003352
Benchmark Student 3353,Benchmark High School,GPU CPU Timing Test,1000003353
Benchmark Student 3354,Benchmark High School,GPU CPU Timing Test,1000003354
Benchmark Student 3355,Benchmark High School,GPU CPU Timing Test,1000003355
Benchmark Student 3356,Benchmark High School,GPU CPU Timing Test,1000003356
Benchmark Student 3357,Benchmark High School,GPU CPU Timing Test,1000003357
Benchmark Student 3358,Benchmark High School,GPU CPU Timing Test,1000003358
Benchmark Student 3359,Benchmark High School,GPU CPU Timing Test,1000003359
Benchmark Student 3360,Benchmark High School,GPU CPU Timing Test,1000003360
Benchmark Student 3361,Benchmark High School,GPU CPU Timing Test,1000003361
Benchmark Student 3362,Benchmark High School,GPU CPU Timing Test,1000003362
Benchmark Student 3363,Benchmark High School,GPU CPU Timing Test,1000003363
Benchmark Student 3364,Benchmark High School,GPU CPU Timing Test,1000003364
Benchmark Student 3365,Benchmark High School,GPU CPU Timing Test,1000003365
Benchmark Student 3366,Benchmark High School,GPU CPU Timing Test,1000003366
Benchmark Student 3367,Benchmark High School,GPU CPU Timing Test,1000003367
Benchmark Student 3368,Benchmark High School,GPU CPU Timing Test,1000003368
Benchmark Student 3369,Benchmark High School,GPU CPU Timing Test,1000003369
Benchmark Student 3370,Benchmark High School,GPU CPU Timing Test,1000003370
Benchmark Student 3371,Benchmark High School,GPU CPU Timing Test,1000003371
Benchmark Student 3372,Benchmark High School,GPU CPU Timing Test,1000003372
Benchmark Student 3373,Benchmark High School,GPU CPU Timing Test,1000003373
Benchmark Student 3374,Benchmark High School,GPU CPU Timing Test,1000003374
Benchmark Student 3375,Benchmark High School,GPU CPU Timing Test,1000003375
Benchmark Student 3376,Benchmark High School,GPU CPU Timing Test,1000003376
Benchmark Student 3377,Benchmark High School,GPU CPU Timing Test,1000003377
Benchmark Student 3378,Benchmark High School,GPU CPU Timing Test,1000003378
Benchmark Student 3379,Benchmark High School,GPU CPU Timing Test,1000003379
Benchmark Student 3380,Benchmark High School,GPU CPU Timing Test,1000003380
Benchmark Student 3381,Benchmark High School,GPU CPU Timing Test,1000003381
Benchmark Student 3382,Benchmark High School,GPU CPU Timing Test,1000003382
Benchmark Student 3383,Benchmark High School,GPU CPU Timing Test,1000003383
Benchmark Student 3384,Benchmark High School,GPU CPU Timing Test,1000003384
Benchmark Student 3385,Benchmark High School,GPU CPU Timing Test,1000003385
Benchmark Student 3386,Benchmark High School,GPU CPU Timing Test,1000003386
Benchmark Student 3387,Benchmark High School,GPU CPU Timing Test,1000003387
Benchmark Student 3388,Benchmark High School,GPU CPU Timing Test,1000003388
Benchmark Student 3389,Benchmark High School,GPU CPU Timing Test,1000003389
Benchmark Student 3390,Benchmark High School,GPU CPU Timing Test,1000003390
Benchmark Student 3391,Benchmark High School,GPU CPU Timing Test,1000003391
Benchmark Student 3392,Benchmark High School,GPU CPU Timing Test,1000003392
Benchmark Student 3393,Benchmark High School,GPU CPU Timing Test,1000003393
Benchmark Student 3394,Benchmark High School,GPU CPU Timing Test,1000003394
Benchmark Student 3395,Benchmark High School,GPU CPU Timing Test,1000003395
Benchmark Student 3396,Benchmark High School,GPU CPU Timing Test,1000003396
Benchmark Student 3397,Benchmark High School,GPU CPU Timing Test,1000003397
Benchmark Student 3398,Benchmark High School,GPU CPU Timing Test,1000003398
Benchmark Student 3399,Benchmark High School,GPU CPU Timing Test,1000003399
Benchmark Student 3400,Benchmark High School,GPU CPU Timing Test,1000003400
Benchmark Student 3401,Benchmark High School,GPU CPU Timing Test,1000003401
Benchmark Student 3402,Benchmark High School,GPU CPU Timing Test,1000003402
Benchmark Student 3403,Benchmark High School,GPU CPU Timing Test,1000003403
Benchmark Student 3404,Benchmark High School,GPU CPU Timing Test,1000003404
Benchmark Student 3405,Benchmark High School,GPU CPU Timing Test,1000003405
Benchmark Student 3406,Benchmark High School,GPU CPU Timing Test,1000003406
Benchmark Student 3407,Benchmark High School,GPU CPU Timing Test,1000003407
Benchmark Student 3408,Benchmark High School,GPU CPU Timing Test,1000003408
Benchmark Student 3409,Benchmark High School,GPU CPU Timing Test,1000003409
Benchmark Student 3410,Benchmark High School,GPU CPU Timing Test,1000003410
Benchmark Student 3411,Benchmark High School,GPU CPU Timing Test,1000003411
Benchmark Student 3412,Benchmark High School,GPU CPU Timing Test,1000003412
Benchmark Student 3413,Benchmark High School,GPU CPU Timing Test,1000003413
Benchmark Student 3414,Benchmark High School,GPU CPU Timing Test,1000003414
Benchmark Student 3415,Benchmark High School,GPU CPU Timing Test,1000003415
Benchmark Student 3416,Benchmark High School,GPU CPU Timing Test,1000003416
Benchmark Student 3417,Benchmark High School,GPU CPU Timing Test,1000003417
Benchmark Student 3418,Benchmark High School,GPU CPU Timing Test,1000003418
Benchmark Student 3419,Benchmark High School,GPU CPU Timing Test,1000003419
Benchmark Student 3420,Benchmark High School,GPU CPU Timing Test,1000003420
Benchmark Student 3421,Benchmark High School,GPU CPU Timing Test,1000003421
Benchmark Student 3422,Benchmark High School,GPU CPU Timing Test,1000003422
Benchmark Student 3423,Benchmark High School,GPU CPU Timing Test,1000003423
Benchmark Student 3424,Benchmark High School,GPU CPU Timing Test,1000003424
Benchmark Student 3425,Benchmark High School,GPU CPU Timing Test,1000003425
Benchmark Student 3426,Benchmark High School,GPU CPU Timing Test,1000003426
Benchmark Student 3427,Benchmark High School,GPU CPU Timing Test,1000003427
Benchmark Student 3428,Benchmark High School,GPU CPU Timing Test,1000003428
Benchmark Student 3429,Benchmark High School,GPU CPU Timing Test,1000003429
Benchmark Student 3430,Benchmark High School,GPU CPU Timing Test,1000003430
Benchmark Student 3431,Benchmark High School,GPU CPU Timing Test,1000003431
Benchmark Student 3432,Benchmark High School,GPU CPU Timing Test,1000003432
Benchmark Student 3433,Benchmark High School,GPU CPU Timing Test,1000003433
Benchmark Student 3434,Benchmark High School,GPU CPU Timing Test,1000003434
Benchmark Student 3435,Benchmark High School,GPU CPU Timing Test,1000003435
Benchmark Student 3436,Benchmark High School,GPU CPU Timing Test,1000003436
Benchmark Student 3437,Benchmark High School,GPU CPU Timing Test,1000003437
Benchmark Student 3438,Benchmark High School,GPU CPU Timing Test,1000003438
Benchmark Student 3439,Benchmark High School,GPU CPU Timing Test,1000003439
Benchmark Student 3440,Benchmark High School,GPU CPU Timing Test,1000003440
Benchmark Student 3441,Benchmark High School,GPU CPU Timing Test,1000003441
Benchmark Student 3442,Benchmark High School,GPU CPU Timing Test,1000003442
Benchmark Student 3443,Benchmark High School,GPU CPU Timing Test,1000003443
Benchmark Student 3444,Benchmark High School,GPU CPU Timing Test,1000003444
Benchmark Student 3445,Benchmark High School,GPU CPU Timing Test,1000003445
Benchmark Student 3446,Benchmark High School,GPU CPU Timing Test,1000003446
Benchmark Student 3447,Benchmark High School,GPU CPU Timing Test,1000003447
Benchmark Student 3448,Benchmark High School,GPU CPU Timing Test,1000003448
Benchmark Student 3449,Benchmark High School,GPU CPU Timing Test,1000003449
Benchmark Student 3450,Benchmark High School,GPU CPU Timing Test,1000003450
Benchmark Student 3451,Benchmark High School,GPU CPU Timing Test,1000003451
Benchmark Student 3452,Benchmark High School,GPU CPU Timing Test,1000003452
Benchmark Student 3453,Benchmark High School,GPU CPU Timing Test,1000003453
Benchmark Student 3454,Benchmark High School,GPU CPU Timing Test,1000003454
Benchmark Student 3455,Benchmark High School,GPU CPU Timing Test,1000003455
Benchmark Student 3456,Benchmark High School,GPU CPU Timing Test,1000003456
Benchmark Student 3457,Benchmark High School,GPU CPU Timing Test,1000003457
Benchmark Student 3458,Benchmark High School,GPU CPU Timing Test,1000003458
Benchmark Student 3459,Benchmark High School,GPU CPU Timing Test,1000003459
Benchmark Student 3460,Benchmark High School,GPU CPU Timing Test,1000003460
Benchmark Student 3461,Benchmark High School,GPU CPU Timing Test,1000003461
Benchmark Student 3462,Benchmark High School,GPU CPU Timing Test,1000003462
Benchmark Student 3463,Benchmark High School,GPU CPU Timing Test,1000003463
Benchmark Student 3464,Benchmark High School,GPU CPU Timing Test,1000003464
Benchmark Student 3465,Benchmark High School,GPU CPU Timing Test,1000003465
Benchmark Student 3466,Benchmark High School,GPU CPU Timing Test,1000003466
Benchmark Student 3467,Benchmark High School,GPU CPU Timing Test,1000003467
Benchmark Student 3468,Benchmark High School,GPU CPU Timing Test,1000003468
Benchmark Student 3469,Benchmark High School,GPU CPU Timing Test,1000003469
Benchmark Student 3470,Benchmark High School,GPU CPU Timing Test,1000003470
Benchmark Student 3471,Benchmark High School,GPU CPU Timing Test,1000003471
Benchmark Student 3472,Benchmark High School,GPU CPU Timing Test,1000003472
Benchmark Student 3473,Benchmark High School,GPU CPU Timing Test,1000003473
Benchmark Student 3474,Benchmark High School,GPU CPU Timing Test,1000003474
Benchmark Student 3475,Benchmark High School,GPU CPU Timing Test,1000003475
Benchmark Student 3476,Benchmark High School,GPU CPU Timing Test,1000003476
Benchmark Student 3477,Benchmark High School,GPU CPU Timing Test,1000003477
Benchmark Student 3478,Benchmark High School,GPU CPU Timing Test,1000003478
Benchmark Student 3479,Benchmark High School,GPU CPU Timing Test,1000003479
Benchmark Student 3480,Benchmark High School,GPU CPU Timing Test,1000003480
Benchmark Student 3481,Benchmark High School,GPU CPU Timing Test,1000003481
Benchmark Student 3482,Benchmark High School,GPU CPU Timing Test,1000003482
Benchmark Student 3483,Benchmark High School,GPU CPU Timing Test,1000003483
Benchmark Student 3484,Benchmark High School,GPU CPU Timing Test,1000003484
Benchmark Student 3485,Benchmark High School,GPU CPU Timing Test,1000003485
Benchmark Student 3486,Benchmark High School,GPU CPU Timing Test,1000003486
Benchmark Student 3487,Benchmark High School,GPU CPU Timing Test,1000003487
Benchmark Student 3488,Benchmark High School,GPU CPU Timing Test,1000003488
Benchmark Student 3489,Benchmark High School,GPU CPU Timing Test,1000003489
Benchmark Student 3490,Benchmark High School,GPU CPU Timing Test,1000003490
Benchmark Student 3491,Benchmark High School,GPU CPU Timing Test,1000003491
Benchmark Student 3492,Benchmark High School,GPU CPU Timing Test,1000003492
Benchmark Student 3493,Benchmark High School,GPU CPU Timing Test,1000003493
Benchmark Student 3494,Benchmark High School,GPU CPU Timing Test,1000003494
Benchmark Student 3495,Benchmark High School,GPU CPU Timing Test,1000003495
Benchmark Student 3496,Benchmark High School,GPU CPU Timing Test,1000003496
Benchmark Student 3497,Benchmark High School,GPU CPU Timing Test,1000003497
Benchmark Student 3498,Benchmark High School,GPU CPU Timing Test,1000003498
Benchmark Student 3499,Benchmark High School,GPU CPU Timing Test,1000003499
Benchmark Student 3500,Benchmark High School,GPU CPU Timing Test,1000003500
Benchmark Student 3501,Benchmark High School,GPU CPU Timing Test,1000003501
Benchmark Student 3502,Benchmark High School,GPU CPU Timing Test,1000003502
Benchmark Student 3503,Benchmark High School,GPU CPU Timing Test,1000003503
Benchmark Student 3504,Benchmark High School,GPU CPU Timing Test,1000003504
Benchmark Student 3505,Benchmark High School,GPU CPU Timing Test,1000003505
Benchmark Student 3506,Benchmark High School,GPU CPU Timing Test,1000003506
Benchmark Student 3507,Benchmark High School,GPU CPU Timing Test,1000003507
Benchmark Student 3508,Benchmark High School,GPU CPU Timing Test,1000003508
Benchmark Student 3509,Benchmark High School,GPU CPU Timing Test,1000003509
Benchmark Student 3510,Benchmark High School,GPU CPU Timing Test,1000003510
Benchmark Student 3511,Benchmark High School,GPU CPU Timing Test,1000003511
Benchmark Student 3512,Benchmark High School,GPU CPU Timing Test,1000003512
Benchmark Student 3513,Benchmark High School,GPU CPU Timing Test,1000003513
Benchmark Student 3514,Benchmark High School,GPU CPU Timing Test,1000003514
Benchmark Student 3515,Benchmark High School,GPU CPU Timing Test,1000003515
Benchmark Student 3516,Benchmark High School,GPU CPU Timing Test,1000003516
Benchmark Student 3517,Benchmark High School,GPU CPU Timing Test,1000003517
Benchmark Student 3518,Benchmark High School,GPU CPU Timing Test,1000003518
Benchmark Student 3519,Benchmark High School,GPU CPU Timing Test,1000003519
Benchmark Student 3520,Benchmark High School,GPU CPU Timing Test,1000003520
Benchmark Student 3521,Benchmark High School,GPU CPU Timing Test,1000003521
Benchmark Student 3522,Benchmark High School,GPU CPU Timing Test,1000003522
Benchmark Student 3523,Benchmark High School,GPU CPU Timing Test,1000003523
Benchmark Student 3524,Benchmark High School,GPU CPU Timing Test,1000003524
Benchmark Student 3525,Benchmark High School,GPU CPU Timing Test,1000003525
Benchmark Student 3526,Benchmark High School,GPU CPU Timing Test,1000003526
Benchmark Student 3527,Benchmark High School,GPU CPU Timing Test,1000003527
Benchmark Student 3528,Benchmark High School,GPU CPU Timing Test,1000003528
Benchmark Student 3529,Benchmark High School,GPU CPU Timing Test,1000003529
Benchmark Student 3530,Benchmark High School,GPU CPU Timing Test,1000003530
Benchmark Student 3531,Benchmark High School,GPU CPU Timing Test,1000003531
Benchmark Student 3532,Benchmark High School,GPU CPU Timing Test,1000003532
Benchmark Student 3533,Benchmark High School,GPU CPU Timing Test,1000003533
Benchmark Student 3534,Benchmark High School,GPU CPU Timing Test,1000003534
Benchmark Student 3535,Benchmark High School,GPU CPU Timing Test,1000003535
Benchmark Student 3536,Benchmark High School,GPU CPU Timing Test,1000003536
Benchmark Student 3537,Benchmark High School,GPU CPU Timing Test,1000003537
Benchmark Student 3538,Benchmark High School,GPU CPU Timing Test,1000003538
Benchmark Student 3539,Benchmark High School,GPU CPU Timing Test,1000003539
Benchmark Student 3540,Benchmark High School,GPU CPU Timing Test,1000003540
Benchmark Student 3541,Benchmark High School,GPU CPU Timing Test,1000003541
Benchmark Student 3542,Benchmark High School,GPU CPU Timing Test,1000003542
Benchmark Student 3543,Benchmark High School,GPU CPU Timing Test,1000003543
Benchmark Student 3544,Benchmark High School,GPU CPU Timing Test,1000003544
Benchmark Student 3545,Benchmark High School,GPU CPU Timing Test,1000003545
Benchmark Student 3546,Benchmark High School,GPU CPU Timing Test,1000003546
Benchmark Student 3547,Benchmark High School,GPU CPU Timing Test,1000003547
Benchmark Student 3548,Benchmark High School,GPU CPU Timing Test,1000003548
Benchmark Student 3549,Benchmark High School,GPU CPU Timing Test,1000003549
Benchmark Student 3550,Benchmark High School,GPU CPU Timing Test,1000003550
Benchmark Student 3551,Benchmark High School,GPU CPU Timing Test,1000003551
Benchmark Student 3552,Benchmark High School,GPU CPU Timing Test,1000003552
Benchmark Student 3553,Benchmark High School,GPU CPU Timing Test,1000003553
Benchmark Student 3554,Benchmark High School,GPU CPU Timing Test,1000003554
Benchmark Student 3555,Benchmark High School,GPU CPU Timing Test,1000003555
Benchmark Student 3556,Benchmark High School,GPU CPU Timing Test,1000003556
Benchmark Student 3557,Benchmark High School,GPU CPU Timing Test,1000003557
Benchmark Student 3558,Benchmark High School,GPU CPU Timing Test,1000003558
Benchmark Student 3559,Benchmark High School,GPU CPU Timing Test,1000003559
Benchmark Student 3560,Benchmark High School,GPU CPU Timing Test,1000003560
Benchmark Student 3561,Benchmark High School,GPU CPU Timing Test,1000003561
Benchmark Student 3562,Benchmark High School,GPU CPU Timing Test,1000003562
Benchmark Student 3563,Benchmark High School,GPU CPU Timing Test,1000003563
Benchmark Student 3564,Benchmark High School,GPU CPU Timing Test,1000003564
Benchmark Student 3565,Benchmark High School,GPU CPU Timing Test,1000003565
Benchmark Student 3566,Benchmark High School,GPU CPU Timing Test,1000003566
Benchmark Student 3567,Benchmark High School,GPU CPU Timing Test,1000003567
Benchmark Student 3568,Benchmark High School,GPU CPU Timing Test,1000003568
Benchmark Student 3569,Benchmark High School,GPU CPU Timing Test,1000003569
Benchmark Student 3570,Benchmark High School,GPU CPU Timing Test,1000003570
Benchmark Student 3571,Benchmark High School,GPU CPU Timing Test,1000003571
Benchmark Student 3572,Benchmark High School,GPU CPU Timing Test,1000003572
Benchmark Student 3573,Benchmark High School,GPU CPU Timing Test,1000003573
Benchmark Student 3574,Benchmark High School,GPU CPU Timing Test,1000003574
Benchmark Student 3575,Benchmark High School,GPU CPU Timing Test,1000003575
Benchmark Student 3576,Benchmark High School,GPU CPU Timing Test,1000003576
Benchmark Student 3577,Benchmark High School,GPU CPU Timing Test,1000003577
Benchmark Student 3578,Benchmark High School,GPU CPU Timing Test,1000003578
Benchmark Student 3579,Benchmark High School,GPU CPU Timing Test,1000003579
Benchmark Student 3580,Benchmark High School,GPU CPU Timing Test,1000003580
Benchmark Student 3581,Benchmark High School,GPU CPU Timing Test,1000003581
Benchmark Student 3582,Benchmark High School,GPU CPU Timing Test,1000003582
Benchmark Student 3583,Benchmark High School,GPU CPU Timing Test,1000003583
Benchmark Student 3584,Benchmark High School,GPU CPU Timing Test,1000003584
Benchmark Student 3585,Benchmark High School,GPU CPU Timing Test,1000003585
Benchmark Student 3586,Benchmark High School,GPU CPU Timing Test,1000003586
Benchmark Student 3587,Benchmark High School,GPU CPU Timing Test,1000003587
Benchmark Student 3588,Benchmark High School,GPU CPU Timing Test,1000003588
Benchmark Student 3589,Benchmark High School,GPU CPU Timing Test,1000003589
Benchmark Student 3590,Benchmark High School,GPU CPU Timing Test,1000003590
Benchmark Student 3591,Benchmark High School,GPU CPU Timing Test,1000003591
Benchmark Student 3592,Benchmark High School,GPU CPU Timing Test,1000003592
Benchmark Student 3593,Benchmark High School,GPU CPU Timing Test,1000003593
Benchmark Student 3594,Benchmark High School,GPU CPU Timing Test,1000003594
Benchmark Student 3595,Benchmark High School,GPU CPU Timing Test,1000003595
Benchmark Student 3596,Benchmark High School,GPU CPU Timing Test,1000003596
Benchmark Student 3597,Benchmark High School,GPU CPU Timing Test,1000003597
Benchmark Student 3598,Benchmark High School,GPU CPU Timing Test,1000003598
Benchmark Student 3599,Benchmark High School,GPU CPU Timing Test,1000003599
Benchmark Student 3600,Benchmark High School,GPU CPU Timing Test,1000003600
Benchmark Student 3601,Benchmark High School,GPU CPU Timing Test,1000003601
Benchmark Student 3602,Benchmark High School,GPU CPU Timing Test,1000003602
Benchmark Student 3603,Benchmark High School,GPU CPU Timing Test,1000003603
Benchmark Student 3604,Benchmark High School,GPU CPU Timing Test,1000003604
Benchmark Student 3605,Benchmark High School,GPU CPU Timing Test,1000003605
Benchmark Student 3606,Benchmark High School,GPU CPU Timing Test,1000003606
Benchmark Student 3607,Benchmark High School,GPU CPU Timing Test,1000003607
Benchmark Student 3608,Benchmark High School,GPU CPU Timing Test,1000003608
Benchmark Student 3609,Benchmark High School,GPU CPU Timing Test,1000003609
Benchmark Student 3610,Benchmark High School,GPU CPU Timing Test,1000003610
Benchmark Student 3611,Benchmark High School,GPU CPU Timing Test,1000003611
Benchmark Student 3612,Benchmark High School,GPU CPU Timing Test,1000003612
Benchmark Student 3613,Benchmark High School,GPU CPU Timing Test,1000003613
Benchmark Student 3614,Benchmark High School,GPU CPU Timing Test,1000003614
Benchmark Student 3615,Benchmark High School,GPU CPU Timing Test,1000003615
Benchmark Student 3616,Benchmark High School,GPU CPU Timing Test,1000003616
Benchmark Student 3617,Benchmark High School,GPU CPU Timing Test,1000003617
Benchmark Student 3618,Benchmark High School,GPU CPU Timing Test,1000003618
Benchmark Student 3619,Benchmark High School,GPU CPU Timing Test,1000003619
Benchmark Student 3620,Benchmark High School,GPU CPU Timing Test,1000003620
Benchmark Student 3621,Benchmark High School,GPU CPU Timing Test,1000003621
Benchmark Student 3622,Benchmark High School,GPU CPU Timing Test,1000003622
Benchmark Student 3623,Benchmark High School,GPU CPU Timing Test,1000003623
Benchmark Student 3624,Benchmark High School,GPU CPU Timing Test,1000003624
Benchmark Student 3625,Benchmark High School,GPU CPU Timing Test,1000003625
Benchmark Student 3626,Benchmark High School,GPU CPU Timing Test,1000003626
Benchmark Student 3627,Benchmark High School,GPU CPU Timing Test,1000003627
Benchmark Student 3628,Benchmark High School,GPU CPU Timing Test,1000003628
Benchmark Student 3629,Benchmark High School,GPU CPU Timing Test,1000003629
Benchmark Student 3630,Benchmark High School,GPU CPU Timing Test,1000003630
Benchmark Student 3631,Benchmark High School,GPU CPU Timing Test,1000003631
Benchmark Student 3632,Benchmark High School,GPU CPU Timing Test,1000003632
Benchmark Student 3633,Benchmark High School,GPU CPU Timing Test,1000003633
Benchmark Student 3634,Benchmark High School,GPU CPU Timing Test,1000003634
Benchmark Student 3635,Benchmark High School,GPU CPU Timing Test,1000003635
Benchmark Student 3636,Benchmark High School,GPU CPU Timing Test,1000003636
Benchmark Student 3637,Benchmark High School,GPU CPU Timing Test,1000003637
Benchmark Student 3638,Benchmark High School,GPU CPU Timing Test,1000003638
Benchmark Student 3639,Benchmark High School,GPU CPU Timing Test,1000003639
Benchmark Student 3640,Benchmark High School,GPU CPU Timing Test,1000003640
Benchmark Student 3641,Benchmark High School,GPU CPU Timing Test,1000003641
Benchmark Student 3642,Benchmark High School,GPU CPU Timing Test,1000003642
Benchmark Student 3643,Benchmark High School,GPU CPU Timing Test,1000003643
Benchmark Student 3644,Benchmark High School,GPU CPU Timing Test,1000003644
Benchmark Student 3645,Benchmark High School,GPU CPU Timing Test,1000003645
Benchmark Student 3646,Benchmark High School,GPU CPU Timing Test,1000003646
Benchmark Student 3647,Benchmark High School,GPU CPU Timing Test,1000003647
Benchmark Student 3648,Benchmark High School,GPU CPU Timing Test,1000003648
Benchmark Student 3649,Benchmark High School,GPU CPU Timing Test,1000003649
Benchmark Student 3650,Benchmark High School,GPU CPU Timing Test,1000003650
Benchmark Student 3651,Benchmark High School,GPU CPU Timing Test,1000003651
Benchmark Student 3652,Benchmark High School,GPU CPU Timing Test,1000003652
Benchmark Student 3653,Benchmark High School,GPU CPU Timing Test,1000003653
Benchmark Student 3654,Benchmark High School,GPU CPU Timing Test,1000003654
Benchmark Student 3655,Benchmark High School,GPU CPU Timing Test,1000003655
Benchmark Student 3656,Benchmark High School,GPU CPU Timing Test,1000003656
Benchmark Student 3657,Benchmark High School,GPU CPU Timing Test,1000003657
Benchmark Student 3658,Benchmark High School,GPU CPU Timing Test,1000003658
Benchmark Student 3659,Benchmark High School,GPU CPU Timing Test,1000003659
Benchmark Student 3660,Benchmark High School,GPU CPU Timing Test,1000003660
Benchmark Student 3661,Benchmark High School,GPU CPU Timing Test,1000003661
Benchmark Student 3662,Benchmark High School,GPU CPU Timing Test,1000003662
Benchmark Student 3663,Benchmark High School,GPU CPU Timing Test,1000003663
Benchmark Student 3664,Benchmark High School,GPU CPU Timing Test,1000003664
Benchmark Student 3665,Benchmark High School,GPU CPU Timing Test,1000003665
Benchmark Student 3666,Benchmark High School,GPU CPU Timing Test,1000003666
Benchmark Student 3667,Benchmark High School,GPU CPU Timing Test,1000003667
Benchmark Student 3668,Benchmark High School,GPU CPU Timing Test,1000003668
Benchmark Student 3669,Benchmark High School,GPU CPU Timing Test,1000003669
Benchmark Student 3670,Benchmark High School,GPU CPU Timing Test,1000003670
Benchmark Student 3671,Benchmark High School,GPU CPU Timing Test,1000003671
Benchmark Student 3672,Benchmark High School,GPU CPU Timing Test,1000003672
Benchmark Student 3673,Benchmark High School,GPU CPU Timing Test,1000003673
Benchmark Student 3674,Benchmark High School,GPU CPU Timing Test,1000003674
Benchmark Student 3675,Benchmark High School,GPU CPU Timing Test,1000003675
Benchmark Student 3676,Benchmark High School,GPU CPU Timing Test,1000003676
Benchmark Student 3677,Benchmark High School,GPU CPU Timing Test,1000003677
Benchmark Student 3678,Benchmark High School,GPU CPU Timing Test,1000003678
Benchmark Student 3679,Benchmark High School,GPU CPU Timing Test,1000003679
Benchmark Student 3680,Benchmark High School,GPU CPU Timing Test,1000003680
Benchmark Student 3681,Benchmark High School,GPU CPU Timing Test,1000003681
Benchmark Student 3682,Benchmark High School,GPU CPU Timing Test,1000003682
Benchmark Student 3683,Benchmark High School,GPU CPU Timing Test,1000003683
Benchmark Student 3684,Benchmark High School,GPU CPU Timing Test,1000003684
Benchmark Student 3685,Benchmark High School,GPU CPU Timing Test,1000003685
Benchmark Student 3686,Benchmark High School,GPU CPU Timing Test,1000003686
Benchmark Student 3687,Benchmark High School,GPU CPU Timing Test,1000003687
Benchmark Student 3688,Benchmark High School,GPU CPU Timing Test,1000003688
Benchmark Student 3689,Benchmark High School,GPU CPU Timing Test,1000003689
Benchmark Student 3690,Benchmark High School,GPU CPU Timing Test,1000003690
Benchmark Student 3691,Benchmark High School,GPU CPU Timing Test,1000003691
Benchmark Student 3692,Benchmark High School,GPU CPU Timing Test,1000003692
Benchmark Student 3693,Benchmark High School,GPU CPU Timing Test,1000003693
Benchmark Student 3694,Benchmark High School,GPU CPU Timing Test,1000003694
Benchmark Student 3695,Benchmark High School,GPU CPU Timing Test,1000003695
Benchmark Student 3696,Benchmark High School,GPU CPU Timing Test,1000003696
Benchmark Student 3697,Benchmark High School,GPU CPU Timing Test,1000003697
Benchmark Student 3698,Benchmark High School,GPU CPU Timing Test,1000003698
Benchmark Student 3699,Benchmark High School,GPU CPU Timing Test,1000003699
Benchmark Student 3700,Benchmark High School,GPU CPU Timing Test,1000003700
Benchmark Student 3701,Benchmark High School,GPU CPU Timing Test,1000003701
Benchmark Student 3702,Benchmark High School,GPU CPU Timing Test,1000003702
Benchmark Student 3703,Benchmark High School,GPU CPU Timing Test,1000003703
Benchmark Student 3704,Benchmark High School,GPU CPU Timing Test,1000003704
Benchmark Student 3705,Benchmark High School,GPU CPU Timing Test,1000003705
Benchmark Student 3706,Benchmark High School,GPU CPU Timing Test,1000003706
Benchmark Student 3707,Benchmark High School,GPU CPU Timing Test,1000003707
Benchmark Student 3708,Benchmark High School,GPU CPU Timing Test,1000003708
Benchmark Student 3709,Benchmark High School,GPU CPU Timing Test,1000003709
Benchmark Student 3710,Benchmark High School,GPU CPU Timing Test,1000003710
Benchmark Student 3711,Benchmark High School,GPU CPU Timing Test,1000003711
Benchmark Student 3712,Benchmark High School,GPU CPU Timing Test,1000003712
Benchmark Student 3713,Benchmark High School,GPU CPU Timing Test,1000003713
Benchmark Student 3714,Benchmark High School,GPU CPU Timing Test,1000003714
Benchmark Student 3715,Benchmark High School,GPU CPU Timing Test,1000003715
Benchmark Student 3716,Benchmark High School,GPU CPU Timing Test,1000003716
Benchmark Student 3717,Benchmark High School,GPU CPU Timing Test,1000003717
Benchmark Student 3718,Benchmark High School,GPU CPU Timing Test,1000003718
Benchmark Student 3719,Benchmark High School,GPU CPU Timing Test,1000003719
Benchmark Student 3720,Benchmark High School,GPU CPU Timing Test,1000003720
Benchmark Student 3721,Benchmark High School,GPU CPU Timing Test,1000003721
Benchmark Student 3722,Benchmark High School,GPU CPU Timing Test,1000003722
Benchmark Student 3723,Benchmark High School,GPU CPU Timing Test,1000003723
Benchmark Student 3724,Benchmark High School,GPU CPU Timing Test,1000003724
Benchmark Student 3725,Benchmark High School,GPU CPU Timing Test,1000003725
Benchmark Student 3726,Benchmark High School,GPU CPU Timing Test,1000003726
Benchmark Student 3727,Benchmark High School,GPU CPU Timing Test,1000003727
Benchmark Student 3728,Benchmark High School,GPU CPU Timing Test,1000003728
Benchmark Student 3729,Benchmark High School,GPU CPU Timing Test,1000003729
Benchmark Student 3730,Benchmark High School,GPU CPU Timing Test,1000003730
Benchmark Student 3731,Benchmark High School,GPU CPU Timing Test,1000003731
Benchmark Student 3732,Benchmark High School,GPU CPU Timing Test,1000003732
Benchmark Student 3733,Benchmark High School,GPU CPU Timing Test,1000003733
Benchmark Student 3734,Benchmark High School,GPU CPU Timing Test,1000003734
Benchmark Student 3735,Benchmark High School,GPU CPU Timing Test,1000003735
Benchmark Student 3736,Benchmark High School,GPU CPU Timing Test,1000003736
Benchmark Student 3737,Benchmark High School,GPU CPU Timing Test,1000003737
Benchmark Student 3738,Benchmark High School,GPU CPU Timing Test,1000003738
Benchmark Student 3739,Benchmark High School,GPU CPU Timing Test,1000003739
Benchmark Student 3740,Benchmark High School,GPU CPU Timing Test,1000003740
Benchmark Student 3741,Benchmark High School,GPU CPU Timing Test,1000003741
Benchmark Student 3742,Benchmark High School,GPU CPU Timing Test,1000003742
Benchmark Student 3743,Benchmark High School,GPU CPU Timing Test,1000003743
Benchmark Student 3744,Benchmark High School,GPU CPU Timing Test,1000003744
Benchmark Student 3745,Benchmark High School,GPU CPU Timing Test,1000003745
Benchmark Student 3746,Benchmark High School,GPU CPU Timing Test,1000003746
Benchmark Student 3747,Benchmark High School,GPU CPU Timing Test,1000003747
Benchmark Student 3748,Benchmark High School,GPU CPU Timing Test,1000003748
Benchmark Student 3749,Benchmark High School,GPU CPU Timing Test,1000003749
Benchmark Student 3750,Benchmark High School,GPU CPU Timing Test,1000003750
Benchmark Student 3751,Benchmark High School,GPU CPU Timing Test,1000003751
Benchmark Student 3752,Benchmark High School,GPU CPU Timing Test,1000003752
Benchmark Student 3753,Benchmark High School,GPU CPU Timing Test,1000003753
Benchmark Student 3754,Benchmark High School,GPU CPU Timing Test,1000003754
Benchmark Student 3755,Benchmark High School,GPU CPU Timing Test,1000003755
Benchmark Student 3756,Benchmark High School,GPU CPU Timing Test,1000003756
Benchmark Student 3757,Benchmark High School,GPU CPU Timing Test,1000003757
Benchmark Student 3758,Benchmark High School,GPU CPU Timing Test,1000003758
Benchmark Student 3759,Benchmark High School,GPU CPU Timing Test,1000003759
Benchmark Student 3760,Benchmark High School,GPU CPU Timing Test,1000003760
Benchmark Student 3761,Benchmark High School,GPU CPU Timing Test,1000003761
Benchmark Student 3762,Benchmark High School,GPU CPU Timing Test,1000003762
Benchmark Student 3763,Benchmark High School,GPU CPU Timing Test,1000003763
Benchmark Student 3764,Benchmark High School,GPU CPU Timing Test,1000003764
Benchmark Student 3765,Benchmark High School,GPU CPU Timing Test,1000003765
Benchmark Student 3766,Benchmark High School,GPU CPU Timing Test,1000003766
Benchmark Student 3767,Benchmark High School,GPU CPU Timing Test,1000003767
Benchmark Student 3768,Benchmark High School,GPU CPU Timing Test,1000003768
Benchmark Student 3769,Benchmark High School,GPU CPU Timing Test,1000003769
Benchmark Student 3770,Benchmark High School,GPU CPU Timing Test,1000003770
Benchmark Student 3771,Benchmark High School,GPU CPU Timing Test,1000003771
Benchmark Student 3772,Benchmark High School,GPU CPU Timing Test,1000003772
Benchmark Student 3773,Benchmark High School,GPU CPU Timing Test,1000003773
Benchmark Student 3774,Benchmark High School,GPU CPU Timing Test,1000003774
Benchmark Student 3775,Benchmark High School,GPU CPU Timing Test,1000003775
Benchmark Student 3776,Benchmark High School,GPU CPU Timing Test,1000003776
Benchmark Student 3777,Benchmark High School,GPU CPU Timing Test,1000003777
Benchmark Student 3778,Benchmark High School,GPU CPU Timing Test,1000003778
Benchmark Student 3779,Benchmark High School,GPU CPU Timing Test,1000003779
Benchmark Student 3780,Benchmark High School,GPU CPU Timing Test,1000003780
Benchmark Student 3781,Benchmark High School,GPU CPU Timing Test,1000003781
Benchmark Student 3782,Benchmark High School,GPU CPU Timing Test,1000003782
Benchmark Student 3783,Benchmark High School,GPU CPU Timing Test,1000003783
Benchmark Student 3784,Benchmark High School,GPU CPU Timing Test,1000003784
Benchmark Student 3785,Benchmark High School,GPU CPU Timing Test,1000003785
Benchmark Student 3786,Benchmark High School,GPU CPU Timing Test,1000003786
Benchmark Student 3787,Benchmark High School,GPU CPU Timing Test,1000003787
Benchmark Student 3788,Benchmark High School,GPU CPU Timing Test,1000003788
Benchmark Student 3789,Benchmark High School,GPU CPU Timing Test,1000003789
Benchmark Student 3790,Benchmark High School,GPU CPU Timing Test,1000003790
Benchmark Student 3791,Benchmark High School,GPU CPU Timing Test,1000003791
Benchmark Student 3792,Benchmark High School,GPU CPU Timing Test,1000003792
Benchmark Student 3793,Benchmark High School,GPU CPU Timing Test,1000003793
Benchmark Student 3794,Benchmark High School,GPU CPU Timing Test,1000003794
Benchmark Student 3795,Benchmark High School,GPU CPU Timing Test,1000003795
Benchmark Student 3796,Benchmark High School,GPU CPU Timing Test,1000003796
Benchmark Student 3797,Benchmark High School,GPU CPU Timing Test,1000003797
Benchmark Student 3798,Benchmark High School,GPU CPU Timing Test,1000003798
Benchmark Student 3799,Benchmark High School,GPU CPU Timing Test,1000003799
Benchmark Student 3800,Benchmark High School,GPU CPU Timing Test,1000003800
Benchmark Student 3801,Benchmark High School,GPU CPU Timing Test,1000003801
Benchmark Student 3802,Benchmark High School,GPU CPU Timing Test,1000003802
Benchmark Student 3803,Benchmark High School,GPU CPU Timing Test,1000003803
Benchmark Student 3804,Benchmark High School,GPU CPU Timing Test,1000003804
Benchmark Student 3805,Benchmark High School,GPU CPU Timing Test,1000003805
Benchmark Student 3806,Benchmark High School,GPU CPU Timing Test,1000003806
Benchmark Student 3807,Benchmark High School,GPU CPU Timing Test,1000003807
Benchmark Student 3808,Benchmark High School,GPU CPU Timing Test,1000003808
Benchmark Student 3809,Benchmark High School,GPU CPU Timing Test,1000003809
Benchmark Student 3810,Benchmark High School,GPU CPU Timing Test,1000003810
Benchmark Student 3811,Benchmark High School,GPU CPU Timing Test,1000003811
Benchmark Student 3812,Benchmark High School,GPU CPU Timing Test,1000003812
Benchmark Student 3813,Benchmark High School,GPU CPU Timing Test,1000003813
Benchmark Student 3814,Benchmark High School,GPU CPU Timing Test,1000003814
Benchmark Student 3815,Benchmark High School,GPU CPU Timing Test,1000003815
Benchmark Student 3816,Benchmark High School,GPU CPU Timing Test,1000003816
Benchmark Student 3817,Benchmark High School,GPU CPU Timing Test,1000003817
Benchmark Student 3818,Benchmark High School,GPU CPU Timing Test,1000003818
Benchmark Student 3819,Benchmark High School,GPU CPU Timing Test,1000003819
Benchmark Student 3820,Benchmark High School,GPU CPU Timing Test,1000003820
Benchmark Student 3821,Benchmark High School,GPU CPU Timing Test,1000003821
Benchmark Student 3822,Benchmark High School,GPU CPU Timing Test,1000003822
Benchmark Student 3823,Benchmark High School,GPU CPU Timing Test,1000003823
Benchmark Student 3824,Benchmark High School,GPU CPU Timing Test,1000003824
Benchmark Student 3825,Benchmark High School,GPU CPU Timing Test,1000003825
Benchmark Student 3826,Benchmark High School,GPU CPU Timing Test,1000003826
Benchmark Student 3827,Benchmark High School,GPU CPU Timing Test,1000003827
Benchmark Student 3828,Benchmark High School,GPU CPU Timing Test,1000003828
Benchmark Student 3829,Benchmark High School,GPU CPU Timing Test,1000003829
Benchmark Student 3830,Benchmark High School,GPU CPU Timing Test,1000003830
Benchmark Student 3831,Benchmark High School,GPU CPU Timing Test,1000003831
Benchmark Student 3832,Benchmark High School,GPU CPU Timing Test,1000003832
Benchmark Student 3833,Benchmark High School,GPU CPU Timing Test,1000003833
Benchmark Student 3834,Benchmark High School,GPU CPU Timing Test,1000003834
Benchmark Student 3835,Benchmark High School,GPU CPU Timing Test,1000003835
Benchmark Student 3836,Benchmark High School,GPU CPU Timing Test,1000003836
Benchmark Student 3837,Benchmark High School,GPU CPU Timing Test,1000003837
Benchmark Student 3838,Benchmark High School,GPU CPU Timing Test,1000003838
Benchmark Student 3839,Benchmark High School,GPU CPU Timing Test,1000003839
Benchmark Student 3840,Benchmark High School,GPU CPU Timing Test,1000003840
Benchmark Student 3841,Benchmark High School,GPU CPU Timing Test,1000003841
Benchmark Student 3842,Benchmark High School,GPU CPU Timing Test,1000003842
Benchmark Student 3843,Benchmark High School,GPU CPU Timing Test,1000003843
Benchmark Student 3844,Benchmark High School,GPU CPU Timing Test,1000003844
Benchmark Student 3845,Benchmark High School,GPU CPU Timing Test,1000003845
Benchmark Student 3846,Benchmark High School,GPU CPU Timing Test,1000003846
Benchmark Student 3847,Benchmark High School,GPU CPU Timing Test,1000003847
Benchmark Student 3848,Benchmark High School,GPU CPU Timing Test,1000003848
Benchmark Student 3849,Benchmark High School,GPU CPU Timing Test,1000003849
Benchmark Student 3850,Benchmark High School,GPU CPU Timing Test,1000003850
Benchmark Student 3851,Benchmark High School,GPU CPU Timing Test,1000003851
Benchmark Student 3852,Benchmark High School,GPU CPU Timing Test,1000003852
Benchmark Student 3853,Benchmark High School,GPU CPU Timing Test,1000003853
Benchmark Student 3854,Benchmark High School,GPU CPU Timing Test,1000003854
Benchmark Student 3855,Benchmark High School,GPU CPU Timing Test,1000003855
Benchmark Student 3856,Benchmark High School,GPU CPU Timing Test,1000003856
Benchmark Student 3857,Benchmark High School,GPU CPU Timing Test,1000003857
Benchmark Student 3858,Benchmark High School,GPU CPU Timing Test,1000003858
Benchmark Student 3859,Benchmark High School,GPU CPU Timing Test,1000003859
Benchmark Student 3860,Benchmark High School,GPU CPU Timing Test,1000003860
Benchmark Student 3861,Benchmark High School,GPU CPU Timing Test,1000003861
Benchmark Student 3862,Benchmark High School,GPU CPU Timing Test,1000003862
Benchmark Student 3863,Benchmark High School,GPU CPU Timing Test,1000003863
Benchmark Student 3864,Benchmark High School,GPU CPU Timing Test,1000003864
Benchmark Student 3865,Benchmark High School,GPU CPU Timing Test,1000003865
Benchmark Student 3866,Benchmark High School,GPU CPU Timing Test,1000003866
Benchmark Student 3867,Benchmark High School,GPU CPU Timing Test,1000003867
Benchmark Student 3868,Benchmark High School,GPU CPU Timing Test,1000003868
Benchmark Student 3869,Benchmark High School,GPU CPU Timing Test,1000003869
Benchmark Student 3870,Benchmark High School,GPU CPU Timing Test,1000003870
Benchmark Student 3871,Benchmark High School,GPU CPU Timing Test,1000003871
Benchmark Student 3872,Benchmark High School,GPU CPU Timing Test,1000003872
Benchmark Student 3873,Benchmark High School,GPU CPU Timing Test,1000003873
Benchmark Student 3874,Benchmark High School,GPU CPU Timing Test,1000003874
Benchmark Student 3875,Benchmark High School,GPU CPU Timing Test,1000003875
Benchmark Student 3876,Benchmark High School,GPU CPU Timing Test,1000003876
Benchmark Student 3877,Benchmark High School,GPU CPU Timing Test,1000003877
Benchmark Student 3878,Benchmark High School,GPU CPU Timing Test,1000003878
Benchmark Student 3879,Benchmark High School,GPU CPU Timing Test,1000003879
Benchmark Student 3880,Benchmark High School,GPU CPU Timing Test,1000003880
Benchmark Student 3881,Benchmark High School,GPU CPU Timing Test,1000003881
Benchmark Student 3882,Benchmark High School,GPU CPU Timing Test,1000003882
Benchmark Student 3883,Benchmark High School,GPU CPU Timing Test,1000003883
Benchmark Student 3884,Benchmark High School,GPU CPU Timing Test,1000003884
Benchmark Student 3885,Benchmark High School,GPU CPU Timing Test,1000003885
Benchmark Student 3886,Benchmark High School,GPU CPU Timing Test,1000003886
Benchmark Student 3887,Benchmark High School,GPU CPU Timing Test,1000003887
Benchmark Student 3888,Benchmark High School,GPU CPU Timing Test,1000003888
Benchmark Student 3889,Benchmark High School,GPU CPU Timing Test,1000003889
Benchmark Student 3890,Benchmark High School,GPU CPU Timing Test,1000003890
Benchmark Student 3891,Benchmark High School,GPU CPU Timing Test,1000003891
Benchmark Student 3892,Benchmark High School,GPU CPU Timing Test,1000003892
Benchmark Student 3893,Benchmark High School,GPU CPU Timing Test,1000003893
Benchmark Student 3894,Benchmark High School,GPU CPU Timing Test,1000003894
Benchmark Student 3895,Benchmark High School,GPU CPU Timing Test,1000003895
Benchmark Student 3896,Benchmark High School,GPU CPU Timing Test,1000003896
Benchmark Student 3897,Benchmark High School,GPU CPU Timing Test,1000003897
Benchmark Student 3898,Benchmark High School,GPU CPU Timing Test,1000003898
Benchmark Student 3899,Benchmark High School,GPU CPU Timing Test,1000003899
Benchmark Student 3900,Benchmark High School,GPU CPU Timing Test,1000003900
Benchmark Student 3901,Benchmark High School,GPU CPU Timing Test,1000003901
Benchmark Student 3902,Benchmark High School,GPU CPU Timing Test,1000003902
Benchmark Student 3903,Benchmark High School,GPU CPU Timing Test,1000003903
Benchmark Student 3904,Benchmark High School,GPU CPU Timing Test,1000003904
Benchmark Student 3905,Benchmark High School,GPU CPU Timing Test,1000003905
Benchmark Student 3906,Benchmark High School,GPU CPU Timing Test,1000003906
Benchmark Student 3907,Benchmark High School,GPU CPU Timing Test,1000003907
Benchmark Student 3908,Benchmark High School,GPU CPU Timing Test,1000003908
Benchmark Student 3909,Benchmark High School,GPU CPU Timing Test,1000003909
Benchmark Student 3910,Benchmark High School,GPU CPU Timing Test,1000003910
Benchmark Student 3911,Benchmark High School,GPU CPU Timing Test,1000003911
Benchmark Student 3912,Benchmark High School,GPU CPU Timing Test,1000003912
Benchmark Student 3913,Benchmark High School,GPU CPU Timing Test,1000003913
Benchmark Student 3914,Benchmark High School,GPU CPU Timing Test,1000003914
Benchmark Student 3915,Benchmark High School,GPU CPU Timing Test,1000003915
Benchmark Student 3916,Benchmark High School,GPU CPU Timing Test,1000003916
Benchmark Student 3917,Benchmark High School,GPU CPU Timing Test,1000003917
Benchmark Student 3918,Benchmark High School,GPU CPU Timing Test,1000003918
Benchmark Student 3919,Benchmark High School,GPU CPU Timing Test,1000003919
Benchmark Student 3920,Benchmark High School,GPU CPU Timing Test,1000003920
Benchmark Student 3921,Benchmark High School,GPU CPU Timing Test,1000003921
Benchmark Student 3922,Benchmark High School,GPU CPU Timing Test,1000003922
Benchmark Student 3923,Benchmark High School,GPU CPU Timing Test,1000003923
Benchmark Student 3924,Benchmark High School,GPU CPU Timing Test,1000003924
Benchmark Student 3925,Benchmark High School,GPU CPU Timing Test,1000003925
Benchmark Student 3926,Benchmark High School,GPU CPU Timing Test,1000003926
Benchmark Student 3927,Benchmark High School,GPU CPU Timing Test,1000003927
Benchmark Student 3928,Benchmark High School,GPU CPU Timing Test,1000003928
Benchmark Student 3929,Benchmark High School,GPU CPU Timing Test,1000003929
Benchmark Student 3930,Benchmark High School,GPU CPU Timing Test,1000003930
Benchmark Student 3931,Benchmark High School,GPU CPU Timing Test,1000003931
Benchmark Student 3932,Benchmark High School,GPU CPU Timing Test,1000003932
Benchmark Student 3933,Benchmark High School,GPU CPU Timing Test,1000003933
Benchmark Student 3934,Benchmark High School,GPU CPU Timing Test,1000003934
Benchmark Student 3935,Benchmark High School,GPU CPU Timing Test,1000003935
Benchmark Student 3936,Benchmark High School,GPU CPU Timing Test,1000003936
Benchmark Student 3937,Benchmark High School,GPU CPU Timing Test,1000003937
Benchmark Student 3938,Benchmark High School,GPU CPU Timing Test,1000003938
Benchmark Student 3939,Benchmark High School,GPU CPU Timing Test,1000003939
Benchmark Student 3940,Benchmark High School,GPU CPU Timing Test,1000003940
Benchmark Student 3941,Benchmark High School,GPU CPU Timing Test,1000003941
Benchmark Student 3942,Benchmark High School,GPU CPU Timing Test,1000003942
Benchmark Student 3943,Benchmark High School,GPU CPU Timing Test,1000003943
Benchmark Student 3944,Benchmark High School,GPU CPU Timing Test,1000003944
Benchmark Student 3945,Benchmark High School,GPU CPU Timing Test,1000003945
Benchmark Student 3946,Benchmark High School,GPU CPU Timing Test,1000003946
Benchmark Student 3947,Benchmark High School,GPU CPU Timing Test,1000003947
Benchmark Student 3948,Benchmark High School,GPU CPU Timing Test,1000003948
Benchmark Student 3949,Benchmark High School,GPU CPU Timing Test,1000003949
Benchmark Student 3950,Benchmark High School,GPU CPU Timing Test,1000003950
Benchmark Student 3951,Benchmark High School,GPU CPU Timing Test,1000003951
Benchmark Student 3952,Benchmark High School,GPU CPU Timing Test,1000003952
Benchmark Student 3953,Benchmark High School,GPU CPU Timing Test,1000003953
Benchmark Student 3954,Benchmark High School,GPU CPU Timing Test,1000003954
Benchmark Student 3955,Benchmark High School,GPU CPU Timing Test,1000003955
Benchmark Student 3956,Benchmark High School,GPU CPU Timing Test,1000003956
Benchmark Student 3957,Benchmark High School,GPU CPU Timing Test,1000003957
Benchmark Student 3958,Benchmark High School,GPU CPU Timing Test,1000003958
Benchmark Student 3959,Benchmark High School,GPU CPU Timing Test,1000003959
Benchmark Student 3960,Benchmark High School,GPU CPU Timing Test,1000003960
Benchmark Student 3961,Benchmark High School,GPU CPU Timing Test,1000003961
Benchmark Student 3962,Benchmark High School,GPU CPU Timing Test,1000003962
Benchmark Student 3963,Benchmark High School,GPU CPU Timing Test,1000003963
Benchmark Student 3964,Benchmark High School,GPU CPU Timing Test,1000003964
Benchmark Student 3965,Benchmark High School,GPU CPU Timing Test,1000003965
Benchmark Student 3966,Benchmark High School,GPU CPU Timing Test,1000003966
Benchmark Student 3967,Benchmark High School,GPU CPU Timing Test,1000003967
Benchmark Student 3968,Benchmark High School,GPU CPU Timing Test,1000003968
Benchmark Student 3969,Benchmark High School,GPU CPU Timing Test,1000003969
Benchmark Student 3970,Benchmark High School,GPU CPU Timing Test,1000003970
Benchmark Student 3971,Benchmark High School,GPU CPU Timing Test,1000003971
Benchmark Student 3972,Benchmark High School,GPU CPU Timing Test,1000003972
Benchmark Student 3973,Benchmark High School,GPU CPU Timing Test,1000003973
Benchmark Student 3974,Benchmark High School,GPU CPU Timing Test,1000003974
Benchmark Student 3975,Benchmark High School,GPU CPU Timing Test,1000003975
Benchmark Student 3976,Benchmark High School,GPU CPU Timing Test,1000003976
Benchmark Student 3977,Benchmark High School,GPU CPU Timing Test,1000003977
Benchmark Student 3978,Benchmark High School,GPU CPU Timing Test,1000003978
Benchmark Student 3979,Benchmark High School,GPU CPU Timing Test,1000003979
Benchmark Student 3980,Benchmark High School,GPU CPU Timing Test,1000003980
Benchmark Student 3981,Benchmark High School,GPU CPU Timing Test,1000003981
Benchmark Student 3982,Benchmark High School,GPU CPU Timing Test,1000003982
Benchmark Student 3983,Benchmark High School,GPU CPU Timing Test,1000003983
Benchmark Student 3984,Benchmark High School,GPU CPU Timing Test,1000003984
Benchmark Student 3985,Benchmark High School,GPU CPU Timing Test,1000003985
Benchmark Student 3986,Benchmark High School,GPU CPU Timing Test,1000003986
Benchmark Student 3987,Benchmark High School,GPU CPU Timing Test,1000003987
Benchmark Student 3988,Benchmark High School,GPU CPU Timing Test,1000003988
Benchmark Student 3989,Benchmark High School,GPU CPU Timing Test,1000003989
Benchmark Student 3990,Benchmark High School,GPU CPU Timing Test,1000003990
Benchmark Student 3991,Benchmark High School,GPU CPU Timing Test,1000003991
Benchmark Student 3992,Benchmark High School,GPU CPU Timing Test,1000003992
Benchmark Student 3993,Benchmark High School,GPU CPU Timing Test,1000003993
Benchmark Student 3994,Benchmark High School,GPU CPU Timing Test,1000003994
Benchmark Student 3995,Benchmark High School,GPU CPU Timing Test,1000003995
Benchmark Student 3996,Benchmark High School,GPU CPU Timing Test,1000003996
Benchmark Student 3997,Benchmark High School,GPU CPU Timing Test,1000003997
Benchmark Student 3998,Benchmark High School,GPU CPU Timing Test,1000003998
Benchmark Student 3999,Benchmark High School,GPU CPU Timing Test,1000003999
Benchmark Student 4000,Benchmark High School,GPU CPU Timing Test,1000004000
Benchmark Student 4001,Benchmark High School,GPU CPU Timing Test,1000004001
Benchmark Student 4002,Benchmark High School,GPU CPU Timing Test,1000004002
Benchmark Student 4003,Benchmark High School,GPU CPU Timing Test,1000004003
Benchmark Student 4004,Benchmark High School,GPU CPU Timing Test,1000004004
Benchmark Student 4005,Benchmark High School,GPU CPU Timing Test,1000004005
Benchmark Student 4006,Benchmark High School,GPU CPU Timing Test,1000004006
Benchmark Student 4007,Benchmark High School,GPU CPU Timing Test,1000004007
Benchmark Student 4008,Benchmark High School,GPU CPU Timing Test,1000004008
Benchmark Student 4009,Benchmark High School,GPU CPU Timing Test,1000004009
Benchmark Student 4010,Benchmark High School,GPU CPU Timing Test,1000004010
Benchmark Student 4011,Benchmark High School,GPU CPU Timing Test,1000004011
Benchmark Student 4012,Benchmark High School,GPU CPU Timing Test,1000004012
Benchmark Student 4013,Benchmark High School,GPU CPU Timing Test,1000004013
Benchmark Student 4014,Benchmark High School,GPU CPU Timing Test,1000004014
Benchmark Student 4015,Benchmark High School,GPU CPU Timing Test,1000004015
Benchmark Student 4016,Benchmark High School,GPU CPU Timing Test,1000004016
Benchmark Student 4017,Benchmark High School,GPU CPU Timing Test,1000004017
Benchmark Student 4018,Benchmark High School,GPU CPU Timing Test,1000004018
Benchmark Student 4019,Benchmark High School,GPU CPU Timing Test,1000004019
Benchmark Student 4020,Benchmark High School,GPU CPU Timing Test,1000004020
Benchmark Student 4021,Benchmark High School,GPU CPU Timing Test,1000004021
Benchmark Student 4022,Benchmark High School,GPU CPU Timing Test,1000004022
Benchmark Student 4023,Benchmark High School,GPU CPU Timing Test,1000004023
Benchmark Student 4024,Benchmark High School,GPU CPU Timing Test,1000004024
Benchmark Student 4025,Benchmark High School,GPU CPU Timing Test,1000004025
Benchmark Student 4026,Benchmark High School,GPU CPU Timing Test,1000004026
Benchmark Student 4027,Benchmark High School,GPU CPU Timing Test,1000004027
Benchmark Student 4028,Benchmark High School,GPU CPU Timing Test,1000004028
Benchmark Student 4029,Benchmark High School,GPU CPU Timing Test,1000004029
Benchmark Student 4030,Benchmark High School,GPU CPU Timing Test,1000004030
Benchmark Student 4031,Benchmark High School,GPU CPU Timing Test,1000004031
Benchmark Student 4032,Benchmark High School,GPU CPU Timing Test,1000004032
Benchmark Student 4033,Benchmark High School,GPU CPU Timing Test,1000004033
Benchmark Student 4034,Benchmark High School,GPU CPU Timing Test,1000004034
Benchmark Student 4035,Benchmark High School,GPU CPU Timing Test,1000004035
Benchmark Student 4036,Benchmark High School,GPU CPU Timing Test,1000004036
Benchmark Student 4037,Benchmark High School,GPU CPU Timing Test,1000004037
Benchmark Student 4038,Benchmark High School,GPU CPU Timing Test,1000004038
Benchmark Student 4039,Benchmark High School,GPU CPU Timing Test,1000004039
Benchmark Student 4040,Benchmark High School,GPU CPU Timing Test,1000004040
Benchmark Student 4041,Benchmark High School,GPU CPU Timing Test,1000004041
Benchmark Student 4042,Benchmark High School,GPU CPU Timing Test,1000004042
Benchmark Student 4043,Benchmark High School,GPU CPU Timing Test,1000004043
Benchmark Student 4044,Benchmark High School,GPU CPU Timing Test,1000004044
Benchmark Student 4045,Benchmark High School,GPU CPU Timing Test,1000004045
Benchmark Student 4046,Benchmark High School,GPU CPU Timing Test,1000004046
Benchmark Student 4047,Benchmark High School,GPU CPU Timing Test,1000004047
Benchmark Student 4048,Benchmark High School,GPU CPU Timing Test,1000004048
Benchmark Student 4049,Benchmark High School,GPU CPU Timing Test,1000004049
Benchmark Student 4050,Benchmark High School,GPU CPU Timing Test,1000004050
Benchmark Student 4051,Benchmark High School,GPU CPU Timing Test,1000004051
Benchmark Student 4052,Benchmark High School,GPU CPU Timing Test,1000004052
Benchmark Student 4053,Benchmark High School,GPU CPU Timing Test,1000004053
Benchmark Student 4054,Benchmark High School,GPU CPU Timing Test,1000004054
Benchmark Student 4055,Benchmark High School,GPU CPU Timing Test,1000004055
Benchmark Student 4056,Benchmark High School,GPU CPU Timing Test,1000004056
Benchmark Student 4057,Benchmark High School,GPU CPU Timing Test,1000004057
Benchmark Student 4058,Benchmark High School,GPU CPU Timing Test,1000004058
Benchmark Student 4059,Benchmark High School,GPU CPU Timing Test,1000004059
Benchmark Student 4060,Benchmark High School,GPU CPU Timing Test,1000004060
Benchmark Student 4061,Benchmark High School,GPU CPU Timing Test,1000004061
Benchmark Student 4062,Benchmark High School,GPU CPU Timing Test,1000004062
Benchmark Student 4063,Benchmark High School,GPU CPU Timing Test,1000004063
Benchmark Student 4064,Benchmark High School,GPU CPU Timing Test,1000004064
Benchmark Student 4065,Benchmark High School,GPU CPU Timing Test,1000004065
Benchmark Student 4066,Benchmark High School,GPU CPU Timing Test,1000004066
Benchmark Student 4067,Benchmark High School,GPU CPU Timing Test,1000004067
Benchmark Student 4068,Benchmark High School,GPU CPU Timing Test,1000004068
Benchmark Student 4069,Benchmark High School,GPU CPU Timing Test,1000004069
Benchmark Student 4070,Benchmark High School,GPU CPU Timing Test,1000004070
Benchmark Student 4071,Benchmark High School,GPU CPU Timing Test,1000004071
Benchmark Student 4072,Benchmark High School,GPU CPU Timing Test,1000004072
Benchmark Student 4073,Benchmark High School,GPU CPU Timing Test,1000004073
Benchmark Student 4074,Benchmark High School,GPU CPU Timing Test,1000004074
Benchmark Student 4075,Benchmark High School,GPU CPU Timing Test,1000004075
Benchmark Student 4076,Benchmark High School,GPU CPU Timing Test,1000004076
Benchmark Student 4077,Benchmark High School,GPU CPU Timing Test,1000004077
Benchmark Student 4078,Benchmark High School,GPU CPU Timing Test,1000004078
Benchmark Student 4079,Benchmark High School,GPU CPU Timing Test,1000004079
Benchmark Student 4080,Benchmark High School,GPU CPU Timing Test,1000004080
Benchmark Student 4081,Benchmark High School,GPU CPU Timing Test,1000004081
Benchmark Student 4082,Benchmark High School,GPU CPU Timing Test,1000004082
Benchmark Student 4083,Benchmark High School,GPU CPU Timing Test,1000004083
Benchmark Student 4084,Benchmark High School,GPU CPU Timing Test,1000004084
Benchmark Student 4085,Benchmark High School,GPU CPU Timing Test,1000004085
Benchmark Student 4086,Benchmark High School,GPU CPU Timing Test,1000004086
Benchmark Student 4087,Benchmark High School,GPU CPU Timing Test,1000004087
Benchmark Student 4088,Benchmark High School,GPU CPU Timing Test,1000004088
Benchmark Student 4089,Benchmark High School,GPU CPU Timing Test,1000004089
Benchmark Student 4090,Benchmark High School,GPU CPU Timing Test,1000004090
Benchmark Student 4091,Benchmark High School,GPU CPU Timing Test,1000004091
Benchmark Student 4092,Benchmark High School,GPU CPU Timing Test,1000004092
Benchmark Student 4093,Benchmark High School,GPU CPU Timing Test,1000004093
Benchmark Student 4094,Benchmark High School,GPU CPU Timing Test,1000004094
Benchmark Student 4095,Benchmark High School,GPU CPU Timing Test,1000004095
Benchmark Student 4096,Benchmark High School,GPU CPU Timing Test,1000004096
Benchmark Student 4097,Benchmark High School,GPU CPU Timing Test,1000004097
Benchmark Student 4098,Benchmark High School,GPU CPU Timing Test,1000004098
Benchmark Student 4099,Benchmark High School,GPU CPU Timing Test,1000004099
Benchmark Student 4100,Benchmark High School,GPU CPU Timing Test,1000004100
Benchmark Student 4101,Benchmark High School,GPU CPU Timing Test,1000004101
Benchmark Student 4102,Benchmark High School,GPU CPU Timing Test,1000004102
Benchmark Student 4103,Benchmark High School,GPU CPU Timing Test,1000004103
Benchmark Student 4104,Benchmark High School,GPU CPU Timing Test,1000004104
Benchmark Student 4105,Benchmark High School,GPU CPU Timing Test,1000004105
Benchmark Student 4106,Benchmark High School,GPU CPU Timing Test,1000004106
Benchmark Student 4107,Benchmark High School,GPU CPU Timing Test,1000004107
Benchmark Student 4108,Benchmark High School,GPU CPU Timing Test,1000004108
Benchmark Student 4109,Benchmark High School,GPU CPU Timing Test,1000004109
Benchmark Student 4110,Benchmark High School,GPU CPU Timing Test,1000004110
Benchmark Student 4111,Benchmark High School,GPU CPU Timing Test,1000004111
Benchmark Student 4112,Benchmark High School,GPU CPU Timing Test,1000004112
Benchmark Student 4113,Benchmark High School,GPU CPU Timing Test,1000004113
Benchmark Student 4114,Benchmark High School,GPU CPU Timing Test,1000004114
Benchmark Student 4115,Benchmark High School,GPU CPU Timing Test,1000004115
Benchmark Student 4116,Benchmark High School,GPU CPU Timing Test,1000004116
Benchmark Student 4117,Benchmark High School,GPU CPU Timing Test,1000004117
Benchmark Student 4118,Benchmark High School,GPU CPU Timing Test,1000004118
Benchmark Student 4119,Benchmark High School,GPU CPU Timing Test,1000004119
Benchmark Student 4120,Benchmark High School,GPU CPU Timing Test,1000004120
Benchmark Student 4121,Benchmark High School,GPU CPU Timing Test,1000004121
Benchmark Student 4122,Benchmark High School,GPU CPU Timing Test,1000004122
Benchmark Student 4123,Benchmark High School,GPU CPU Timing Test,1000004123
Benchmark Student 4124,Benchmark High School,GPU CPU Timing Test,1000004124
Benchmark Student 4125,Benchmark High School,GPU CPU Timing Test,1000004125
Benchmark Student 4126,Benchmark High School,GPU CPU Timing Test,1000004126
Benchmark Student 4127,Benchmark High School,GPU CPU Timing Test,1000004127
Benchmark Student 4128,Benchmark High School,GPU CPU Timing Test,1000004128
Benchmark Student 4129,Benchmark High School,GPU CPU Timing Test,1000004129
Benchmark Student 4130,Benchmark High School,GPU CPU Timing Test,1000004130
Benchmark Student 4131,Benchmark High School,GPU CPU Timing Test,1000004131
Benchmark Student 4132,Benchmark High School,GPU CPU Timing Test,1000004132
Benchmark Student 4133,Benchmark High School,GPU CPU Timing Test,1000004133
Benchmark Student 4134,Benchmark High School,GPU CPU Timing Test,1000004134
Benchmark Student 4135,Benchmark High School,GPU CPU Timing Test,1000004135
Benchmark Student 4136,Benchmark High School,GPU CPU Timing Test,1000004136
Benchmark Student 4137,Benchmark High School,GPU CPU Timing Test,1000004137
Benchmark Student 4138,Benchmark High School,GPU CPU Timing Test,1000004138
Benchmark Student 4139,Benchmark High School,GPU CPU Timing Test,1000004139
Benchmark Student 4140,Benchmark High School,GPU CPU Timing Test,1000004140
Benchmark Student 4141,Benchmark High School,GPU CPU Timing Test,1000004141
Benchmark Student 4142,Benchmark High School,GPU CPU Timing Test,1000004142
Benchmark Student 4143,Benchmark High School,GPU CPU Timing Test,1000004143
Benchmark Student 4144,Benchmark High School,GPU CPU Timing Test,1000004144
Benchmark Student 4145,Benchmark High School,GPU CPU Timing Test,1000004145
Benchmark Student 4146,Benchmark High School,GPU CPU Timing Test,1000004146
Benchmark Student 4147,Benchmark High School,GPU CPU Timing Test,1000004147
Benchmark Student 4148,Benchmark High School,GPU CPU Timing Test,1000004148
Benchmark Student 4149,Benchmark High School,GPU CPU Timing Test,1000004149
Benchmark Student 4150,Benchmark High School,GPU CPU Timing Test,1000004150
Benchmark Student 4151,Benchmark High School,GPU CPU Timing Test,1000004151
Benchmark Student 4152,Benchmark High School,GPU CPU Timing Test,1000004152
Benchmark Student 4153,Benchmark High School,GPU CPU Timing Test,1000004153
Benchmark Student 4154,Benchmark High School,GPU CPU Timing Test,1000004154
Benchmark Student 4155,Benchmark High School,GPU CPU Timing Test,1000004155
Benchmark Student 4156,Benchmark High School,GPU CPU Timing Test,1000004156
Benchmark Student 4157,Benchmark High School,GPU CPU Timing Test,1000004157
Benchmark Student 4158,Benchmark High School,GPU CPU Timing Test,1000004158
Benchmark Student 4159,Benchmark High School,GPU CPU Timing Test,1000004159
Benchmark Student 4160,Benchmark High School,GPU CPU Timing Test,1000004160
Benchmark Student 4161,Benchmark High School,GPU CPU Timing Test,1000004161
Benchmark Student 4162,Benchmark High School,GPU CPU Timing Test,1000004162
Benchmark Student 4163,Benchmark High School,GPU CPU Timing Test,1000004163
Benchmark Student 4164,Benchmark High School,GPU CPU Timing Test,1000004164
Benchmark Student 4165,Benchmark High School,GPU CPU Timing Test,1000004165
Benchmark Student 4166,Benchmark High School,GPU CPU Timing Test,1000004166
Benchmark Student 4167,Benchmark High School,GPU CPU Timing Test,1000004167
Benchmark Student 4168,Benchmark High School,GPU CPU Timing Test,1000004168
Benchmark Student 4169,Benchmark High School,GPU CPU Timing Test,1000004169
Benchmark Student 4170,Benchmark High School,GPU CPU Timing Test,1000004170
Benchmark Student 4171,Benchmark High School,GPU CPU Timing Test,1000004171
Benchmark Student 4172,Benchmark High School,GPU CPU Timing Test,1000004172
Benchmark Student 4173,Benchmark High School,GPU CPU Timing Test,1000004173
Benchmark Student 4174,Benchmark High School,GPU CPU Timing Test,1000004174
Benchmark Student 4175,Benchmark High School,GPU CPU Timing Test,1000004175
Benchmark Student 4176,Benchmark High School,GPU CPU Timing Test,1000004176
Benchmark Student 4177,Benchmark High School,GPU CPU Timing Test,1000004177
Benchmark Student 4178,Benchmark High School,GPU CPU Timing Test,1000004178
Benchmark Student 4179,Benchmark High School,GPU CPU Timing Test,1000004179
Benchmark Student 4180,Benchmark High School,GPU CPU Timing Test,1000004180
Benchmark Student 4181,Benchmark High School,GPU CPU Timing Test,1000004181
Benchmark Student 4182,Benchmark High School,GPU CPU Timing Test,1000004182
Benchmark Student 4183,Benchmark High School,GPU CPU Timing Test,1000004183
Benchmark Student 4184,Benchmark High School,GPU CPU Timing Test,1000004184
Benchmark Student 4185,Benchmark High School,GPU CPU Timing Test,1000004185
Benchmark Student 4186,Benchmark High School,GPU CPU Timing Test,1000004186
Benchmark Student 4187,Benchmark High School,GPU CPU Timing Test,1000004187
Benchmark Student 4188,Benchmark High School,GPU CPU Timing Test,1000004188
Benchmark Student 4189,Benchmark High School,GPU CPU Timing Test,1000004189
Benchmark Student 4190,Benchmark High School,GPU CPU Timing Test,1000004190
Benchmark Student 4191,Benchmark High School,GPU CPU Timing Test,1000004191
Benchmark Student 4192,Benchmark High School,GPU CPU Timing Test,1000004192
Benchmark Student 4193,Benchmark High School,GPU CPU Timing Test,1000004193
Benchmark Student 4194,Benchmark High School,GPU CPU Timing Test,1000004194
Benchmark Student 4195,Benchmark High School,GPU CPU Timing Test,1000004195
Benchmark Student 4196,Benchmark High School,GPU CPU Timing Test,1000004196
Benchmark Student 4197,Benchmark High School,GPU CPU Timing Test,1000004197
Benchmark Student 4198,Benchmark High School,GPU CPU Timing Test,1000004198
Benchmark Student 4199,Benchmark High School,GPU CPU Timing Test,1000004199
Benchmark Student 4200,Benchmark High School,GPU CPU Timing Test,1000004200
Benchmark Student 4201,Benchmark High School,GPU CPU Timing Test,1000004201
Benchmark Student 4202,Benchmark High School,GPU CPU Timing Test,1000004202
Benchmark Student 4203,Benchmark High School,GPU CPU Timing Test,1000004203
Benchmark Student 4204,Benchmark High School,GPU CPU Timing Test,1000004204
Benchmark Student 4205,Benchmark High School,GPU CPU Timing Test,1000004205
Benchmark Student 4206,Benchmark High School,GPU CPU Timing Test,1000004206
Benchmark Student 4207,Benchmark High School,GPU CPU Timing Test,1000004207
Benchmark Student 4208,Benchmark High School,GPU CPU Timing Test,1000004208
Benchmark Student 4209,Benchmark High School,GPU CPU Timing Test,1000004209
Benchmark Student 4210,Benchmark High School,GPU CPU Timing Test,1000004210
Benchmark Student 4211,Benchmark High School,GPU CPU Timing Test,1000004211
Benchmark Student 4212,Benchmark High School,GPU CPU Timing Test,1000004212
Benchmark Student 4213,Benchmark High School,GPU CPU Timing Test,1000004213
Benchmark Student 4214,Benchmark High School,GPU CPU Timing Test,1000004214
Benchmark Student 4215,Benchmark High School,GPU CPU Timing Test,1000004215
Benchmark Student 4216,Benchmark High School,GPU CPU Timing Test,1000004216
Benchmark Student 4217,Benchmark High School,GPU CPU Timing Test,1000004217
Benchmark Student 4218,Benchmark High School,GPU CPU Timing Test,1000004218
Benchmark Student 4219,Benchmark High School,GPU CPU Timing Test,1000004219
Benchmark Student 4220,Benchmark High School,GPU CPU Timing Test,1000004220
Benchmark Student 4221,Benchmark High School,GPU CPU Timing Test,1000004221
Benchmark Student 4222,Benchmark High School,GPU CPU Timing Test,1000004222
Benchmark Student 4223,Benchmark High School,GPU CPU Timing Test,1000004223
Benchmark Student 4224,Benchmark High School,GPU CPU Timing Test,1000004224
Benchmark Student 4225,Benchmark High School,GPU CPU Timing Test,1000004225
Benchmark Student 4226,Benchmark High School,GPU CPU Timing Test,1000004226
Benchmark Student 4227,Benchmark High School,GPU CPU Timing Test,1000004227
Benchmark Student 4228,Benchmark High School,GPU CPU Timing Test,1000004228
Benchmark Student 4229,Benchmark High School,GPU CPU Timing Test,1000004229
Benchmark Student 4230,Benchmark High School,GPU CPU Timing Test,1000004230
Benchmark Student 4231,Benchmark High School,GPU CPU Timing Test,1000004231
Benchmark Student 4232,Benchmark High School,GPU CPU Timing Test,1000004232
Benchmark Student 4233,Benchmark High School,GPU CPU Timing Test,1000004233
Benchmark Student 4234,Benchmark High School,GPU CPU Timing Test,1000004234
Benchmark Student 4235,Benchmark High School,GPU CPU Timing Test,1000004235
Benchmark Student 4236,Benchmark High School,GPU CPU Timing Test,1000004236
Benchmark Student 4237,Benchmark High School,GPU CPU Timing Test,1000004237
Benchmark Student 4238,Benchmark High School,GPU CPU Timing Test,1000004238
Benchmark Student 4239,Benchmark High School,GPU CPU Timing Test,1000004239
Benchmark Student 4240,Benchmark High School,GPU CPU Timing Test,1000004240
Benchmark Student 4241,Benchmark High School,GPU CPU Timing Test,1000004241
Benchmark Student 4242,Benchmark High School,GPU CPU Timing Test,1000004242
Benchmark Student 4243,Benchmark High School,GPU CPU Timing Test,1000004243
Benchmark Student 4244,Benchmark High School,GPU CPU Timing Test,1000004244
Benchmark Student 4245,Benchmark High School,GPU CPU Timing Test,1000004245
Benchmark Student 4246,Benchmark High School,GPU CPU Timing Test,1000004246
Benchmark Student 4247,Benchmark High School,GPU CPU Timing Test,1000004247
Benchmark Student 4248,Benchmark High School,GPU CPU Timing Test,1000004248
Benchmark Student 4249,Benchmark High School,GPU CPU Timing Test,1000004249
Benchmark Student 4250,Benchmark High School,GPU CPU Timing Test,1000004250
Benchmark Student 4251,Benchmark High School,GPU CPU Timing Test,1000004251
Benchmark Student 4252,Benchmark High School,GPU CPU Timing Test,1000004252
Benchmark Student 4253,Benchmark High School,GPU CPU Timing Test,1000004253
Benchmark Student 4254,Benchmark High School,GPU CPU Timing Test,1000004254
Benchmark Student 4255,Benchmark High School,GPU CPU Timing Test,1000004255
Benchmark Student 4256,Benchmark High School,GPU CPU Timing Test,1000004256
Benchmark Student 4257,Benchmark High School,GPU CPU Timing Test,1000004257
Benchmark Student 4258,Benchmark High School,GPU CPU Timing Test,1000004258
Benchmark Student 4259,Benchmark High School,GPU CPU Timing Test,1000004259
Benchmark Student 4260,Benchmark High School,GPU CPU Timing Test,1000004260
Benchmark Student 4261,Benchmark High School,GPU CPU Timing Test,1000004261
Benchmark Student 4262,Benchmark High School,GPU CPU Timing Test,1000004262
Benchmark Student 4263,Benchmark High School,GPU CPU Timing Test,1000004263
Benchmark Student 4264,Benchmark High School,GPU CPU Timing Test,1000004264
Benchmark Student 4265,Benchmark High School,GPU CPU Timing Test,1000004265
Benchmark Student 4266,Benchmark High School,GPU CPU Timing Test,1000004266
Benchmark Student 4267,Benchmark High School,GPU CPU Timing Test,1000004267
Benchmark Student 4268,Benchmark High School,GPU CPU Timing Test,1000004268
Benchmark Student 4269,Benchmark High School,GPU CPU Timing Test,1000004269
Benchmark Student 4270,Benchmark High School,GPU CPU Timing Test,1000004270
Benchmark Student 4271,Benchmark High School,GPU CPU Timing Test,1000004271
Benchmark Student 4272,Benchmark High School,GPU CPU Timing Test,1000004272
Benchmark Student 4273,Benchmark High School,GPU CPU Timing Test,1000004273
Benchmark Student 4274,Benchmark High School,GPU CPU Timing Test,1000004274
Benchmark Student 4275,Benchmark High School,GPU CPU Timing Test,1000004275
Benchmark Student 4276,Benchmark High School,GPU CPU Timing Test,1000004276
Benchmark Student 4277,Benchmark High School,GPU CPU Timing Test,1000004277
Benchmark Student 4278,Benchmark High School,GPU CPU Timing Test,1000004278
Benchmark Student 4279,Benchmark High School,GPU CPU Timing Test,1000004279
Benchmark Student 4280,Benchmark High School,GPU CPU Timing Test,1000004280
Benchmark Student 4281,Benchmark High School,GPU CPU Timing Test,1000004281
Benchmark Student 4282,Benchmark High School,GPU CPU Timing Test,1000004282
Benchmark Student 4283,Benchmark High School,GPU CPU Timing Test,1000004283
Benchmark Student 4284,Benchmark High School,GPU CPU Timing Test,1000004284
Benchmark Student 4285,Benchmark High School,GPU CPU Timing Test,1000004285
Benchmark Student 4286,Benchmark High School,GPU CPU Timing Test,1000004286
Benchmark Student 4287,Benchmark High School,GPU CPU Timing Test,1000004287
Benchmark Student 4288,Benchmark High School,GPU CPU Timing Test,1000004288
Benchmark Student 4289,Benchmark High School,GPU CPU Timing Test,1000004289
Benchmark Student 4290,Benchmark High School,GPU CPU Timing Test,1000004290
Benchmark Student 4291,Benchmark High School,GPU CPU Timing Test,1000004291
Benchmark Student 4292,Benchmark High School,GPU CPU Timing Test,1000004292
Benchmark Student 4293,Benchmark High School,GPU CPU Timing Test,1000004293
Benchmark Student 4294,Benchmark High School,GPU CPU Timing Test,1000004294
Benchmark Student 4295,Benchmark High School,GPU CPU Timing Test,1000004295
Benchmark Student 4296,Benchmark High School,GPU CPU Timing Test,1000004296
Benchmark Student 4297,Benchmark High School,GPU CPU Timing Test,1000004297
Benchmark Student 4298,Benchmark High School,GPU CPU Timing Test,1000004298
Benchmark Student 4299,Benchmark High School,GPU CPU Timing Test,1000004299
Benchmark Student 4300,Benchmark High School,GPU CPU Timing Test,1000004300
Benchmark Student 4301,Benchmark High School,GPU CPU Timing Test,1000004301
Benchmark Student 4302,Benchmark High School,GPU CPU Timing Test,1000004302
Benchmark Student 4303,Benchmark High School,GPU CPU Timing Test,1000004303
Benchmark Student 4304,Benchmark High School,GPU CPU Timing Test,1000004304
Benchmark Student 4305,Benchmark High School,GPU CPU Timing Test,1000004305
Benchmark Student 4306,Benchmark High School,GPU CPU Timing Test,1000004306
Benchmark Student 4307,Benchmark High School,GPU CPU Timing Test,1000004307
Benchmark Student 4308,Benchmark High School,GPU CPU Timing Test,1000004308
Benchmark Student 4309,Benchmark High School,GPU CPU Timing Test,1000004309
Benchmark Student 4310,Benchmark High School,GPU CPU Timing Test,1000004310
Benchmark Student 4311,Benchmark High School,GPU CPU Timing Test,1000004311
Benchmark Student 4312,Benchmark High School,GPU CPU Timing Test,1000004312
Benchmark Student 4313,Benchmark High School,GPU CPU Timing Test,1000004313
Benchmark Student 4314,Benchmark High School,GPU CPU Timing Test,1000004314
Benchmark Student 4315,Benchmark High School,GPU CPU Timing Test,1000004315
Benchmark Student 4316,Benchmark High School,GPU CPU Timing Test,1000004316
Benchmark Student 4317,Benchmark High School,GPU CPU Timing Test,1000004317
Benchmark Student 4318,Benchmark High School,GPU CPU Timing Test,1000004318
Benchmark Student 4319,Benchmark High School,GPU CPU Timing Test,1000004319
Benchmark Student 4320,Benchmark High School,GPU CPU Timing Test,1000004320
Benchmark Student 4321,Benchmark High School,GPU CPU Timing Test,1000004321
Benchmark Student 4322,Benchmark High School,GPU CPU Timing Test,1000004322
Benchmark Student 4323,Benchmark High School,GPU CPU Timing Test,1000004323
Benchmark Student 4324,Benchmark High School,GPU CPU Timing Test,1000004324
Benchmark Student 4325,Benchmark High School,GPU CPU Timing Test,1000004325
Benchmark Student 4326,Benchmark High School,GPU CPU Timing Test,1000004326
Benchmark Student 4327,Benchmark High School,GPU CPU Timing Test,1000004327
Benchmark Student 4328,Benchmark High School,GPU CPU Timing Test,1000004328
Benchmark Student 4329,Benchmark High School,GPU CPU Timing Test,1000004329
Benchmark Student 4330,Benchmark High School,GPU CPU Timing Test,1000004330
Benchmark Student 4331,Benchmark High School,GPU CPU Timing Test,1000004331
Benchmark Student 4332,Benchmark High School,GPU CPU Timing Test,1000004332
Benchmark Student 4333,Benchmark High School,GPU CPU Timing Test,1000004333
Benchmark Student 4334,Benchmark High School,GPU CPU Timing Test,1000004334
Benchmark Student 4335,Benchmark High School,GPU CPU Timing Test,1000004335
Benchmark Student 4336,Benchmark High School,GPU CPU Timing Test,1000004336
Benchmark Student 4337,Benchmark High School,GPU CPU Timing Test,1000004337
Benchmark Student 4338,Benchmark High School,GPU CPU Timing Test,1000004338
Benchmark Student 4339,Benchmark High School,GPU CPU Timing Test,1000004339
Benchmark Student 4340,Benchmark High School,GPU CPU Timing Test,1000004340
Benchmark Student 4341,Benchmark High School,GPU CPU Timing Test,1000004341
Benchmark Student 4342,Benchmark High School,GPU CPU Timing Test,1000004342
Benchmark Student 4343,Benchmark High School,GPU CPU Timing Test,1000004343
Benchmark Student 4344,Benchmark High School,GPU CPU Timing Test,1000004344
Benchmark Student 4345,Benchmark High School,GPU CPU Timing Test,1000004345
Benchmark Student 4346,Benchmark High School,GPU CPU Timing Test,1000004346
Benchmark Student 4347,Benchmark High School,GPU CPU Timing Test,1000004347
Benchmark Student 4348,Benchmark High School,GPU CPU Timing Test,1000004348
Benchmark Student 4349,Benchmark High School,GPU CPU Timing Test,1000004349
Benchmark Student 4350,Benchmark High School,GPU CPU Timing Test,1000004350
Benchmark Student 4351,Benchmark High School,GPU CPU Timing Test,1000004351
Benchmark Student 4352,Benchmark High School,GPU CPU Timing Test,1000004352
Benchmark Student 4353,Benchmark High School,GPU CPU Timing Test,1000004353
Benchmark Student 4354,Benchmark High School,GPU CPU Timing Test,1000004354
Benchmark Student 4355,Benchmark High School,GPU CPU Timing Test,1000004355
Benchmark Student 4356,Benchmark High School,GPU CPU Timing Test,1000004356
Benchmark Student 4357,Benchmark High School,GPU CPU Timing Test,1000004357
Benchmark Student 4358,Benchmark High School,GPU CPU Timing Test,1000004358
Benchmark Student 4359,Benchmark High School,GPU CPU Timing Test,1000004359
Benchmark Student 4360,Benchmark High School,GPU CPU Timing Test,1000004360
Benchmark Student 4361,Benchmark High School,GPU CPU Timing Test,1000004361
Benchmark Student 4362,Benchmark High School,GPU CPU Timing Test,1000004362
Benchmark Student 4363,Benchmark High School,GPU CPU Timing Test,1000004363
Benchmark Student 4364,Benchmark High School,GPU CPU Timing Test,1000004364
Benchmark Student 4365,Benchmark High School,GPU CPU Timing Test,1000004365
Benchmark Student 4366,Benchmark High School,GPU CPU Timing Test,1000004366
Benchmark Student 4367,Benchmark High School,GPU CPU Timing Test,1000004367
Benchmark Student 4368,Benchmark High School,GPU CPU Timing Test,1000004368
Benchmark Student 4369,Benchmark High School,GPU CPU Timing Test,1000004369
Benchmark Student 4370,Benchmark High School,GPU CPU Timing Test,1000004370
Benchmark Student 4371,Benchmark High School,GPU CPU Timing Test,1000004371
Benchmark Student 4372,Benchmark High School,GPU CPU Timing Test,1000004372
Benchmark Student 4373,Benchmark High School,GPU CPU Timing Test,1000004373
Benchmark Student 4374,Benchmark High School,GPU CPU Timing Test,1000004374
Benchmark Student 4375,Benchmark High School,GPU CPU Timing Test,1000004375
Benchmark Student 4376,Benchmark High School,GPU CPU Timing Test,1000004376
Benchmark Student 4377,Benchmark High School,GPU CPU Timing Test,1000004377
Benchmark Student 4378,Benchmark High School,GPU CPU Timing Test,1000004378
Benchmark Student 4379,Benchmark High School,GPU CPU Timing Test,1000004379
Benchmark Student 4380,Benchmark High School,GPU CPU Timing Test,1000004380
Benchmark Student 4381,Benchmark High School,GPU CPU Timing Test,1000004381
Benchmark Student 4382,Benchmark High School,GPU CPU Timing Test,1000004382
Benchmark Student 4383,Benchmark High School,GPU CPU Timing Test,1000004383
Benchmark Student 4384,Benchmark High School,GPU CPU Timing Test,1000004384
Benchmark Student 4385,Benchmark High School,GPU CPU Timing Test,1000004385
Benchmark Student 4386,Benchmark High School,GPU CPU Timing Test,1000004386
Benchmark Student 4387,Benchmark High School,GPU CPU Timing Test,1000004387
Benchmark Student 4388,Benchmark High School,GPU CPU Timing Test,1000004388
Benchmark Student 4389,Benchmark High School,GPU CPU Timing Test,1000004389
Benchmark Student 4390,Benchmark High School,GPU CPU Timing Test,1000004390
Benchmark Student 4391,Benchmark High School,GPU CPU Timing Test,1000004391
Benchmark Student 4392,Benchmark High School,GPU CPU Timing Test,1000004392
Benchmark Student 4393,Benchmark High School,GPU CPU Timing Test,1000004393
Benchmark Student 4394,Benchmark High School,GPU CPU Timing Test,1000004394
Benchmark Student 4395,Benchmark High School,GPU CPU Timing Test,1000004395
Benchmark Student 4396,Benchmark High School,GPU CPU Timing Test,1000004396
Benchmark Student 4397,Benchmark High School,GPU CPU Timing Test,1000004397
Benchmark Student 4398,Benchmark High School,GPU CPU Timing Test,1000004398
Benchmark Student 4399,Benchmark High School,GPU CPU Timing Test,1000004399
Benchmark Student 4400,Benchmark High School,GPU CPU Timing Test,1000004400
Benchmark Student 4401,Benchmark High School,GPU CPU Timing Test,1000004401
Benchmark Student 4402,Benchmark High School,GPU CPU Timing Test,1000004402
Benchmark Student 4403,Benchmark High School,GPU CPU Timing Test,1000004403
Benchmark Student 4404,Benchmark High School,GPU CPU Timing Test,1000004404
Benchmark Student 4405,Benchmark High School,GPU CPU Timing Test,1000004405
Benchmark Student 4406,Benchmark High School,GPU CPU Timing Test,1000004406
Benchmark Student 4407,Benchmark High School,GPU CPU Timing Test,1000004407
Benchmark Student 4408,Benchmark High School,GPU CPU Timing Test,1000004408
Benchmark Student 4409,Benchmark High School,GPU CPU Timing Test,1000004409
Benchmark Student 4410,Benchmark High School,GPU CPU Timing Test,1000004410
Benchmark Student 4411,Benchmark High School,GPU CPU Timing Test,1000004411
Benchmark Student 4412,Benchmark High School,GPU CPU Timing Test,1000004412
Benchmark Student 4413,Benchmark High School,GPU CPU Timing Test,1000004413
Benchmark Student 4414,Benchmark High School,GPU CPU Timing Test,1000004414
Benchmark Student 4415,Benchmark High School,GPU CPU Timing Test,1000004415
Benchmark Student 4416,Benchmark High School,GPU CPU Timing Test,1000004416
Benchmark Student 4417,Benchmark High School,GPU CPU Timing Test,1000004417
Benchmark Student 4418,Benchmark High School,GPU CPU Timing Test,1000004418
Benchmark Student 4419,Benchmark High School,GPU CPU Timing Test,1000004419
Benchmark Student 4420,Benchmark High School,GPU CPU Timing Test,1000004420
Benchmark Student 4421,Benchmark High School,GPU CPU Timing Test,1000004421
Benchmark Student 4422,Benchmark High School,GPU CPU Timing Test,1000004422
Benchmark Student 4423,Benchmark High School,GPU CPU Timing Test,1000004423
Benchmark Student 4424,Benchmark High School,GPU CPU Timing Test,1000004424
Benchmark Student 4425,Benchmark High School,GPU CPU Timing Test,1000004425
Benchmark Student 4426,Benchmark High School,GPU CPU Timing Test,1000004426
Benchmark Student 4427,Benchmark High School,GPU CPU Timing Test,1000004427
Benchmark Student 4428,Benchmark High School,GPU CPU Timing Test,1000004428
Benchmark Student 4429,Benchmark High School,GPU CPU Timing Test,1000004429
Benchmark Student 4430,Benchmark High School,GPU CPU Timing Test,1000004430
Benchmark Student 4431,Benchmark High School,GPU CPU Timing Test,1000004431
Benchmark Student 4432,Benchmark High School,GPU CPU Timing Test,1000004432
Benchmark Student 4433,Benchmark High School,GPU CPU Timing Test,1000004433
Benchmark Student 4434,Benchmark High School,GPU CPU Timing Test,1000004434
Benchmark Student 4435,Benchmark High School,GPU CPU Timing Test,1000004435
Benchmark Student 4436,Benchmark High School,GPU CPU Timing Test,1000004436
Benchmark Student 4437,Benchmark High School,GPU CPU Timing Test,1000004437
Benchmark Student 4438,Benchmark High School,GPU CPU Timing Test,1000004438
Benchmark Student 4439,Benchmark High School,GPU CPU Timing Test,1000004439
Benchmark Student 4440,Benchmark High School,GPU CPU Timing Test,1000004440
Benchmark Student 4441,Benchmark High School,GPU CPU Timing Test,1000004441
Benchmark Student 4442,Benchmark High School,GPU CPU Timing Test,1000004442
Benchmark Student 4443,Benchmark High School,GPU CPU Timing Test,1000004443
Benchmark Student 4444,Benchmark High School,GPU CPU Timing Test,1000004444
Benchmark Student 4445,Benchmark High School,GPU CPU Timing Test,1000004445
Benchmark Student 4446,Benchmark High School,GPU CPU Timing Test,1000004446
Benchmark Student 4447,Benchmark High School,GPU CPU Timing Test,1000004447
Benchmark Student 4448,Benchmark High School,GPU CPU Timing Test,1000004448
Benchmark Student 4449,Benchmark High School,GPU CPU Timing Test,1000004449
Benchmark Student 4450,Benchmark High School,GPU CPU Timing Test,1000004450
Benchmark Student 4451,Benchmark High School,GPU CPU Timing Test,1000004451
Benchmark Student 4452,Benchmark High School,GPU CPU Timing Test,1000004452
Benchmark Student 4453,Benchmark High School,GPU CPU Timing Test,1000004453
Benchmark Student 4454,Benchmark High School,GPU CPU Timing Test,1000004454
Benchmark Student 4455,Benchmark High School,GPU CPU Timing Test,1000004455
Benchmark Student 4456,Benchmark High School,GPU CPU Timing Test,1000004456
Benchmark Student 4457,Benchmark High School,GPU CPU Timing Test,1000004457
Benchmark Student 4458,Benchmark High School,GPU CPU Timing Test,1000004458
Benchmark Student 4459,Benchmark High School,GPU CPU Timing Test,1000004459
Benchmark Student 4460,Benchmark High School,GPU CPU Timing Test,1000004460
Benchmark Student 4461,Benchmark High School,GPU CPU Timing Test,1000004461
Benchmark Student 4462,Benchmark High School,GPU CPU Timing Test,1000004462
Benchmark Student 4463,Benchmark High School,GPU CPU Timing Test,1000004463
Benchmark Student 4464,Benchmark High School,GPU CPU Timing Test,1000004464
Benchmark Student 4465,Benchmark High School,GPU CPU Timing Test,1000004465
Benchmark Student 4466,Benchmark High School,GPU CPU Timing Test,1000004466
Benchmark Student 4467,Benchmark High School,GPU CPU Timing Test,1000004467
Benchmark Student 4468,Benchmark High School,GPU CPU Timing Test,1000004468
Benchmark Student 4469,Benchmark High School,GPU CPU Timing Test,1000004469
Benchmark Student 4470,Benchmark High School,GPU CPU Timing Test,1000004470
Benchmark Student 4471,Benchmark High School,GPU CPU Timing Test,1000004471
Benchmark Student 4472,Benchmark High School,GPU CPU Timing Test,1000004472
Benchmark Student 4473,Benchmark High School,GPU CPU Timing Test,1000004473
Benchmark Student 4474,Benchmark High School,GPU CPU Timing Test,1000004474
Benchmark Student 4475,Benchmark High School,GPU CPU Timing Test,1000004475
Benchmark Student 4476,Benchmark High School,GPU CPU Timing Test,1000004476
Benchmark Student 4477,Benchmark High School,GPU CPU Timing Test,1000004477
Benchmark Student 4478,Benchmark High School,GPU CPU Timing Test,1000004478
Benchmark Student 4479,Benchmark High School,GPU CPU Timing Test,1000004479
Benchmark Student 4480,Benchmark High School,GPU CPU Timing Test,1000004480
Benchmark Student 4481,Benchmark High School,GPU CPU Timing Test,1000004481
Benchmark Student 4482,Benchmark High School,GPU CPU Timing Test,1000004482
Benchmark Student 4483,Benchmark High School,GPU CPU Timing Test,1000004483
Benchmark Student 4484,Benchmark High School,GPU CPU Timing Test,1000004484
Benchmark Student 4485,Benchmark High School,GPU CPU Timing Test,1000004485
Benchmark Student 4486,Benchmark High School,GPU CPU Timing Test,1000004486
Benchmark Student 4487,Benchmark High School,GPU CPU Timing Test,1000004487
Benchmark Student 4488,Benchmark High School,GPU CPU Timing Test,1000004488
Benchmark Student 4489,Benchmark High School,GPU CPU Timing Test,1000004489
Benchmark Student 4490,Benchmark High School,GPU CPU Timing Test,1000004490
Benchmark Student 4491,Benchmark High School,GPU CPU Timing Test,1000004491
Benchmark Student 4492,Benchmark High School,GPU CPU Timing Test,1000004492
Benchmark Student 4493,Benchmark High School,GPU CPU Timing Test,1000004493
Benchmark Student 4494,Benchmark High School,GPU CPU Timing Test,1000004494
Benchmark Student 4495,Benchmark High School,GPU CPU Timing Test,1000004495
Benchmark Student 4496,Benchmark High School,GPU CPU Timing Test,1000004496
Benchmark Student 4497,Benchmark High School,GPU CPU Timing Test,1000004497
Benchmark Student 4498,Benchmark High School,GPU CPU Timing Test,1000004498
Benchmark Student 4499,Benchmark High School,GPU CPU Timing Test,1000004499
Benchmark Student 4500,Benchmark High School,GPU CPU Timing Test,1000004500
Benchmark Student 4501,Benchmark High School,GPU CPU Timing Test,1000004501
Benchmark Student 4502,Benchmark High School,GPU CPU Timing Test,1000004502
Benchmark Student 4503,Benchmark High School,GPU CPU Timing Test,1000004503
Benchmark Student 4504,Benchmark High School,GPU CPU Timing Test,1000004504
Benchmark Student 4505,Benchmark High School,GPU CPU Timing Test,1000004505
Benchmark Student 4506,Benchmark High School,GPU CPU Timing Test,1000004506
Benchmark Student 4507,Benchmark High School,GPU CPU Timing Test,1000004507
Benchmark Student 4508,Benchmark High School,GPU CPU Timing Test,1000004508
Benchmark Student 4509,Benchmark High School,GPU CPU Timing Test,1000004509
Benchmark Student 4510,Benchmark High School,GPU CPU Timing Test,1000004510
Benchmark Student 4511,Benchmark High School,GPU CPU Timing Test,1000004511
Benchmark Student 4512,Benchmark High School,GPU CPU Timing Test,1000004512
Benchmark Student 4513,Benchmark High School,GPU CPU Timing Test,1000004513
Benchmark Student 4514,Benchmark High School,GPU CPU Timing Test,1000004514
Benchmark Student 4515,Benchmark High School,GPU CPU Timing Test,1000004515
Benchmark Student 4516,Benchmark High School,GPU CPU Timing Test,1000004516
Benchmark Student 4517,Benchmark High School,GPU CPU Timing Test,1000004517
Benchmark Student 4518,Benchmark High School,GPU CPU Timing Test,1000004518
Benchmark Student 4519,Benchmark High School,GPU CPU Timing Test,1000004519
Benchmark Student 4520,Benchmark High School,GPU CPU Timing Test,1000004520
Benchmark Student 4521,Benchmark High School,GPU CPU Timing Test,1000004521
Benchmark Student 4522,Benchmark High School,GPU CPU Timing Test,1000004522
Benchmark Student 4523,Benchmark High School,GPU CPU Timing Test,1000004523
Benchmark Student 4524,Benchmark High School,GPU CPU Timing Test,1000004524
Benchmark Student 4525,Benchmark High School,GPU CPU Timing Test,1000004525
Benchmark Student 4526,Benchmark High School,GPU CPU Timing Test,1000004526
Benchmark Student 4527,Benchmark High School,GPU CPU Timing Test,1000004527
Benchmark Student 4528,Benchmark High School,GPU CPU Timing Test,1000004528
Benchmark Student 4529,Benchmark High School,GPU CPU Timing Test,1000004529
Benchmark Student 4530,Benchmark High School,GPU CPU Timing Test,1000004530
Benchmark Student 4531,Benchmark High School,GPU CPU Timing Test,1000004531
Benchmark Student 4532,Benchmark High School,GPU CPU Timing Test,1000004532
Benchmark Student 4533,Benchmark High School,GPU CPU Timing Test,1000004533
Benchmark Student 4534,Benchmark High School,GPU CPU Timing Test,1000004534
Benchmark Student 4535,Benchmark High School,GPU CPU Timing Test,1000004535
Benchmark Student 4536,Benchmark High School,GPU CPU Timing Test,1000004536
Benchmark Student 4537,Benchmark High School,GPU CPU Timing Test,1000004537
Benchmark Student 4538,Benchmark High School,GPU CPU Timing Test,1000004538
Benchmark Student 4539,Benchmark High School,GPU CPU Timing Test,1000004539
Benchmark Student 4540,Benchmark High School,GPU CPU Timing Test,1000004540
Benchmark Student 4541,Benchmark High School,GPU CPU Timing Test,1000004541
Benchmark Student 4542,Benchmark High School,GPU CPU Timing Test,1000004542
Benchmark Student 4543,Benchmark High School,GPU CPU Timing Test,1000004543
Benchmark Student 4544,Benchmark High School,GPU CPU Timing Test,1000004544
Benchmark Student 4545,Benchmark High School,GPU CPU Timing Test,1000004545
Benchmark Student 4546,Benchmark High School,GPU CPU Timing Test,1000004546
Benchmark Student 4547,Benchmark High School,GPU CPU Timing Test,1000004547
Benchmark Student 4548,Benchmark High School,GPU CPU Timing Test,1000004548
Benchmark Student 4549,Benchmark High School,GPU CPU Timing Test,1000004549
Benchmark Student 4550,Benchmark High School,GPU CPU Timing Test,1000004550
Benchmark Student 4551,Benchmark High School,GPU CPU Timing Test,1000004551
Benchmark Student 4552,Benchmark High School,GPU CPU Timing Test,1000004552
Benchmark Student 4553,Benchmark High School,GPU CPU Timing Test,1000004553
Benchmark Student 4554,Benchmark High School,GPU CPU Timing Test,1000004554
Benchmark Student 4555,Benchmark High School,GPU CPU Timing Test,1000004555
Benchmark Student 4556,Benchmark High School,GPU CPU Timing Test,1000004556
Benchmark Student 4557,Benchmark High School,GPU CPU Timing Test,1000004557
Benchmark Student 4558,Benchmark High School,GPU CPU Timing Test,1000004558
Benchmark Student 4559,Benchmark High School,GPU CPU Timing Test,1000004559
Benchmark Student 4560,Benchmark High School,GPU CPU Timing Test,1000004560
Benchmark Student 4561,Benchmark High School,GPU CPU Timing Test,1000004561
Benchmark Student 4562,Benchmark High School,GPU CPU Timing Test,1000004562
Benchmark Student 4563,Benchmark High School,GPU CPU Timing Test,1000004563
Benchmark Student 4564,Benchmark High School,GPU CPU Timing Test,1000004564
Benchmark Student 4565,Benchmark High School,GPU CPU Timing Test,1000004565
Benchmark Student 4566,Benchmark High School,GPU CPU Timing Test,1000004566
Benchmark Student 4567,Benchmark High School,GPU CPU Timing Test,1000004567
Benchmark Student 4568,Benchmark High School,GPU CPU Timing Test,1000004568
Benchmark Student 4569,Benchmark High School,GPU CPU Timing Test,1000004569
Benchmark Student 4570,Benchmark High School,GPU CPU Timing Test,1000004570
Benchmark Student 4571,Benchmark High School,GPU CPU Timing Test,1000004571
Benchmark Student 4572,Benchmark High School,GPU CPU Timing Test,1000004572
Benchmark Student 4573,Benchmark High School,GPU CPU Timing Test,1000004573
Benchmark Student 4574,Benchmark High School,GPU CPU Timing Test,1000004574
Benchmark Student 4575,Benchmark High School,GPU CPU Timing Test,1000004575
Benchmark Student 4576,Benchmark High School,GPU CPU Timing Test,1000004576
Benchmark Student 4577,Benchmark High School,GPU CPU Timing Test,1000004577
Benchmark Student 4578,Benchmark High School,GPU CPU Timing Test,1000004578
Benchmark Student 4579,Benchmark High School,GPU CPU Timing Test,1000004579
Benchmark Student 4580,Benchmark High School,GPU CPU Timing Test,1000004580
Benchmark Student 4581,Benchmark High School,GPU CPU Timing Test,1000004581
Benchmark Student 4582,Benchmark High School,GPU CPU Timing Test,1000004582
Benchmark Student 4583,Benchmark High School,GPU CPU Timing Test,1000004583
Benchmark Student 4584,Benchmark High School,GPU CPU Timing Test,1000004584
Benchmark Student 4585,Benchmark High School,GPU CPU Timing Test,1000004585
Benchmark Student 4586,Benchmark High School,GPU CPU Timing Test,1000004586
Benchmark Student 4587,Benchmark High School,GPU CPU Timing Test,1000004587
Benchmark Student 4588,Benchmark High School,GPU CPU Timing Test,1000004588
Benchmark Student 4589,Benchmark High School,GPU CPU Timing Test,1000004589
Benchmark Student 4590,Benchmark High School,GPU CPU Timing Test,1000004590
Benchmark Student 4591,Benchmark High School,GPU CPU Timing Test,1000004591
Benchmark Student 4592,Benchmark High School,GPU CPU Timing Test,1000004592
Benchmark Student 4593,Benchmark High School,GPU CPU Timing Test,1000004593
Benchmark Student 4594,Benchmark High School,GPU CPU Timing Test,1000004594
Benchmark Student 4595,Benchmark High School,GPU CPU Timing Test,1000004595
Benchmark Student 4596,Benchmark High School,GPU CPU Timing Test,1000004596
Benchmark Student 4597,Benchmark High School,GPU CPU Timing Test,1000004597
Benchmark Student 4598,Benchmark High School,GPU CPU Timing Test,1000004598
Benchmark Student 4599,Benchmark High School,GPU CPU Timing Test,1000004599
Benchmark Student 4600,Benchmark High School,GPU CPU Timing Test,1000004600
Benchmark Student 4601,Benchmark High School,GPU CPU Timing Test,1000004601
Benchmark Student 4602,Benchmark High School,GPU CPU Timing Test,1000004602
Benchmark Student 4603,Benchmark High School,GPU CPU Timing Test,1000004603
Benchmark Student 4604,Benchmark High School,GPU CPU Timing Test,1000004604
Benchmark Student 4605,Benchmark High School,GPU CPU Timing Test,1000004605
Benchmark Student 4606,Benchmark High School,GPU CPU Timing Test,1000004606
Benchmark Student 4607,Benchmark High School,GPU CPU Timing Test,1000004607
Benchmark Student 4608,Benchmark High School,GPU CPU Timing Test,1000004608
Benchmark Student 4609,Benchmark High School,GPU CPU Timing Test,1000004609
Benchmark Student 4610,Benchmark High School,GPU CPU Timing Test,1000004610
Benchmark Student 4611,Benchmark High School,GPU CPU Timing Test,1000004611
Benchmark Student 4612,Benchmark High School,GPU CPU Timing Test,1000004612
Benchmark Student 4613,Benchmark High School,GPU CPU Timing Test,1000004613
Benchmark Student 4614,Benchmark High School,GPU CPU Timing Test,1000004614
Benchmark Student 4615,Benchmark High School,GPU CPU Timing Test,1000004615
Benchmark Student 4616,Benchmark High School,GPU CPU Timing Test,1000004616
Benchmark Student 4617,Benchmark High School,GPU CPU Timing Test,1000004617
Benchmark Student 4618,Benchmark High School,GPU CPU Timing Test,1000004618
Benchmark Student 4619,Benchmark High School,GPU CPU Timing Test,1000004619
Benchmark Student 4620,Benchmark High School,GPU CPU Timing Test,1000004620
Benchmark Student 4621,Benchmark High School,GPU CPU Timing Test,1000004621
Benchmark Student 4622,Benchmark High School,GPU CPU Timing Test,1000004622
Benchmark Student 4623,Benchmark High School,GPU CPU Timing Test,1000004623
Benchmark Student 4624,Benchmark High School,GPU CPU Timing Test,1000004624
Benchmark Student 4625,Benchmark High School,GPU CPU Timing Test,1000004625
Benchmark Student 4626,Benchmark High School,GPU CPU Timing Test,1000004626
Benchmark Student 4627,Benchmark High School,GPU CPU Timing Test,1000004627
Benchmark Student 4628,Benchmark High School,GPU CPU Timing Test,1000004628
Benchmark Student 4629,Benchmark High School,GPU CPU Timing Test,1000004629
Benchmark Student 4630,Benchmark High School,GPU CPU Timing Test,1000004630
Benchmark Student 4631,Benchmark High School,GPU CPU Timing Test,1000004631
Benchmark Student 4632,Benchmark High School,GPU CPU Timing Test,1000004632
Benchmark Student 4633,Benchmark High School,GPU CPU Timing Test,1000004633
Benchmark Student 4634,Benchmark High School,GPU CPU Timing Test,1000004634
Benchmark Student 4635,Benchmark High School,GPU CPU Timing Test,1000004635
Benchmark Student 4636,Benchmark High School,GPU CPU Timing Test,1000004636
Benchmark Student 4637,Benchmark High School,GPU CPU Timing Test,1000004637
Benchmark Student 4638,Benchmark High School,GPU CPU Timing Test,1000004638
Benchmark Student 4639,Benchmark High School,GPU CPU Timing Test,1000004639
Benchmark Student 4640,Benchmark High School,GPU CPU Timing Test,1000004640
Benchmark Student 4641,Benchmark High School,GPU CPU Timing Test,1000004641
Benchmark Student 4642,Benchmark High School,GPU CPU Timing Test,1000004642
Benchmark Student 4643,Benchmark High School,GPU CPU Timing Test,1000004643
Benchmark Student 4644,Benchmark High School,GPU CPU Timing Test,1000004644
Benchmark Student 4645,Benchmark High School,GPU CPU Timing Test,1000004645
Benchmark Student 4646,Benchmark High School,GPU CPU Timing Test,1000004646
Benchmark Student 4647,Benchmark High School,GPU CPU Timing Test,1000004647
Benchmark Student 4648,Benchmark High School,GPU CPU Timing Test,1000004648
Benchmark Student 4649,Benchmark High School,GPU CPU Timing Test,1000004649
Benchmark Student 4650,Benchmark High School,GPU CPU Timing Test,1000004650
Benchmark Student 4651,Benchmark High School,GPU CPU Timing Test,1000004651
Benchmark Student 4652,Benchmark High School,GPU CPU Timing Test,1000004652
Benchmark Student 4653,Benchmark High School,GPU CPU Timing Test,1000004653
Benchmark Student 4654,Benchmark High School,GPU CPU Timing Test,1000004654
Benchmark Student 4655,Benchmark High School,GPU CPU Timing Test,1000004655
Benchmark Student 4656,Benchmark High School,GPU CPU Timing Test,1000004656
Benchmark Student 4657,Benchmark High School,GPU CPU Timing Test,1000004657
Benchmark Student 4658,Benchmark High School,GPU CPU Timing Test,1000004658
Benchmark Student 4659,Benchmark High School,GPU CPU Timing Test,1000004659
Benchmark Student 4660,Benchmark High School,GPU CPU Timing Test,1000004660
Benchmark Student 4661,Benchmark High School,GPU CPU Timing Test,1000004661
Benchmark Student 4662,Benchmark High School,GPU CPU Timing Test,1000004662
Benchmark Student 4663,Benchmark High School,GPU CPU Timing Test,1000004663
Benchmark Student 4664,Benchmark High School,GPU CPU Timing Test,1000004664
Benchmark Student 4665,Benchmark High School,GPU CPU Timing Test,1000004665
Benchmark Student 4666,Benchmark High School,GPU CPU Timing Test,1000004666
Benchmark Student 4667,Benchmark High School,GPU CPU Timing Test,1000004667
Benchmark Student 4668,Benchmark High School,GPU CPU Timing Test,1000004668
Benchmark Student 4669,Benchmark High School,GPU CPU Timing Test,1000004669
Benchmark Student 4670,Benchmark High School,GPU CPU Timing Test,1000004670
Benchmark Student 4671,Benchmark High School,GPU CPU Timing Test,1000004671
Benchmark Student 4672,Benchmark High School,GPU CPU Timing Test,1000004672
Benchmark Student 4673,Benchmark High School,GPU CPU Timing Test,1000004673
Benchmark Student 4674,Benchmark High School,GPU CPU Timing Test,1000004674
Benchmark Student 4675,Benchmark High School,GPU CPU Timing Test,1000004675
Benchmark Student 4676,Benchmark High School,GPU CPU Timing Test,1000004676
Benchmark Student 4677,Benchmark High School,GPU CPU Timing Test,1000004677
Benchmark Student 4678,Benchmark High School,GPU CPU Timing Test,1000004678
Benchmark Student 4679,Benchmark High School,GPU CPU Timing Test,1000004679
Benchmark Student 4680,Benchmark High School,GPU CPU Timing Test,1000004680
Benchmark Student 4681,Benchmark High School,GPU CPU Timing Test,1000004681
Benchmark Student 4682,Benchmark High School,GPU CPU Timing Test,1000004682
Benchmark Student 4683,Benchmark High School,GPU CPU Timing Test,1000004683
Benchmark Student 4684,Benchmark High School,GPU CPU Timing Test,1000004684
Benchmark Student 4685,Benchmark High School,GPU CPU Timing Test,1000004685
Benchmark Student 4686,Benchmark High School,GPU CPU Timing Test,1000004686
Benchmark Student 4687,Benchmark High School,GPU CPU Timing Test,1000004687
Benchmark Student 4688,Benchmark High School,GPU CPU Timing Test,1000004688
Benchmark Student 4689,Benchmark High School,GPU CPU Timing Test,1000004689
Benchmark Student 4690,Benchmark High School,GPU CPU Timing Test,1000004690
Benchmark Student 4691,Benchmark High School,GPU CPU Timing Test,1000004691
Benchmark Student 4692,Benchmark High School,GPU CPU Timing Test,1000004692
Benchmark Student 4693,Benchmark High School,GPU CPU Timing Test,1000004693
Benchmark Student 4694,Benchmark High School,GPU CPU Timing Test,1000004694
Benchmark Student 4695,Benchmark High School,GPU CPU Timing Test,1000004695
Benchmark Student 4696,Benchmark High School,GPU CPU Timing Test,1000004696
Benchmark Student 4697,Benchmark High School,GPU CPU Timing Test,1000004697
Benchmark Student 4698,Benchmark High School,GPU CPU Timing Test,1000004698
Benchmark Student 4699,Benchmark High School,GPU CPU Timing Test,1000004699
Benchmark Student 4700,Benchmark High School,GPU CPU Timing Test,1000004700
Benchmark Student 4701,Benchmark High School,GPU CPU Timing Test,1000004701
Benchmark Student 4702,Benchmark High School,GPU CPU Timing Test,1000004702
Benchmark Student 4703,Benchmark High School,GPU CPU Timing Test,1000004703
Benchmark Student 4704,Benchmark High School,GPU CPU Timing Test,1000004704
Benchmark Student 4705,Benchmark High School,GPU CPU Timing Test,1000004705
Benchmark Student 4706,Benchmark High School,GPU CPU Timing Test,1000004706
Benchmark Student 4707,Benchmark High School,GPU CPU Timing Test,1000004707
Benchmark Student 4708,Benchmark High School,GPU CPU Timing Test,1000004708
Benchmark Student 4709,Benchmark High School,GPU CPU Timing Test,1000004709
Benchmark Student 4710,Benchmark High School,GPU CPU Timing Test,1000004710
Benchmark Student 4711,Benchmark High School,GPU CPU Timing Test,1000004711
Benchmark Student 4712,Benchmark High School,GPU CPU Timing Test,1000004712
Benchmark Student 4713,Benchmark High School,GPU CPU Timing Test,1000004713
Benchmark Student 4714,Benchmark High School,GPU CPU Timing Test,1000004714
Benchmark Student 4715,Benchmark High School,GPU CPU Timing Test,1000004715
Benchmark Student 4716,Benchmark High School,GPU CPU Timing Test,1000004716
Benchmark Student 4717,Benchmark High School,GPU CPU Timing Test,1000004717
Benchmark Student 4718,Benchmark High School,GPU CPU Timing Test,1000004718
Benchmark Student 4719,Benchmark High School,GPU CPU Timing Test,1000004719
Benchmark Student 4720,Benchmark High School,GPU CPU Timing Test,1000004720
Benchmark Student 4721,Benchmark High School,GPU CPU Timing Test,1000004721
Benchmark Student 4722,Benchmark High School,GPU CPU Timing Test,1000004722
Benchmark Student 4723,Benchmark High School,GPU CPU Timing Test,1000004723
Benchmark Student 4724,Benchmark High School,GPU CPU Timing Test,1000004724
Benchmark Student 4725,Benchmark High School,GPU CPU Timing Test,1000004725
Benchmark Student 4726,Benchmark High School,GPU CPU Timing Test,1000004726
Benchmark Student 4727,Benchmark High School,GPU CPU Timing Test,1000004727
Benchmark Student 4728,Benchmark High School,GPU CPU Timing Test,1000004728
Benchmark Student 4729,Benchmark High School,GPU CPU Timing Test,1000004729
Benchmark Student 4730,Benchmark High School,GPU CPU Timing Test,1000004730
Benchmark Student 4731,Benchmark High School,GPU CPU Timing Test,1000004731
Benchmark Student 4732,Benchmark High School,GPU CPU Timing Test,1000004732
Benchmark Student 4733,Benchmark High School,GPU CPU Timing Test,1000004733
Benchmark Student 4734,Benchmark High School,GPU CPU Timing Test,1000004734
Benchmark Student 4735,Benchmark High School,GPU CPU Timing Test,1000004735
Benchmark Student 4736,Benchmark High School,GPU CPU Timing Test,1000004736
Benchmark Student 4737,Benchmark High School,GPU CPU Timing Test,1000004737
Benchmark Student 4738,Benchmark High School,GPU CPU Timing Test,1000004738
Benchmark Student 4739,Benchmark High School,GPU CPU Timing Test,1000004739
Benchmark Student 4740,Benchmark High School,GPU CPU Timing Test,1000004740
Benchmark Student 4741,Benchmark High School,GPU CPU Timing Test,1000004741
Benchmark Student 4742,Benchmark High School,GPU CPU Timing Test,1000004742
Benchmark Student 4743,Benchmark High School,GPU CPU Timing Test,1000004743
Benchmark Student 4744,Benchmark High School,GPU CPU Timing Test,1000004744
Benchmark Student 4745,Benchmark High School,GPU CPU Timing Test,1000004745
Benchmark Student 4746,Benchmark High School,GPU CPU Timing Test,1000004746
Benchmark Student 4747,Benchmark High School,GPU CPU Timing Test,1000004747
Benchmark Student 4748,Benchmark High School,GPU CPU Timing Test,1000004748
Benchmark Student 4749,Benchmark High School,GPU CPU Timing Test,1000004749
Benchmark Student 4750,Benchmark High School,GPU CPU Timing Test,1000004750
Benchmark Student 4751,Benchmark High School,GPU CPU Timing Test,1000004751
Benchmark Student 4752,Benchmark High School,GPU CPU Timing Test,1000004752
Benchmark Student 4753,Benchmark High School,GPU CPU Timing Test,1000004753
Benchmark Student 4754,Benchmark High School,GPU CPU Timing Test,1000004754
Benchmark Student 4755,Benchmark High School,GPU CPU Timing Test,1000004755
Benchmark Student 4756,Benchmark High School,GPU CPU Timing Test,1000004756
Benchmark Student 4757,Benchmark High School,GPU CPU Timing Test,1000004757
Benchmark Student 4758,Benchmark High School,GPU CPU Timing Test,1000004758
Benchmark Student 4759,Benchmark High School,GPU CPU Timing Test,1000004759
Benchmark Student 4760,Benchmark High School,GPU CPU Timing Test,1000004760
Benchmark Student 4761,Benchmark High School,GPU CPU Timing Test,1000004761
Benchmark Student 4762,Benchmark High School,GPU CPU Timing Test,1000004762
Benchmark Student 4763,Benchmark High School,GPU CPU Timing Test,1000004763
Benchmark Student 4764,Benchmark High School,GPU CPU Timing Test,1000004764
Benchmark Student 4765,Benchmark High School,GPU CPU Timing Test,1000004765
Benchmark Student 4766,Benchmark High School,GPU CPU Timing Test,1000004766
Benchmark Student 4767,Benchmark High School,GPU CPU Timing Test,1000004767
Benchmark Student 4768,Benchmark High School,GPU CPU Timing Test,1000004768
Benchmark Student 4769,Benchmark High School,GPU CPU Timing Test,1000004769
Benchmark Student 4770,Benchmark High School,GPU CPU Timing Test,1000004770
Benchmark Student 4771,Benchmark High School,GPU CPU Timing Test,1000004771
Benchmark Student 4772,Benchmark High School,GPU CPU Timing Test,1000004772
Benchmark Student 4773,Benchmark High School,GPU CPU Timing Test,1000004773
Benchmark Student 4774,Benchmark High School,GPU CPU Timing Test,1000004774
Benchmark Student 4775,Benchmark High School,GPU CPU Timing Test,1000004775
Benchmark Student 4776,Benchmark High School,GPU CPU Timing Test,1000004776
Benchmark Student 4777,Benchmark High School,GPU CPU Timing Test,1000004777
Benchmark Student 4778,Benchmark High School,GPU CPU Timing Test,1000004778
Benchmark Student 4779,Benchmark High School,GPU CPU Timing Test,1000004779
Benchmark Student 4780,Benchmark High School,GPU CPU Timing Test,1000004780
Benchmark Student 4781,Benchmark High School,GPU CPU Timing Test,1000004781
Benchmark Student 4782,Benchmark High School,GPU CPU Timing Test,1000004782
Benchmark Student 4783,Benchmark High School,GPU CPU Timing Test,1000004783
Benchmark Student 4784,Benchmark High School,GPU CPU Timing Test,1000004784
Benchmark Student 4785,Benchmark High School,GPU CPU Timing Test,1000004785
Benchmark Student 4786,Benchmark High School,GPU CPU Timing Test,1000004786
Benchmark Student 4787,Benchmark High School,GPU CPU Timing Test,1000004787
Benchmark Student 4788,Benchmark High School,GPU CPU Timing Test,1000004788
Benchmark Student 4789,Benchmark High School,GPU CPU Timing Test,1000004789
Benchmark Student 4790,Benchmark High School,GPU CPU Timing Test,1000004790
Benchmark Student 4791,Benchmark High School,GPU CPU Timing Test,1000004791
Benchmark Student 4792,Benchmark High School,GPU CPU Timing Test,1000004792
Benchmark Student 4793,Benchmark High School,GPU CPU Timing Test,1000004793
Benchmark Student 4794,Benchmark High School,GPU CPU Timing Test,1000004794
Benchmark Student 4795,Benchmark High School,GPU CPU Timing Test,1000004795
Benchmark Student 4796,Benchmark High School,GPU CPU Timing Test,1000004796
Benchmark Student 4797,Benchmark High School,GPU CPU Timing Test,1000004797
Benchmark Student 4798,Benchmark High School,GPU CPU Timing Test,1000004798
Benchmark Student 4799,Benchmark High School,GPU CPU Timing Test,1000004799
Benchmark Student 4800,Benchmark High School,GPU CPU Timing Test,1000004800
Benchmark Student 4801,Benchmark High School,GPU CPU Timing Test,1000004801
Benchmark Student 4802,Benchmark High School,GPU CPU Timing Test,1000004802
Benchmark Student 4803,Benchmark High School,GPU CPU Timing Test,1000004803
Benchmark Student 4804,Benchmark High School,GPU CPU Timing Test,1000004804
Benchmark Student 4805,Benchmark High School,GPU CPU Timing Test,1000004805
Benchmark Student 4806,Benchmark High School,GPU CPU Timing Test,1000004806
Benchmark Student 4807,Benchmark High School,GPU CPU Timing Test,1000004807
Benchmark Student 4808,Benchmark High School,GPU CPU Timing Test,1000004808
Benchmark Student 4809,Benchmark High School,GPU CPU Timing Test,1000004809
Benchmark Student 4810,Benchmark High School,GPU CPU Timing Test,1000004810
Benchmark Student 4811,Benchmark High School,GPU CPU Timing Test,1000004811
Benchmark Student 4812,Benchmark High School,GPU CPU Timing Test,1000004812
Benchmark Student 4813,Benchmark High School,GPU CPU Timing Test,1000004813
Benchmark Student 4814,Benchmark High School,GPU CPU Timing Test,1000004814
Benchmark Student 4815,Benchmark High School,GPU CPU Timing Test,1000004815
Benchmark Student 4816,Benchmark High School,GPU CPU Timing Test,1000004816
Benchmark Student 4817,Benchmark High School,GPU CPU Timing Test,1000004817
Benchmark Student 4818,Benchmark High School,GPU CPU Timing Test,1000004818
Benchmark Student 4819,Benchmark High School,GPU CPU Timing Test,1000004819
Benchmark Student 4820,Benchmark High School,GPU CPU Timing Test,1000004820
Benchmark Student 4821,Benchmark High School,GPU CPU Timing Test,1000004821
Benchmark Student 4822,Benchmark High School,GPU CPU Timing Test,1000004822
Benchmark Student 4823,Benchmark High School,GPU CPU Timing Test,1000004823
Benchmark Student 4824,Benchmark High School,GPU CPU Timing Test,1000004824
Benchmark Student 4825,Benchmark High School,GPU CPU Timing Test,1000004825
Benchmark Student 4826,Benchmark High School,GPU CPU Timing Test,1000004826
Benchmark Student 4827,Benchmark High School,GPU CPU Timing Test,1000004827
Benchmark Student 4828,Benchmark High School,GPU CPU Timing Test,1000004828
Benchmark Student 4829,Benchmark High School,GPU CPU Timing Test,1000004829
Benchmark Student 4830,Benchmark High School,GPU CPU Timing Test,1000004830
Benchmark Student 4831,Benchmark High School,GPU CPU Timing Test,1000004831
Benchmark Student 4832,Benchmark High School,GPU CPU Timing Test,1000004832
Benchmark Student 4833,Benchmark High School,GPU CPU Timing Test,1000004833
Benchmark Student 4834,Benchmark High School,GPU CPU Timing Test,1000004834
Benchmark Student 4835,Benchmark High School,GPU CPU Timing Test,1000004835
Benchmark Student 4836,Benchmark High School,GPU CPU Timing Test,1000004836
Benchmark Student 4837,Benchmark High School,GPU CPU Timing Test,1000004837
Benchmark Student 4838,Benchmark High School,GPU CPU Timing Test,1000004838
Benchmark Student 4839,Benchmark High School,GPU CPU Timing Test,1000004839
Benchmark Student 4840,Benchmark High School,GPU CPU Timing Test,1000004840
Benchmark Student 4841,Benchmark High School,GPU CPU Timing Test,1000004841
Benchmark Student 4842,Benchmark High School,GPU CPU Timing Test,1000004842
Benchmark Student 4843,Benchmark High School,GPU CPU Timing Test,1000004843
Benchmark Student 4844,Benchmark High School,GPU CPU Timing Test,1000004844
Benchmark Student 4845,Benchmark High School,GPU CPU Timing Test,1000004845
Benchmark Student 4846,Benchmark High School,GPU CPU Timing Test,1000004846
Benchmark Student 4847,Benchmark High School,GPU CPU Timing Test,1000004847
Benchmark Student 4848,Benchmark High School,GPU CPU Timing Test,1000004848
Benchmark Student 4849,Benchmark High School,GPU CPU Timing Test,1000004849
Benchmark Student 4850,Benchmark High School,GPU CPU Timing Test,1000004850
Benchmark Student 4851,Benchmark High School,GPU CPU Timing Test,1000004851
Benchmark Student 4852,Benchmark High School,GPU CPU Timing Test,1000004852
Benchmark Student 4853,Benchmark High School,GPU CPU Timing Test,1000004853
Benchmark Student 4854,Benchmark High School,GPU CPU Timing Test,1000004854
Benchmark Student 4855,Benchmark High School,GPU CPU Timing Test,1000004855
Benchmark Student 4856,Benchmark High School,GPU CPU Timing Test,1000004856
Benchmark Student 4857,Benchmark High School,GPU CPU Timing Test,1000004857
Benchmark Student 4858,Benchmark High School,GPU CPU Timing Test,1000004858
Benchmark Student 4859,Benchmark High School,GPU CPU Timing Test,1000004859
Benchmark Student 4860,Benchmark High School,GPU CPU Timing Test,1000004860
Benchmark Student 4861,Benchmark High School,GPU CPU Timing Test,1000004861
Benchmark Student 4862,Benchmark High School,GPU CPU Timing Test,1000004862
Benchmark Student 4863,Benchmark High School,GPU CPU Timing Test,1000004863
Benchmark Student 4864,Benchmark High School,GPU CPU Timing Test,1000004864
Benchmark Student 4865,Benchmark High School,GPU CPU Timing Test,1000004865
Benchmark Student 4866,Benchmark High School,GPU CPU Timing Test,1000004866
Benchmark Student 4867,Benchmark High School,GPU CPU Timing Test,1000004867
Benchmark Student 4868,Benchmark High School,GPU CPU Timing Test,1000004868
Benchmark Student 4869,Benchmark High School,GPU CPU Timing Test,1000004869
Benchmark Student 4870,Benchmark High School,GPU CPU Timing Test,1000004870
Benchmark Student 4871,Benchmark High School,GPU CPU Timing Test,1000004871
Benchmark Student 4872,Benchmark High School,GPU CPU Timing Test,1000004872
Benchmark Student 4873,Benchmark High School,GPU CPU Timing Test,1000004873
Benchmark Student 4874,Benchmark High School,GPU CPU Timing Test,1000004874
Benchmark Student 4875,Benchmark High School,GPU CPU Timing Test,1000004875
Benchmark Student 4876,Benchmark High School,GPU CPU Timing Test,1000004876
Benchmark Student 4877,Benchmark High School,GPU CPU Timing Test,1000004877
Benchmark Student 4878,Benchmark High School,GPU CPU Timing Test,1000004878
Benchmark Student 4879,Benchmark High School,GPU CPU Timing Test,1000004879
Benchmark Student 4880,Benchmark High School,GPU CPU Timing Test,1000004880
Benchmark Student 4881,Benchmark High School,GPU CPU Timing Test,1000004881
Benchmark Student 4882,Benchmark High School,GPU CPU Timing Test,1000004882
Benchmark Student 4883,Benchmark High School,GPU CPU Timing Test,1000004883
Benchmark Student 4884,Benchmark High School,GPU CPU Timing Test,1000004884
Benchmark Student 4885,Benchmark High School,GPU CPU Timing Test,1000004885
Benchmark Student 4886,Benchmark High School,GPU CPU Timing Test,1000004886
Benchmark Student 4887,Benchmark High School,GPU CPU Timing Test,1000004887
Benchmark Student 4888,Benchmark High School,GPU CPU Timing Test,1000004888
Benchmark Student 4889,Benchmark High School,GPU CPU Timing Test,1000004889
Benchmark Student 4890,Benchmark High School,GPU CPU Timing Test,1000004890
Benchmark Student 4891,Benchmark High School,GPU CPU Timing Test,1000004891
Benchmark Student 4892,Benchmark High School,GPU CPU Timing Test,1000004892
Benchmark Student 4893,Benchmark High School,GPU CPU Timing Test,1000004893
Benchmark Student 4894,Benchmark High School,GPU CPU Timing Test,1000004894
Benchmark Student 4895,Benchmark High School,GPU CPU Timing Test,1000004895
Benchmark Student 4896,Benchmark High School,GPU CPU Timing Test,1000004896
Benchmark Student 4897,Benchmark High School,GPU CPU Timing Test,1000004897
Benchmark Student 4898,Benchmark High School,GPU CPU Timing Test,1000004898
Benchmark Student 4899,Benchmark High School,GPU CPU Timing Test,1000004899
Benchmark Student 4900,Benchmark High School,GPU CPU Timing Test,1000004900
Benchmark Student 4901,Benchmark High School,GPU CPU Timing Test,1000004901
Benchmark Student 4902,Benchmark High School,GPU CPU Timing Test,1000004902
Benchmark Student 4903,Benchmark High School,GPU CPU Timing Test,1000004903
Benchmark Student 4904,Benchmark High School,GPU CPU Timing Test,1000004904
Benchmark Student 4905,Benchmark High School,GPU CPU Timing Test,1000004905
Benchmark Student 4906,Benchmark High School,GPU CPU Timing Test,1000004906
Benchmark Student 4907,Benchmark High School,GPU CPU Timing Test,1000004907
Benchmark Student 4908,Benchmark High School,GPU CPU Timing Test,1000004908
Benchmark Student 4909,Benchmark High School,GPU CPU Timing Test,1000004909
Benchmark Student 4910,Benchmark High School,GPU CPU Timing Test,1000004910
Benchmark Student 4911,Benchmark High School,GPU CPU Timing Test,1000004911
Benchmark Student 4912,Benchmark High School,GPU CPU Timing Test,1000004912
Benchmark Student 4913,Benchmark High School,GPU CPU Timing Test,1000004913
Benchmark Student 4914,Benchmark High School,GPU CPU Timing Test,1000004914
Benchmark Student 4915,Benchmark High School,GPU CPU Timing Test,1000004915
Benchmark Student 4916,Benchmark High School,GPU CPU Timing Test,1000004916
Benchmark Student 4917,Benchmark High School,GPU CPU Timing Test,1000004917
Benchmark Student 4918,Benchmark High School,GPU CPU Timing Test,1000004918
Benchmark Student 4919,Benchmark High School,GPU CPU Timing Test,1000004919
Benchmark Student 4920,Benchmark High School,GPU CPU Timing Test,1000004920
Benchmark Student 4921,Benchmark High School,GPU CPU Timing Test,1000004921
Benchmark Student 4922,Benchmark High School,GPU CPU Timing Test,1000004922
Benchmark Student 4923,Benchmark High School,GPU CPU Timing Test,1000004923
Benchmark Student 4924,Benchmark High School,GPU CPU Timing Test,1000004924
Benchmark Student 4925,Benchmark High School,GPU CPU Timing Test,1000004925
Benchmark Student 4926,Benchmark High School,GPU CPU Timing Test,1000004926
Benchmark Student 4927,Benchmark High School,GPU CPU Timing Test,1000004927
Benchmark Student 4928,Benchmark High School,GPU CPU Timing Test,1000004928
Benchmark Student 4929,Benchmark High School,GPU CPU Timing Test,1000004929
Benchmark Student 4930,Benchmark High School,GPU CPU Timing Test,1000004930
Benchmark Student 4931,Benchmark High School,GPU CPU Timing Test,1000004931
Benchmark Student 4932,Benchmark High School,GPU CPU Timing Test,1000004932
Benchmark Student 4933,Benchmark High School,GPU CPU Timing Test,1000004933
Benchmark Student 4934,Benchmark High School,GPU CPU Timing Test,1000004934
Benchmark Student 4935,Benchmark High School,GPU CPU Timing Test,1000004935
Benchmark Student 4936,Benchmark High School,GPU CPU Timing Test,1000004936
Benchmark Student 4937,Benchmark High School,GPU CPU Timing Test,1000004937
Benchmark Student 4938,Benchmark High School,GPU CPU Timing Test,1000004938
Benchmark Student 4939,Benchmark High School,GPU CPU Timing Test,1000004939
Benchmark Student 4940,Benchmark High School,GPU CPU Timing Test,1000004940
Benchmark Student 4941,Benchmark High School,GPU CPU Timing Test,1000004941
Benchmark Student 4942,Benchmark High School,GPU CPU Timing Test,1000004942
Benchmark Student 4943,Benchmark High School,GPU CPU Timing Test,1000004943
Benchmark Student 4944,Benchmark High School,GPU CPU Timing Test,1000004944
Benchmark Student 4945,Benchmark High School,GPU CPU Timing Test,1000004945
Benchmark Student 4946,Benchmark High School,GPU CPU Timing Test,1000004946
Benchmark Student 4947,Benchmark High School,GPU CPU Timing Test,1000004947
Benchmark Student 4948,Benchmark High School,GPU CPU Timing Test,1000004948
Benchmark Student 4949,Benchmark High School,GPU CPU Timing Test,1000004949
Benchmark Student 4950,Benchmark High School,GPU CPU Timing Test,1000004950
Benchmark Student 4951,Benchmark High School,GPU CPU Timing Test,1000004951
Benchmark Student 4952,Benchmark High School,GPU CPU Timing Test,1000004952
Benchmark Student 4953,Benchmark High School,GPU CPU Timing Test,1000004953
Benchmark Student 4954,Benchmark High School,GPU CPU Timing Test,1000004954
Benchmark Student 4955,Benchmark High School,GPU CPU Timing Test,1000004955
Benchmark Student 4956,Benchmark High School,GPU CPU Timing Test,1000004956
Benchmark Student 4957,Benchmark High School,GPU CPU Timing Test,1000004957
Benchmark Student 4958,Benchmark High School,GPU CPU Timing Test,1000004958
Benchmark Student 4959,Benchmark High School,GPU CPU Timing Test,1000004959
Benchmark Student 4960,Benchmark High School,GPU CPU Timing Test,1000004960
Benchmark Student 4961,Benchmark High School,GPU CPU Timing Test,1000004961
Benchmark Student 4962,Benchmark High School,GPU CPU Timing Test,1000004962
Benchmark Student 4963,Benchmark High School,GPU CPU Timing Test,1000004963
Benchmark Student 4964,Benchmark High School,GPU CPU Timing Test,1000004964
Benchmark Student 4965,Benchmark High School,GPU CPU Timing Test,1000004965
Benchmark Student 4966,Benchmark High School,GPU CPU Timing Test,1000004966
Benchmark Student 4967,Benchmark High School,GPU CPU Timing Test,1000004967
Benchmark Student 4968,Benchmark High School,GPU CPU Timing Test,1000004968
Benchmark Student 4969,Benchmark High School,GPU CPU Timing Test,1000004969
Benchmark Student 4970,Benchmark High School,GPU CPU Timing Test,1000004970
Benchmark Student 4971,Benchmark High School,GPU CPU Timing Test,1000004971
Benchmark Student 4972,Benchmark High School,GPU CPU Timing Test,1000004972
Benchmark Student 4973,Benchmark High School,GPU CPU Timing Test,1000004973
Benchmark Student 4974,Benchmark High School,GPU CPU Timing Test,1000004974
Benchmark Student 4975,Benchmark High School,GPU CPU Timing Test,1000004975
Benchmark Student 4976,Benchmark High School,GPU CPU Timing Test,1000004976
Benchmark Student 4977,Benchmark High School,GPU CPU Timing Test,1000004977
Benchmark Student 4978,Benchmark High School,GPU CPU Timing Test,1000004978
Benchmark Student 4979,Benchmark High School,GPU CPU Timing Test,1000004979
Benchmark Student 4980,Benchmark High School,GPU CPU Timing Test,1000004980
Benchmark Student 4981,Benchmark High School,GPU CPU Timing Test,1000004981
Benchmark Student 4982,Benchmark High School,GPU CPU Timing Test,1000004982
Benchmark Student 4983,Benchmark High School,GPU CPU Timing Test,1000004983
Benchmark Student 4984,Benchmark High School,GPU CPU Timing Test,1000004984
Benchmark Student 4985,Benchmark High School,GPU CPU Timing Test,1000004985
Benchmark Student 4986,Benchmark High School,GPU CPU Timing Test,1000004986
Benchmark Student 4987,Benchmark High School,GPU CPU Timing Test,1000004987
Benchmark Student 4988,Benchmark High School,GPU CPU Timing Test,1000004988
Benchmark Student 4989,Benchmark High School,GPU CPU Timing Test,1000004989
Benchmark Student 4990,Benchmark High School,GPU CPU Timing Test,1000004990
Benchmark Student 4991,Benchmark High School,GPU CPU Timing Test,1000004991
Benchmark Student 4992,Benchmark High School,GPU CPU Timing Test,1000004992
Benchmark Student 4993,Benchmark High School,GPU CPU Timing Test,1000004993
Benchmark Student 4994,Benchmark High School,GPU CPU Timing Test,1000004994
Benchmark Student 4995,Benchmark High School,GPU CPU Timing Test,1000004995
Benchmark Student 4996,Benchmark High School,GPU CPU Timing Test,1000004996
Benchmark Student 4997,Benchmark High School,GPU CPU Timing Test,1000004997
Benchmark Student 4998,Benchmark High School,GPU CPU Timing Test,1000004998
Benchmark Student 4999,Benchmark High School,GPU CPU Timing Test,1000004999
